match_id,match_time,bo,team1_id,team1,team2_id,team2,event_id,event_name,event_logo,event_start_time,event_end_time,score1,score2,status
csgo_mc_2393379,2026-04-21 21:45:00,3,hltv_team_13714,Donstu,csgo_tm_9735,Lilmix,csgo_tt_9139, CCT 2026 挑战者 欧洲 第1季,https://oss.5eplay.com/cloudx/p/sport/csgo/tournament/d7hdg6cconkpudhr49tg.png,2026-04-18 00:00:00,2026-04-26 23:59:59,0,0,1
csgo_mc_2393380,2026-04-21 21:45:00,3,hltv_team_13568,eLITenergy,csgo_tm_6089,TLR,csgo_tt_9139, CCT 2026 挑战者 欧洲 第1季,https://oss.5eplay.com/cloudx/p/sport/csgo/tournament/d7hdg6cconkpudhr49tg.png,2026-04-18 00:00:00,2026-04-26 23:59:59,0,0,1
csgo_mc_2393187,2026-04-21 22:00:00,3,hltv_team_12818,FT,hltv_team_12609,Lavked,csgo_tt_9120,NODWIN Clutch 系列 7,https://oss.5eplay.com/cloudx/p/sport/csgo/tournament/d3aacfcconkqbk3bnqo0.png,2026-04-14 00:00:00,2026-04-28 06:00:00,0,0,0
csgo_mc_2393303,2026-04-21 23:00:00,3,hltv_team_13314,KOLESIE,hltv_team_12474,Alliance,csgo_tt_9132,Tipsport 征服布拉格 2026,https://oss.5eplay.com/cloudx/p/sport/csgo/tournament/d7bheo4conkpudhr3rs0.png,2026-04-12 00:00:00,2026-04-29 23:59:59,0,0,0
csgo_mc_2393305,2026-04-22 01:30:00,3,csgo_tm_4991,FNC,hltv_team_13741,Qual4,csgo_tt_9132,Tipsport 征服布拉格 2026,https://oss.5eplay.com/cloudx/p/sport/csgo/tournament/d7bheo4conkpudhr3rs0.png,2026-04-12 00:00:00,2026-04-29 23:59:59,0,0,0
csgo_mc_2393188,2026-04-22 16:00:00,3,,TBD,,TBD,csgo_tt_9120,NODWIN Clutch 系列 7,https://oss.5eplay.com/cloudx/p/sport/csgo/tournament/d3aacfcconkqbk3bnqo0.png,2026-04-14 00:00:00,2026-04-28 06:00:00,0,0,0
cg_mc_manual_2027,2026-04-22 18:00:00,1,cg_tm_sf5e_dict_135542,jzxsports,cg_tm_manual_237,Kz5,cg_tt_20260420121525kkrn4,5E青藤联赛S1,https://oss.5eplay.com/cloudx/p/sport/csgo/tournament/d7iqg3sconkpudhr4bq0.png,2026-04-20 00:00:00,2026-04-26 23:59:59,0,0,0
cg_mc_manual_2028,2026-04-22 18:00:00,1,cg_tm_sf5e_dict_81691,SNG,cg_tm_manual_238,西游电竞,cg_tt_20260420121525kkrn4,5E青藤联赛S1,https://oss.5eplay.com/cloudx/p/sport/csgo/tournament/d7iqg3sconkpudhr4bq0.png,2026-04-20 00:00:00,2026-04-26 23:59:59,0,0,0
cg_mc_manual_2032,2026-04-22 18:00:00,1,cg_tm_sf5e_dict_136588,IF G,cg_tm_sf5e_dict_120915,DQZS.T,cg_tt_20260420121525kkrn4,5E青藤联赛S1,https://oss.5eplay.com/cloudx/p/sport/csgo/tournament/d7iqg3sconkpudhr4bq0.png,2026-04-20 00:00:00,2026-04-26 23:59:59,0,0,0
csgo_mc_2393381,2026-04-22 19:00:00,3,,TBD,,TBD,csgo_tt_9139, CCT 2026 挑战者 欧洲 第1季,https://oss.5eplay.com/cloudx/p/sport/csgo/tournament/d7hdg6cconkpudhr49tg.png,2026-04-18 00:00:00,2026-04-26 23:59:59,0,0,0
csgo_mc_2393382,2026-04-22 19:00:00,3,,TBD,,TBD,csgo_tt_9139, CCT 2026 挑战者 欧洲 第1季,https://oss.5eplay.com/cloudx/p/sport/csgo/tournament/d7hdg6cconkpudhr49tg.png,2026-04-18 00:00:00,2026-04-26 23:59:59,0,0,0
csgo_mc_2393189,2026-04-22 19:00:00,3,,TBD,,TBD,csgo_tt_9120,NODWIN Clutch 系列 7,https://oss.5eplay.com/cloudx/p/sport/csgo/tournament/d3aacfcconkqbk3bnqo0.png,2026-04-14 00:00:00,2026-04-28 06:00:00,0,0,0
cg_mc_manual_2029,2026-04-22 19:00:00,1,cg_tm_sf5e_dict_136608,K9,cg_tm_manual_237,Kz5,cg_tt_20260420121525kkrn4,5E青藤联赛S1,https://oss.5eplay.com/cloudx/p/sport/csgo/tournament/d7iqg3sconkpudhr4bq0.png,2026-04-20 00:00:00,2026-04-26 23:59:59,0,0,0
cg_mc_manual_2030,2026-04-22 19:00:00,1,cg_tm_sf5e_dict_120915,DQZS.T,cg_tm_sf5e_dict_81691,SNG,cg_tt_20260420121525kkrn4,5E青藤联赛S1,https://oss.5eplay.com/cloudx/p/sport/csgo/tournament/d7iqg3sconkpudhr4bq0.png,2026-04-20 00:00:00,2026-04-26 23:59:59,0,0,0
cg_mc_manual_2031,2026-04-22 19:00:00,1,cg_tm_sf5e_dict_135542,jzxsports,cg_tm_sf5e_dict_124599,RAELIX ,cg_tt_20260420121525kkrn4,5E青藤联赛S1,https://oss.5eplay.com/cloudx/p/sport/csgo/tournament/d7iqg3sconkpudhr4bq0.png,2026-04-20 00:00:00,2026-04-26 23:59:59,0,0,0
cg_mc_manual_2033,2026-04-22 20:00:00,1,cg_tm_sf5e_dict_81691,SNG,cg_tm_sf5e_dict_124599,RAELIX ,cg_tt_20260420121525kkrn4,5E青藤联赛S1,https://oss.5eplay.com/cloudx/p/sport/csgo/tournament/d7iqg3sconkpudhr4bq0.png,2026-04-20 00:00:00,2026-04-26 23:59:59,0,0,0
cg_mc_manual_2034,2026-04-22 20:00:00,1,cg_tm_sf5e_dict_132234,7-YOUNG,cg_tm_sf5e_dict_136608,K9,cg_tt_20260420121525kkrn4,5E青藤联赛S1,https://oss.5eplay.com/cloudx/p/sport/csgo/tournament/d7iqg3sconkpudhr4bq0.png,2026-04-20 00:00:00,2026-04-26 23:59:59,0,0,0
cg_mc_manual_2035,2026-04-22 20:00:00,1,cg_tm_sf5e_dict_135542,jzxsports,cg_tm_manual_238,西游电竞,cg_tt_20260420121525kkrn4,5E青藤联赛S1,https://oss.5eplay.com/cloudx/p/sport/csgo/tournament/d7iqg3sconkpudhr4bq0.png,2026-04-20 00:00:00,2026-04-26 23:59:59,0,0,0
csgo_mc_2393456,2026-04-22 21:00:00,3,hltv_team_13594,CYBERSHOKE Prospects,csgo_tm_11553,Dripmen,csgo_tt_9129, ESL 挑战者联赛 S51 欧洲杯 第4季,https://oss.5eplay.com/cloudx/p/sport/csgo/tournament/d2jeda4conkqbk3bnkm0.png,2026-04-22 00:00:00,2026-05-04 06:00:00,0,0,0
csgo_mc_2393457,2026-04-22 21:00:00,3,hltv_team_13573,ex-Zero Tenacity,hltv_team_13552,Endless Journey,csgo_tt_9129, ESL 挑战者联赛 S51 欧洲杯 第4季,https://oss.5eplay.com/cloudx/p/sport/csgo/tournament/d2jeda4conkqbk3bnkm0.png,2026-04-22 00:00:00,2026-05-04 06:00:00,0,0,0
csgo_mc_2393459,2026-04-22 21:00:00,3,hltv_team_13715,Hashiras,hltv_team_12834,RUSTEC,csgo_tt_9129, ESL 挑战者联赛 S51 欧洲杯 第4季,https://oss.5eplay.com/cloudx/p/sport/csgo/tournament/d2jeda4conkqbk3bnkm0.png,2026-04-22 00:00:00,2026-05-04 06:00:00,0,0,0
csgo_mc_2393461,2026-04-22 21:00:00,3,hltv_team_12194,Rune Eaters,hltv_team_13643,rottweilers,csgo_tt_9129, ESL 挑战者联赛 S51 欧洲杯 第4季,https://oss.5eplay.com/cloudx/p/sport/csgo/tournament/d2jeda4conkqbk3bnkm0.png,2026-04-22 00:00:00,2026-05-04 06:00:00,0,0,0
csgo_mc_2393462,2026-04-22 21:00:00,3,hltv_team_12366,Aurora YB,csgo_tm_11018,Megoshort,csgo_tt_9129, ESL 挑战者联赛 S51 欧洲杯 第4季,https://oss.5eplay.com/cloudx/p/sport/csgo/tournament/d2jeda4conkqbk3bnkm0.png,2026-04-22 00:00:00,2026-05-04 06:00:00,0,0,0
csgo_mc_2393463,2026-04-22 21:00:00,3,hltv_team_13791,Julie&Cie,csgo_tm_10254,BIG.A,csgo_tt_9129, ESL 挑战者联赛 S51 欧洲杯 第4季,https://oss.5eplay.com/cloudx/p/sport/csgo/tournament/d2jeda4conkqbk3bnkm0.png,2026-04-22 00:00:00,2026-05-04 06:00:00,0,0,0
csgo_mc_2393460,2026-04-22 21:00:00,3,,TBD,,TBD,csgo_tt_9129, ESL 挑战者联赛 S51 欧洲杯 第4季,https://oss.5eplay.com/cloudx/p/sport/csgo/tournament/d2jeda4conkqbk3bnkm0.png,2026-04-22 00:00:00,2026-05-04 06:00:00,0,0,0
csgo_mc_2393458,2026-04-22 21:00:00,3,hltv_team_13668,Atreides,hltv_team_13181,BASEMENT BOYS,csgo_tt_9129, ESL 挑战者联赛 S51 欧洲杯 第4季,https://oss.5eplay.com/cloudx/p/sport/csgo/tournament/d2jeda4conkqbk3bnkm0.png,2026-04-22 00:00:00,2026-05-04 06:00:00,0,0,0
csgo_mc_2393383,2026-04-22 21:45:00,3,,TBD,,TBD,csgo_tt_9139, CCT 2026 挑战者 欧洲 第1季,https://oss.5eplay.com/cloudx/p/sport/csgo/tournament/d7hdg6cconkpudhr49tg.png,2026-04-18 00:00:00,2026-04-26 23:59:59,0,0,0
csgo_mc_2393384,2026-04-22 21:45:00,3,,TBD,,TBD,csgo_tt_9139, CCT 2026 挑战者 欧洲 第1季,https://oss.5eplay.com/cloudx/p/sport/csgo/tournament/d7hdg6cconkpudhr49tg.png,2026-04-18 00:00:00,2026-04-26 23:59:59,0,0,0
csgo_mc_2393190,2026-04-22 22:00:00,3,,TBD,,TBD,csgo_tt_9120,NODWIN Clutch 系列 7,https://oss.5eplay.com/cloudx/p/sport/csgo/tournament/d3aacfcconkqbk3bnqo0.png,2026-04-14 00:00:00,2026-04-28 06:00:00,0,0,0
csgo_mc_2393306,2026-04-22 23:00:00,3,,TBD,,TBD,csgo_tt_9132,Tipsport 征服布拉格 2026,https://oss.5eplay.com/cloudx/p/sport/csgo/tournament/d7bheo4conkpudhr3rs0.png,2026-04-12 00:00:00,2026-04-29 23:59:59,0,0,0
csgo_mc_2393442,2026-04-23 00:00:00,3,csgo_tm_9996,9z,hltv_team_13756,Alka,csgo_tt_9142,BB RUSH B Summit 第3赛季,https://oss.5eplay.com/cloudx/p/sport/csgo/tournament/d5e5ofkconkpudhr3g00.png,2026-04-22 00:00:00,2026-04-26 23:59:59,0,0,0
csgo_mc_2393464,2026-04-23 01:00:00,3,hltv_team_13690,zajezdzacze,csgo_tm_9735,Lilmix,csgo_tt_9129, ESL 挑战者联赛 S51 欧洲杯 第4季,https://oss.5eplay.com/cloudx/p/sport/csgo/tournament/d2jeda4conkqbk3bnkm0.png,2026-04-22 00:00:00,2026-05-04 06:00:00,0,0,0
csgo_mc_2393467,2026-04-23 01:00:00,3,hltv_team_12889,G2 Ares,hltv_team_13714,Donstu,csgo_tt_9129, ESL 挑战者联赛 S51 欧洲杯 第4季,https://oss.5eplay.com/cloudx/p/sport/csgo/tournament/d2jeda4conkqbk3bnkm0.png,2026-04-22 00:00:00,2026-05-04 06:00:00,0,0,0
csgo_mc_2393466,2026-04-23 01:00:00,3,hltv_team_13524,OLDBOYS,csgo_tm_10867,MASONIC,csgo_tt_9129, ESL 挑战者联赛 S51 欧洲杯 第4季,https://oss.5eplay.com/cloudx/p/sport/csgo/tournament/d2jeda4conkqbk3bnkm0.png,2026-04-22 00:00:00,2026-05-04 06:00:00,0,0,0
csgo_mc_2393468,2026-04-23 01:00:00,3,hltv_team_13775,playersclub,hltv_team_13340,CSDIILIT,csgo_tt_9129, ESL 挑战者联赛 S51 欧洲杯 第4季,https://oss.5eplay.com/cloudx/p/sport/csgo/tournament/d2jeda4conkqbk3bnkm0.png,2026-04-22 00:00:00,2026-05-04 06:00:00,0,0,0
csgo_mc_2393465,2026-04-23 01:00:00,3,hltv_team_13364,Famalicão,csgo_tm_11129,Bankapepsi,csgo_tt_9129, ESL 挑战者联赛 S51 欧洲杯 第4季,https://oss.5eplay.com/cloudx/p/sport/csgo/tournament/d2jeda4conkqbk3bnkm0.png,2026-04-22 00:00:00,2026-05-04 06:00:00,0,0,0
csgo_mc_2393470,2026-04-23 01:00:00,3,hltv_team_12745,brazylijski luz,hltv_team_13776,Just Players,csgo_tt_9129, ESL 挑战者联赛 S51 欧洲杯 第4季,https://oss.5eplay.com/cloudx/p/sport/csgo/tournament/d2jeda4conkqbk3bnkm0.png,2026-04-22 00:00:00,2026-05-04 06:00:00,0,0,0
csgo_mc_2393471,2026-04-23 01:00:00,3,hltv_team_13789,Subtop De France,hltv_team_13528,Misa,csgo_tt_9129, ESL 挑战者联赛 S51 欧洲杯 第4季,https://oss.5eplay.com/cloudx/p/sport/csgo/tournament/d2jeda4conkqbk3bnkm0.png,2026-04-22 00:00:00,2026-05-04 06:00:00,0,0,0
csgo_mc_2393469,2026-04-23 01:00:00,3,csgo_tm_6810,aimclub,hltv_team_13450,yngods,csgo_tt_9129, ESL 挑战者联赛 S51 欧洲杯 第4季,https://oss.5eplay.com/cloudx/p/sport/csgo/tournament/d2jeda4conkqbk3bnkm0.png,2026-04-22 00:00:00,2026-05-04 06:00:00,0,0,0
csgo_mc_2393307,2026-04-23 01:30:00,3,,TBD,,TBD,csgo_tt_9132,Tipsport 征服布拉格 2026,https://oss.5eplay.com/cloudx/p/sport/csgo/tournament/d7bheo4conkpudhr3rs0.png,2026-04-12 00:00:00,2026-04-29 23:59:59,0,0,0
csgo_mc_2393443,2026-04-23 03:00:00,3,hltv_team_13726,METANOIA Wolves,hltv_team_13413,Vasco,csgo_tt_9142,BB RUSH B Summit 第3赛季,https://oss.5eplay.com/cloudx/p/sport/csgo/tournament/d5e5ofkconkpudhr3g00.png,2026-04-22 00:00:00,2026-04-26 23:59:59,0,0,0
csgo_mc_2393444,2026-04-23 06:00:00,3,hltv_team_12468,Legacy,hltv_team_13471,ALZON,csgo_tt_9142,BB RUSH B Summit 第3赛季,https://oss.5eplay.com/cloudx/p/sport/csgo/tournament/d5e5ofkconkpudhr3g00.png,2026-04-22 00:00:00,2026-04-26 23:59:59,0,0,0
csgo_mc_2393445,2026-04-23 09:00:00,3,csgo_tm_6033,Keyd,csgo_tm_6788,Crashers,csgo_tt_9142,BB RUSH B Summit 第3赛季,https://oss.5eplay.com/cloudx/p/sport/csgo/tournament/d5e5ofkconkpudhr3g00.png,2026-04-22 00:00:00,2026-04-26 23:59:59,0,0,0
cg_mc_manual_2036,2026-04-23 18:00:00,1,cg_tm_sf5e_dict_136588,IF G,cg_tm_sf5e_dict_135542,jzxsports,cg_tt_20260420121525kkrn4,5E青藤联赛S1,https://oss.5eplay.com/cloudx/p/sport/csgo/tournament/d7iqg3sconkpudhr4bq0.png,2026-04-20 00:00:00,2026-04-26 23:59:59,0,0,0
cg_mc_manual_2037,2026-04-23 18:00:00,1,cg_tm_sf5e_dict_132234,7-YOUNG,cg_tm_sf5e_dict_81691,SNG,cg_tt_20260420121525kkrn4,5E青藤联赛S1,https://oss.5eplay.com/cloudx/p/sport/csgo/tournament/d7iqg3sconkpudhr4bq0.png,2026-04-20 00:00:00,2026-04-26 23:59:59,0,0,0
cg_mc_manual_2038,2026-04-23 18:00:00,1,cg_tm_sf5e_dict_136608,K9,cg_tm_manual_238,西游电竞,cg_tt_20260420121525kkrn4,5E青藤联赛S1,https://oss.5eplay.com/cloudx/p/sport/csgo/tournament/d7iqg3sconkpudhr4bq0.png,2026-04-20 00:00:00,2026-04-26 23:59:59,0,0,0
csgo_mc_2393385,2026-04-23 19:00:00,3,,TBD,,TBD,csgo_tt_9139, CCT 2026 挑战者 欧洲 第1季,https://oss.5eplay.com/cloudx/p/sport/csgo/tournament/d7hdg6cconkpudhr49tg.png,2026-04-18 00:00:00,2026-04-26 23:59:59,0,0,0
csgo_mc_2393386,2026-04-23 19:00:00,3,,TBD,,TBD,csgo_tt_9139, CCT 2026 挑战者 欧洲 第1季,https://oss.5eplay.com/cloudx/p/sport/csgo/tournament/d7hdg6cconkpudhr49tg.png,2026-04-18 00:00:00,2026-04-26 23:59:59,0,0,0
cg_mc_manual_2039,2026-04-23 19:00:00,1,cg_tm_sf5e_dict_136588,IF G,cg_tm_sf5e_dict_81691,SNG,cg_tt_20260420121525kkrn4,5E青藤联赛S1,https://oss.5eplay.com/cloudx/p/sport/csgo/tournament/d7iqg3sconkpudhr4bq0.png,2026-04-20 00:00:00,2026-04-26 23:59:59,0,0,0
cg_mc_manual_2040,2026-04-23 19:00:00,1,cg_tm_sf5e_dict_135542,jzxsports,cg_tm_sf5e_dict_120915,DQZS.T,cg_tt_20260420121525kkrn4,5E青藤联赛S1,https://oss.5eplay.com/cloudx/p/sport/csgo/tournament/d7iqg3sconkpudhr4bq0.png,2026-04-20 00:00:00,2026-04-26 23:59:59,0,0,0
cg_mc_manual_2041,2026-04-23 19:00:00,1,cg_tm_sf5e_dict_136608,K9,cg_tm_sf5e_dict_124599,RAELIX ,cg_tt_20260420121525kkrn4,5E青藤联赛S1,https://oss.5eplay.com/cloudx/p/sport/csgo/tournament/d7iqg3sconkpudhr4bq0.png,2026-04-20 00:00:00,2026-04-26 23:59:59,0,0,0
csgo_mc_2393410,2026-04-23 20:00:00,3,csgo_tm_11811,Monte,hltv_team_12916,Betclic,csgo_tt_8956,CCT 全球总决赛 2026,https://oss.5eplay.com/sport/csgo/event/7517.png,2026-04-24 18:00:00,2026-04-26 18:00:00,0,0,0
cg_mc_manual_2042,2026-04-23 20:00:00,1,cg_tm_manual_238,西游电竞,cg_tm_sf5e_dict_124599,RAELIX ,cg_tt_20260420121525kkrn4,5E青藤联赛S1,https://oss.5eplay.com/cloudx/p/sport/csgo/tournament/d7iqg3sconkpudhr4bq0.png,2026-04-20 00:00:00,2026-04-26 23:59:59,0,0,0
cg_mc_manual_2043,2026-04-23 20:00:00,1,cg_tm_sf5e_dict_136608,K9,cg_tm_sf5e_dict_120915,DQZS.T,cg_tt_20260420121525kkrn4,5E青藤联赛S1,https://oss.5eplay.com/cloudx/p/sport/csgo/tournament/d7iqg3sconkpudhr4bq0.png,2026-04-20 00:00:00,2026-04-26 23:59:59,0,0,0
cg_mc_manual_2044,2026-04-23 20:00:00,1,cg_tm_sf5e_dict_132234,7-YOUNG,cg_tm_manual_237,Kz5,cg_tt_20260420121525kkrn4,5E青藤联赛S1,https://oss.5eplay.com/cloudx/p/sport/csgo/tournament/d7iqg3sconkpudhr4bq0.png,2026-04-20 00:00:00,2026-04-26 23:59:59,0,0,0
csgo_mc_2393476,2026-04-23 21:00:00,3,csgo_tm_4991,FNC,,TBD,csgo_tt_9129, ESL 挑战者联赛 S51 欧洲杯 第4季,https://oss.5eplay.com/cloudx/p/sport/csgo/tournament/d2jeda4conkqbk3bnkm0.png,2026-04-22 00:00:00,2026-05-04 06:00:00,0,0,0
csgo_mc_2393477,2026-04-23 21:00:00,3,hltv_team_13403,TNC,,TBD,csgo_tt_9129, ESL 挑战者联赛 S51 欧洲杯 第4季,https://oss.5eplay.com/cloudx/p/sport/csgo/tournament/d2jeda4conkqbk3bnkm0.png,2026-04-22 00:00:00,2026-05-04 06:00:00,0,0,0
csgo_mc_2393478,2026-04-23 21:00:00,3,csgo_tm_11446,Leo,,TBD,csgo_tt_9129, ESL 挑战者联赛 S51 欧洲杯 第4季,https://oss.5eplay.com/cloudx/p/sport/csgo/tournament/d2jeda4conkqbk3bnkm0.png,2026-04-22 00:00:00,2026-05-04 06:00:00,0,0,0
csgo_mc_2393479,2026-04-23 21:00:00,3,csgo_tm_11251,EF,,TBD,csgo_tt_9129, ESL 挑战者联赛 S51 欧洲杯 第4季,https://oss.5eplay.com/cloudx/p/sport/csgo/tournament/d2jeda4conkqbk3bnkm0.png,2026-04-22 00:00:00,2026-05-04 06:00:00,0,0,0
csgo_mc_2393473,2026-04-23 21:00:00,3,csgo_tm_6089,TLR,,TBD,csgo_tt_9129, ESL 挑战者联赛 S51 欧洲杯 第4季,https://oss.5eplay.com/cloudx/p/sport/csgo/tournament/d2jeda4conkqbk3bnkm0.png,2026-04-22 00:00:00,2026-05-04 06:00:00,0,0,0
csgo_mc_2393472,2026-04-23 21:00:00,3,hltv_team_13355,Nemesis,,TBD,csgo_tt_9129, ESL 挑战者联赛 S51 欧洲杯 第4季,https://oss.5eplay.com/cloudx/p/sport/csgo/tournament/d2jeda4conkqbk3bnkm0.png,2026-04-22 00:00:00,2026-05-04 06:00:00,0,0,0
csgo_mc_2393474,2026-04-23 21:00:00,3,hltv_team_13173,Phantom,,TBD,csgo_tt_9129, ESL 挑战者联赛 S51 欧洲杯 第4季,https://oss.5eplay.com/cloudx/p/sport/csgo/tournament/d2jeda4conkqbk3bnkm0.png,2026-04-22 00:00:00,2026-05-04 06:00:00,0,0,0
csgo_mc_2393475,2026-04-23 21:00:00,3,hltv_team_13808,Walczaki,,TBD,csgo_tt_9129, ESL 挑战者联赛 S51 欧洲杯 第4季,https://oss.5eplay.com/cloudx/p/sport/csgo/tournament/d2jeda4conkqbk3bnkm0.png,2026-04-22 00:00:00,2026-05-04 06:00:00,0,0,0
csgo_mc_2393387,2026-04-23 21:45:00,3,,TBD,,TBD,csgo_tt_9139, CCT 2026 挑战者 欧洲 第1季,https://oss.5eplay.com/cloudx/p/sport/csgo/tournament/d7hdg6cconkpudhr49tg.png,2026-04-18 00:00:00,2026-04-26 23:59:59,0,0,0
csgo_mc_2393388,2026-04-23 21:45:00,3,hltv_team_12834,RUSTEC,,TBD,csgo_tt_9139, CCT 2026 挑战者 欧洲 第1季,https://oss.5eplay.com/cloudx/p/sport/csgo/tournament/d7hdg6cconkpudhr49tg.png,2026-04-18 00:00:00,2026-04-26 23:59:59,0,0,0
csgo_mc_2393411,2026-04-23 23:00:00,3,csgo_tm_7532,BIG,csgo_tm_8474,100 Thieves,csgo_tt_8956,CCT 全球总决赛 2026,https://oss.5eplay.com/sport/csgo/event/7517.png,2026-04-24 18:00:00,2026-04-26 18:00:00,0,0,0
csgo_mc_2393308,2026-04-23 23:00:00,3,,TBD,,TBD,csgo_tt_9132,Tipsport 征服布拉格 2026,https://oss.5eplay.com/cloudx/p/sport/csgo/tournament/d7bheo4conkpudhr3rs0.png,2026-04-12 00:00:00,2026-04-29 23:59:59,0,0,0
csgo_mc_2393446,2026-04-24 00:00:00,3,,TBD,,TBD,csgo_tt_9142,BB RUSH B Summit 第3赛季,https://oss.5eplay.com/cloudx/p/sport/csgo/tournament/d5e5ofkconkpudhr3g00.png,2026-04-22 00:00:00,2026-04-26 23:59:59,0,0,0
csgo_mc_2393481,2026-04-24 01:00:00,3,csgo_tm_11609,Genone,,TBD,csgo_tt_9129, ESL 挑战者联赛 S51 欧洲杯 第4季,https://oss.5eplay.com/cloudx/p/sport/csgo/tournament/d2jeda4conkqbk3bnkm0.png,2026-04-22 00:00:00,2026-05-04 06:00:00,0,0,0
csgo_mc_2393480,2026-04-24 01:00:00,3,hltv_team_13619,BET-M,,TBD,csgo_tt_9129, ESL 挑战者联赛 S51 欧洲杯 第4季,https://oss.5eplay.com/cloudx/p/sport/csgo/tournament/d2jeda4conkqbk3bnkm0.png,2026-04-22 00:00:00,2026-05-04 06:00:00,0,0,0
csgo_mc_2393482,2026-04-24 01:00:00,3,hltv_team_12609,Lavked,,TBD,csgo_tt_9129, ESL 挑战者联赛 S51 欧洲杯 第4季,https://oss.5eplay.com/cloudx/p/sport/csgo/tournament/d2jeda4conkqbk3bnkm0.png,2026-04-22 00:00:00,2026-05-04 06:00:00,0,0,0
csgo_mc_2393483,2026-04-24 01:00:00,3,hltv_team_13214,SPARTA,,TBD,csgo_tt_9129, ESL 挑战者联赛 S51 欧洲杯 第4季,https://oss.5eplay.com/cloudx/p/sport/csgo/tournament/d2jeda4conkqbk3bnkm0.png,2026-04-22 00:00:00,2026-05-04 06:00:00,0,0,0
csgo_mc_2393484,2026-04-24 01:00:00,3,hltv_team_13617,ex-RUBY,,TBD,csgo_tt_9129, ESL 挑战者联赛 S51 欧洲杯 第4季,https://oss.5eplay.com/cloudx/p/sport/csgo/tournament/d2jeda4conkqbk3bnkm0.png,2026-04-22 00:00:00,2026-05-04 06:00:00,0,0,0
csgo_mc_2393485,2026-04-24 01:00:00,3,hltv_team_12642,Rebels,,TBD,csgo_tt_9129, ESL 挑战者联赛 S51 欧洲杯 第4季,https://oss.5eplay.com/cloudx/p/sport/csgo/tournament/d2jeda4conkqbk3bnkm0.png,2026-04-22 00:00:00,2026-05-04 06:00:00,0,0,0
csgo_mc_2393487,2026-04-24 01:00:00,3,csgo_tm_10278,9INE,,TBD,csgo_tt_9129, ESL 挑战者联赛 S51 欧洲杯 第4季,https://oss.5eplay.com/cloudx/p/sport/csgo/tournament/d2jeda4conkqbk3bnkm0.png,2026-04-22 00:00:00,2026-05-04 06:00:00,0,0,0
csgo_mc_2393486,2026-04-24 01:00:00,3,csgo_tm_5639,aAa,,TBD,csgo_tt_9129, ESL 挑战者联赛 S51 欧洲杯 第4季,https://oss.5eplay.com/cloudx/p/sport/csgo/tournament/d2jeda4conkqbk3bnkm0.png,2026-04-22 00:00:00,2026-05-04 06:00:00,0,0,0
csgo_mc_2393309,2026-04-24 01:30:00,3,,TBD,,TBD,csgo_tt_9132,Tipsport 征服布拉格 2026,https://oss.5eplay.com/cloudx/p/sport/csgo/tournament/d7bheo4conkpudhr3rs0.png,2026-04-12 00:00:00,2026-04-29 23:59:59,0,0,0
csgo_mc_2393412,2026-04-24 02:00:00,3,csgo_tm_4411,NIP,csgo_tm_8113,Sharks,csgo_tt_8956,CCT 全球总决赛 2026,https://oss.5eplay.com/sport/csgo/event/7517.png,2026-04-24 18:00:00,2026-04-26 18:00:00,0,0,0
csgo_mc_2393447,2026-04-24 03:00:00,3,,TBD,,TBD,csgo_tt_9142,BB RUSH B Summit 第3赛季,https://oss.5eplay.com/cloudx/p/sport/csgo/tournament/d5e5ofkconkpudhr3g00.png,2026-04-22 00:00:00,2026-04-26 23:59:59,0,0,0
csgo_mc_2393448,2026-04-24 06:00:00,3,,TBD,,TBD,csgo_tt_9142,BB RUSH B Summit 第3赛季,https://oss.5eplay.com/cloudx/p/sport/csgo/tournament/d5e5ofkconkpudhr3g00.png,2026-04-22 00:00:00,2026-04-26 23:59:59,0,0,0
csgo_mc_2393441,2026-04-24 08:00:00,3,hltv_team_12554,regain,hltv_team_12164,Zomblers,csgo_tt_9137,交叉火力 第四季,https://oss.5eplay.com/cloudx/p/sport/csgo/tournament/d5o2o04conkpudhr3j60.png,2026-04-16 00:00:00,2026-04-25 23:59:59,0,0,0
csgo_mc_2393449,2026-04-24 09:00:00,3,,TBD,,TBD,csgo_tt_9142,BB RUSH B Summit 第3赛季,https://oss.5eplay.com/cloudx/p/sport/csgo/tournament/d5e5ofkconkpudhr3g00.png,2026-04-22 00:00:00,2026-04-26 23:59:59,0,0,0
csgo_mc_2393413,2026-04-24 16:00:00,3,hltv_team_13501,illwill,,TBD,csgo_tt_8956,CCT 全球总决赛 2026,https://oss.5eplay.com/sport/csgo/event/7517.png,2026-04-24 18:00:00,2026-04-26 18:00:00,0,0,0
csgo_mc_2393191,2026-04-24 16:00:00,3,,TBD,,TBD,csgo_tt_9120,NODWIN Clutch 系列 7,https://oss.5eplay.com/cloudx/p/sport/csgo/tournament/d3aacfcconkqbk3bnqo0.png,2026-04-14 00:00:00,2026-04-28 06:00:00,0,0,0
csgo_mc_2393389,2026-04-24 19:00:00,3,,TBD,,TBD,csgo_tt_9139, CCT 2026 挑战者 欧洲 第1季,https://oss.5eplay.com/cloudx/p/sport/csgo/tournament/d7hdg6cconkpudhr49tg.png,2026-04-18 00:00:00,2026-04-26 23:59:59,0,0,0
csgo_mc_2393414,2026-04-24 19:00:00,3,,TBD,,TBD,csgo_tt_8956,CCT 全球总决赛 2026,https://oss.5eplay.com/sport/csgo/event/7517.png,2026-04-24 18:00:00,2026-04-26 18:00:00,0,0,0
csgo_mc_2393192,2026-04-24 19:00:00,3,,TBD,,TBD,csgo_tt_9120,NODWIN Clutch 系列 7,https://oss.5eplay.com/cloudx/p/sport/csgo/tournament/d3aacfcconkqbk3bnqo0.png,2026-04-14 00:00:00,2026-04-28 06:00:00,0,0,0
csgo_mc_2393488,2026-04-24 21:00:00,3,,TBD,,TBD,csgo_tt_9129, ESL 挑战者联赛 S51 欧洲杯 第4季,https://oss.5eplay.com/cloudx/p/sport/csgo/tournament/d2jeda4conkqbk3bnkm0.png,2026-04-22 00:00:00,2026-05-04 06:00:00,0,0,0
csgo_mc_2393489,2026-04-24 21:00:00,3,,TBD,,TBD,csgo_tt_9129, ESL 挑战者联赛 S51 欧洲杯 第4季,https://oss.5eplay.com/cloudx/p/sport/csgo/tournament/d2jeda4conkqbk3bnkm0.png,2026-04-22 00:00:00,2026-05-04 06:00:00,0,0,0
csgo_mc_2393490,2026-04-24 21:00:00,3,,TBD,,TBD,csgo_tt_9129, ESL 挑战者联赛 S51 欧洲杯 第4季,https://oss.5eplay.com/cloudx/p/sport/csgo/tournament/d2jeda4conkqbk3bnkm0.png,2026-04-22 00:00:00,2026-05-04 06:00:00,0,0,0
csgo_mc_2393491,2026-04-24 21:00:00,3,,TBD,,TBD,csgo_tt_9129, ESL 挑战者联赛 S51 欧洲杯 第4季,https://oss.5eplay.com/cloudx/p/sport/csgo/tournament/d2jeda4conkqbk3bnkm0.png,2026-04-22 00:00:00,2026-05-04 06:00:00,0,0,0
csgo_mc_2393492,2026-04-24 21:00:00,3,,TBD,,TBD,csgo_tt_9129, ESL 挑战者联赛 S51 欧洲杯 第4季,https://oss.5eplay.com/cloudx/p/sport/csgo/tournament/d2jeda4conkqbk3bnkm0.png,2026-04-22 00:00:00,2026-05-04 06:00:00,0,0,0
csgo_mc_2393493,2026-04-24 21:00:00,3,,TBD,,TBD,csgo_tt_9129, ESL 挑战者联赛 S51 欧洲杯 第4季,https://oss.5eplay.com/cloudx/p/sport/csgo/tournament/d2jeda4conkqbk3bnkm0.png,2026-04-22 00:00:00,2026-05-04 06:00:00,0,0,0
csgo_mc_2393494,2026-04-24 21:00:00,3,,TBD,,TBD,csgo_tt_9129, ESL 挑战者联赛 S51 欧洲杯 第4季,https://oss.5eplay.com/cloudx/p/sport/csgo/tournament/d2jeda4conkqbk3bnkm0.png,2026-04-22 00:00:00,2026-05-04 06:00:00,0,0,0
csgo_mc_2393495,2026-04-24 21:00:00,3,,TBD,,TBD,csgo_tt_9129, ESL 挑战者联赛 S51 欧洲杯 第4季,https://oss.5eplay.com/cloudx/p/sport/csgo/tournament/d2jeda4conkqbk3bnkm0.png,2026-04-22 00:00:00,2026-05-04 06:00:00,0,0,0
csgo_mc_2393390,2026-04-24 21:45:00,3,,TBD,,TBD,csgo_tt_9139, CCT 2026 挑战者 欧洲 第1季,https://oss.5eplay.com/cloudx/p/sport/csgo/tournament/d7hdg6cconkpudhr49tg.png,2026-04-18 00:00:00,2026-04-26 23:59:59,0,0,0
csgo_mc_2393415,2026-04-24 22:00:00,3,,TBD,,TBD,csgo_tt_8956,CCT 全球总决赛 2026,https://oss.5eplay.com/sport/csgo/event/7517.png,2026-04-24 18:00:00,2026-04-26 18:00:00,0,0,0
csgo_mc_2393193,2026-04-24 22:00:00,3,,TBD,,TBD,csgo_tt_9120,NODWIN Clutch 系列 7,https://oss.5eplay.com/cloudx/p/sport/csgo/tournament/d3aacfcconkqbk3bnqo0.png,2026-04-14 00:00:00,2026-04-28 06:00:00,0,0,0
csgo_mc_2393310,2026-04-24 23:00:00,3,,TBD,,TBD,csgo_tt_9132,Tipsport 征服布拉格 2026,https://oss.5eplay.com/cloudx/p/sport/csgo/tournament/d7bheo4conkpudhr3rs0.png,2026-04-12 00:00:00,2026-04-29 23:59:59,0,0,0
csgo_mc_2393416,2026-04-25 01:00:00,3,,TBD,,TBD,csgo_tt_8956,CCT 全球总决赛 2026,https://oss.5eplay.com/sport/csgo/event/7517.png,2026-04-24 18:00:00,2026-04-26 18:00:00,0,0,0
csgo_mc_2393194,2026-04-25 01:00:00,3,,TBD,,TBD,csgo_tt_9120,NODWIN Clutch 系列 7,https://oss.5eplay.com/cloudx/p/sport/csgo/tournament/d3aacfcconkqbk3bnqo0.png,2026-04-14 00:00:00,2026-04-28 06:00:00,0,0,0
csgo_mc_2393496,2026-04-25 01:00:00,3,,TBD,,TBD,csgo_tt_9129, ESL 挑战者联赛 S51 欧洲杯 第4季,https://oss.5eplay.com/cloudx/p/sport/csgo/tournament/d2jeda4conkqbk3bnkm0.png,2026-04-22 00:00:00,2026-05-04 06:00:00,0,0,0
csgo_mc_2393497,2026-04-25 01:00:00,3,,TBD,,TBD,csgo_tt_9129, ESL 挑战者联赛 S51 欧洲杯 第4季,https://oss.5eplay.com/cloudx/p/sport/csgo/tournament/d2jeda4conkqbk3bnkm0.png,2026-04-22 00:00:00,2026-05-04 06:00:00,0,0,0
csgo_mc_2393498,2026-04-25 01:00:00,3,,TBD,,TBD,csgo_tt_9129, ESL 挑战者联赛 S51 欧洲杯 第4季,https://oss.5eplay.com/cloudx/p/sport/csgo/tournament/d2jeda4conkqbk3bnkm0.png,2026-04-22 00:00:00,2026-05-04 06:00:00,0,0,0
csgo_mc_2393499,2026-04-25 01:00:00,3,,TBD,,TBD,csgo_tt_9129, ESL 挑战者联赛 S51 欧洲杯 第4季,https://oss.5eplay.com/cloudx/p/sport/csgo/tournament/d2jeda4conkqbk3bnkm0.png,2026-04-22 00:00:00,2026-05-04 06:00:00,0,0,0
csgo_mc_2393500,2026-04-25 01:00:00,3,,TBD,,TBD,csgo_tt_9129, ESL 挑战者联赛 S51 欧洲杯 第4季,https://oss.5eplay.com/cloudx/p/sport/csgo/tournament/d2jeda4conkqbk3bnkm0.png,2026-04-22 00:00:00,2026-05-04 06:00:00,0,0,0
csgo_mc_2393501,2026-04-25 01:00:00,3,,TBD,,TBD,csgo_tt_9129, ESL 挑战者联赛 S51 欧洲杯 第4季,https://oss.5eplay.com/cloudx/p/sport/csgo/tournament/d2jeda4conkqbk3bnkm0.png,2026-04-22 00:00:00,2026-05-04 06:00:00,0,0,0
csgo_mc_2393502,2026-04-25 01:00:00,3,,TBD,,TBD,csgo_tt_9129, ESL 挑战者联赛 S51 欧洲杯 第4季,https://oss.5eplay.com/cloudx/p/sport/csgo/tournament/d2jeda4conkqbk3bnkm0.png,2026-04-22 00:00:00,2026-05-04 06:00:00,0,0,0
csgo_mc_2393503,2026-04-25 01:00:00,3,,TBD,,TBD,csgo_tt_9129, ESL 挑战者联赛 S51 欧洲杯 第4季,https://oss.5eplay.com/cloudx/p/sport/csgo/tournament/d2jeda4conkqbk3bnkm0.png,2026-04-22 00:00:00,2026-05-04 06:00:00,0,0,0
csgo_mc_2393311,2026-04-25 01:30:00,3,,TBD,,TBD,csgo_tt_9132,Tipsport 征服布拉格 2026,https://oss.5eplay.com/cloudx/p/sport/csgo/tournament/d7bheo4conkpudhr3rs0.png,2026-04-12 00:00:00,2026-04-29 23:59:59,0,0,0
csgo_mc_2393450,2026-04-25 03:00:00,3,,TBD,,TBD,csgo_tt_9142,BB RUSH B Summit 第3赛季,https://oss.5eplay.com/cloudx/p/sport/csgo/tournament/d5e5ofkconkpudhr3g00.png,2026-04-22 00:00:00,2026-04-26 23:59:59,0,0,0
csgo_mc_2393451,2026-04-25 06:00:00,3,,TBD,,TBD,csgo_tt_9142,BB RUSH B Summit 第3赛季,https://oss.5eplay.com/cloudx/p/sport/csgo/tournament/d5e5ofkconkpudhr3g00.png,2026-04-22 00:00:00,2026-04-26 23:59:59,0,0,0
csgo_mc_2393452,2026-04-25 09:00:00,3,,TBD,,TBD,csgo_tt_9142,BB RUSH B Summit 第3赛季,https://oss.5eplay.com/cloudx/p/sport/csgo/tournament/d5e5ofkconkpudhr3g00.png,2026-04-22 00:00:00,2026-04-26 23:59:59,0,0,0
csgo_mc_2393417,2026-04-25 16:00:00,3,,TBD,,TBD,csgo_tt_8956,CCT 全球总决赛 2026,https://oss.5eplay.com/sport/csgo/event/7517.png,2026-04-24 18:00:00,2026-04-26 18:00:00,0,0,0
csgo_mc_2393195,2026-04-25 16:00:00,3,,TBD,,TBD,csgo_tt_9120,NODWIN Clutch 系列 7,https://oss.5eplay.com/cloudx/p/sport/csgo/tournament/d3aacfcconkqbk3bnqo0.png,2026-04-14 00:00:00,2026-04-28 06:00:00,0,0,0
csgo_mc_2393426,2026-04-25 17:00:00,3,csgo_tm_10278,9INE,hltv_team_13012,HyperSpirit,csgo_tt_9036,LORGAR排名赛 S1,https://oss.5eplay.com/cloudx/p/sport/csgo/tournament/d6irdq4conkpudhr3mv0.webp,2026-04-25 00:00:00,2026-04-26 23:59:59,0,0,0
csgo_mc_2393391,2026-04-25 19:00:00,3,,TBD,,TBD,csgo_tt_9139, CCT 2026 挑战者 欧洲 第1季,https://oss.5eplay.com/cloudx/p/sport/csgo/tournament/d7hdg6cconkpudhr49tg.png,2026-04-18 00:00:00,2026-04-26 23:59:59,0,0,0
csgo_mc_2393418,2026-04-25 19:00:00,3,,TBD,,TBD,csgo_tt_8956,CCT 全球总决赛 2026,https://oss.5eplay.com/sport/csgo/event/7517.png,2026-04-24 18:00:00,2026-04-26 18:00:00,0,0,0
csgo_mc_2393196,2026-04-25 19:00:00,3,,TBD,,TBD,csgo_tt_9120,NODWIN Clutch 系列 7,https://oss.5eplay.com/cloudx/p/sport/csgo/tournament/d3aacfcconkqbk3bnqo0.png,2026-04-14 00:00:00,2026-04-28 06:00:00,0,0,0
csgo_mc_2393427,2026-04-25 20:00:00,3,csgo_tm_10577,SINNERS,hltv_team_13681,Inner Circle Academy,csgo_tt_9036,LORGAR排名赛 S1,https://oss.5eplay.com/cloudx/p/sport/csgo/tournament/d6irdq4conkpudhr3mv0.webp,2026-04-25 00:00:00,2026-04-26 23:59:59,0,0,0
csgo_mc_2393504,2026-04-25 21:00:00,3,,TBD,,TBD,csgo_tt_9129, ESL 挑战者联赛 S51 欧洲杯 第4季,https://oss.5eplay.com/cloudx/p/sport/csgo/tournament/d2jeda4conkqbk3bnkm0.png,2026-04-22 00:00:00,2026-05-04 06:00:00,0,0,0
csgo_mc_2393505,2026-04-25 21:00:00,3,,TBD,,TBD,csgo_tt_9129, ESL 挑战者联赛 S51 欧洲杯 第4季,https://oss.5eplay.com/cloudx/p/sport/csgo/tournament/d2jeda4conkqbk3bnkm0.png,2026-04-22 00:00:00,2026-05-04 06:00:00,0,0,0
csgo_mc_2393506,2026-04-25 21:00:00,3,,TBD,,TBD,csgo_tt_9129, ESL 挑战者联赛 S51 欧洲杯 第4季,https://oss.5eplay.com/cloudx/p/sport/csgo/tournament/d2jeda4conkqbk3bnkm0.png,2026-04-22 00:00:00,2026-05-04 06:00:00,0,0,0
csgo_mc_2393507,2026-04-25 21:00:00,3,,TBD,,TBD,csgo_tt_9129, ESL 挑战者联赛 S51 欧洲杯 第4季,https://oss.5eplay.com/cloudx/p/sport/csgo/tournament/d2jeda4conkqbk3bnkm0.png,2026-04-22 00:00:00,2026-05-04 06:00:00,0,0,0
csgo_mc_2393508,2026-04-25 21:00:00,3,,TBD,,TBD,csgo_tt_9129, ESL 挑战者联赛 S51 欧洲杯 第4季,https://oss.5eplay.com/cloudx/p/sport/csgo/tournament/d2jeda4conkqbk3bnkm0.png,2026-04-22 00:00:00,2026-05-04 06:00:00,0,0,0
csgo_mc_2393509,2026-04-25 21:00:00,3,,TBD,,TBD,csgo_tt_9129, ESL 挑战者联赛 S51 欧洲杯 第4季,https://oss.5eplay.com/cloudx/p/sport/csgo/tournament/d2jeda4conkqbk3bnkm0.png,2026-04-22 00:00:00,2026-05-04 06:00:00,0,0,0
csgo_mc_2393510,2026-04-25 21:00:00,3,,TBD,,TBD,csgo_tt_9129, ESL 挑战者联赛 S51 欧洲杯 第4季,https://oss.5eplay.com/cloudx/p/sport/csgo/tournament/d2jeda4conkqbk3bnkm0.png,2026-04-22 00:00:00,2026-05-04 06:00:00,0,0,0
csgo_mc_2393511,2026-04-25 21:00:00,3,,TBD,,TBD,csgo_tt_9129, ESL 挑战者联赛 S51 欧洲杯 第4季,https://oss.5eplay.com/cloudx/p/sport/csgo/tournament/d2jeda4conkqbk3bnkm0.png,2026-04-22 00:00:00,2026-05-04 06:00:00,0,0,0
csgo_mc_2393392,2026-04-25 21:45:00,3,,TBD,,TBD,csgo_tt_9139, CCT 2026 挑战者 欧洲 第1季,https://oss.5eplay.com/cloudx/p/sport/csgo/tournament/d7hdg6cconkpudhr49tg.png,2026-04-18 00:00:00,2026-04-26 23:59:59,0,0,0
csgo_mc_2393419,2026-04-25 22:00:00,3,,TBD,,TBD,csgo_tt_8956,CCT 全球总决赛 2026,https://oss.5eplay.com/sport/csgo/event/7517.png,2026-04-24 18:00:00,2026-04-26 18:00:00,0,0,0
csgo_mc_2393197,2026-04-25 22:00:00,3,,TBD,,TBD,csgo_tt_9120,NODWIN Clutch 系列 7,https://oss.5eplay.com/cloudx/p/sport/csgo/tournament/d3aacfcconkqbk3bnqo0.png,2026-04-14 00:00:00,2026-04-28 06:00:00,0,0,0
csgo_mc_2393428,2026-04-25 23:00:00,3,hltv_team_13404,Gentle Mates,hltv_team_13333,ASTRAL,csgo_tt_9036,LORGAR排名赛 S1,https://oss.5eplay.com/cloudx/p/sport/csgo/tournament/d6irdq4conkpudhr3mv0.webp,2026-04-25 00:00:00,2026-04-26 23:59:59,0,0,0
csgo_mc_2393420,2026-04-26 01:00:00,3,,TBD,,TBD,csgo_tt_8956,CCT 全球总决赛 2026,https://oss.5eplay.com/sport/csgo/event/7517.png,2026-04-24 18:00:00,2026-04-26 18:00:00,0,0,0
csgo_mc_2393198,2026-04-26 01:00:00,3,,TBD,,TBD,csgo_tt_9120,NODWIN Clutch 系列 7,https://oss.5eplay.com/cloudx/p/sport/csgo/tournament/d3aacfcconkqbk3bnqo0.png,2026-04-14 00:00:00,2026-04-28 06:00:00,0,0,0
csgo_mc_2393512,2026-04-26 01:00:00,3,,TBD,,TBD,csgo_tt_9129, ESL 挑战者联赛 S51 欧洲杯 第4季,https://oss.5eplay.com/cloudx/p/sport/csgo/tournament/d2jeda4conkqbk3bnkm0.png,2026-04-22 00:00:00,2026-05-04 06:00:00,0,0,0
csgo_mc_2393514,2026-04-26 01:00:00,3,,TBD,,TBD,csgo_tt_9129, ESL 挑战者联赛 S51 欧洲杯 第4季,https://oss.5eplay.com/cloudx/p/sport/csgo/tournament/d2jeda4conkqbk3bnkm0.png,2026-04-22 00:00:00,2026-05-04 06:00:00,0,0,0
csgo_mc_2393513,2026-04-26 01:00:00,3,,TBD,,TBD,csgo_tt_9129, ESL 挑战者联赛 S51 欧洲杯 第4季,https://oss.5eplay.com/cloudx/p/sport/csgo/tournament/d2jeda4conkqbk3bnkm0.png,2026-04-22 00:00:00,2026-05-04 06:00:00,0,0,0
csgo_mc_2393515,2026-04-26 01:00:00,3,,TBD,,TBD,csgo_tt_9129, ESL 挑战者联赛 S51 欧洲杯 第4季,https://oss.5eplay.com/cloudx/p/sport/csgo/tournament/d2jeda4conkqbk3bnkm0.png,2026-04-22 00:00:00,2026-05-04 06:00:00,0,0,0
csgo_mc_2393516,2026-04-26 01:00:00,3,,TBD,,TBD,csgo_tt_9129, ESL 挑战者联赛 S51 欧洲杯 第4季,https://oss.5eplay.com/cloudx/p/sport/csgo/tournament/d2jeda4conkqbk3bnkm0.png,2026-04-22 00:00:00,2026-05-04 06:00:00,0,0,0
csgo_mc_2393517,2026-04-26 01:00:00,3,,TBD,,TBD,csgo_tt_9129, ESL 挑战者联赛 S51 欧洲杯 第4季,https://oss.5eplay.com/cloudx/p/sport/csgo/tournament/d2jeda4conkqbk3bnkm0.png,2026-04-22 00:00:00,2026-05-04 06:00:00,0,0,0
csgo_mc_2393518,2026-04-26 01:00:00,3,,TBD,,TBD,csgo_tt_9129, ESL 挑战者联赛 S51 欧洲杯 第4季,https://oss.5eplay.com/cloudx/p/sport/csgo/tournament/d2jeda4conkqbk3bnkm0.png,2026-04-22 00:00:00,2026-05-04 06:00:00,0,0,0
csgo_mc_2393519,2026-04-26 01:00:00,3,,TBD,,TBD,csgo_tt_9129, ESL 挑战者联赛 S51 欧洲杯 第4季,https://oss.5eplay.com/cloudx/p/sport/csgo/tournament/d2jeda4conkqbk3bnkm0.png,2026-04-22 00:00:00,2026-05-04 06:00:00,0,0,0
csgo_mc_2393429,2026-04-26 02:00:00,3,hltv_team_13679,FOKUS,hltv_team_13314,KOLESIE,csgo_tt_9036,LORGAR排名赛 S1,https://oss.5eplay.com/cloudx/p/sport/csgo/tournament/d6irdq4conkpudhr3mv0.webp,2026-04-25 00:00:00,2026-04-26 23:59:59,0,0,0
csgo_mc_2393453,2026-04-26 03:00:00,3,,TBD,,TBD,csgo_tt_9142,BB RUSH B Summit 第3赛季,https://oss.5eplay.com/cloudx/p/sport/csgo/tournament/d5e5ofkconkpudhr3g00.png,2026-04-22 00:00:00,2026-04-26 23:59:59,0,0,0
csgo_mc_2393454,2026-04-26 09:00:00,3,,TBD,,TBD,csgo_tt_9142,BB RUSH B Summit 第3赛季,https://oss.5eplay.com/cloudx/p/sport/csgo/tournament/d5e5ofkconkpudhr3g00.png,2026-04-22 00:00:00,2026-04-26 23:59:59,0,0,0
csgo_mc_2393199,2026-04-26 16:00:00,3,,TBD,,TBD,csgo_tt_9120,NODWIN Clutch 系列 7,https://oss.5eplay.com/cloudx/p/sport/csgo/tournament/d3aacfcconkqbk3bnqo0.png,2026-04-14 00:00:00,2026-04-28 06:00:00,0,0,0
csgo_mc_2393550,2026-04-26 17:00:00,3,,TBD,,TBD,csgo_tt_9127, ESL 挑战者联赛 S51 大洋洲杯 第4季,https://oss.5eplay.com/cloudx/p/sport/csgo/tournament/d2jeda4conkqbk3bnkm0.png,2026-04-26 00:00:00,2026-05-03 23:59:59,0,0,0
csgo_mc_2393551,2026-04-26 17:00:00,3,hltv_team_13543,Time Waves,hltv_team_13685,Skele,csgo_tt_9127, ESL 挑战者联赛 S51 大洋洲杯 第4季,https://oss.5eplay.com/cloudx/p/sport/csgo/tournament/d2jeda4conkqbk3bnkm0.png,2026-04-26 00:00:00,2026-05-03 23:59:59,0,0,0
csgo_mc_2393421,2026-04-26 18:30:00,3,,TBD,,TBD,csgo_tt_8956,CCT 全球总决赛 2026,https://oss.5eplay.com/sport/csgo/event/7517.png,2026-04-24 18:00:00,2026-04-26 18:00:00,0,0,0
csgo_mc_2393393,2026-04-26 19:00:00,3,,TBD,,TBD,csgo_tt_9139, CCT 2026 挑战者 欧洲 第1季,https://oss.5eplay.com/cloudx/p/sport/csgo/tournament/d7hdg6cconkpudhr49tg.png,2026-04-18 00:00:00,2026-04-26 23:59:59,0,0,0
csgo_mc_2393430,2026-04-26 19:00:00,3,,TBD,,TBD,csgo_tt_9036,LORGAR排名赛 S1,https://oss.5eplay.com/cloudx/p/sport/csgo/tournament/d6irdq4conkpudhr3mv0.webp,2026-04-25 00:00:00,2026-04-26 23:59:59,0,0,0
csgo_mc_2393200,2026-04-26 19:00:00,3,,TBD,,TBD,csgo_tt_9120,NODWIN Clutch 系列 7,https://oss.5eplay.com/cloudx/p/sport/csgo/tournament/d3aacfcconkqbk3bnqo0.png,2026-04-14 00:00:00,2026-04-28 06:00:00,0,0,0
csgo_mc_2393568,2026-04-26 21:00:00,3,csgo_tm_4863,TYLOO,hltv_team_13736,Sensation,csgo_tt_9128, ESL 挑战者联赛 S51 亚洲杯 第4季,https://oss.5eplay.com/cloudx/p/sport/csgo/tournament/d2jeda4conkqbk3bnkm0.png,2026-04-26 00:00:00,2026-05-03 23:59:59,0,0,0
csgo_mc_2393569,2026-04-26 21:00:00,3,csgo_tm_9958,AE,hltv_team_12825,The QUBE,csgo_tt_9128, ESL 挑战者联赛 S51 亚洲杯 第4季,https://oss.5eplay.com/cloudx/p/sport/csgo/tournament/d2jeda4conkqbk3bnkm0.png,2026-04-26 00:00:00,2026-05-03 23:59:59,0,0,0
csgo_mc_2393570,2026-04-26 21:00:00,3,csgo_tm_11514,RA,hltv_team_13053,Just Swing,csgo_tt_9128, ESL 挑战者联赛 S51 亚洲杯 第4季,https://oss.5eplay.com/cloudx/p/sport/csgo/tournament/d2jeda4conkqbk3bnkm0.png,2026-04-26 00:00:00,2026-05-03 23:59:59,0,0,0
csgo_mc_2393571,2026-04-26 21:00:00,3,csgo_tm_10287,Legion,hltv_team_12646,CW,csgo_tt_9128, ESL 挑战者联赛 S51 亚洲杯 第4季,https://oss.5eplay.com/cloudx/p/sport/csgo/tournament/d2jeda4conkqbk3bnkm0.png,2026-04-26 00:00:00,2026-05-03 23:59:59,0,0,0
csgo_mc_2393573,2026-04-26 21:00:00,3,hltv_team_13735,Haunted House,hltv_team_13331,Kaleido,csgo_tt_9128, ESL 挑战者联赛 S51 亚洲杯 第4季,https://oss.5eplay.com/cloudx/p/sport/csgo/tournament/d2jeda4conkqbk3bnkm0.png,2026-04-26 00:00:00,2026-05-03 23:59:59,0,0,0
csgo_mc_2393572,2026-04-26 21:00:00,3,hltv_team_13667,NEXVOID,hltv_team_12948,BP,csgo_tt_9128, ESL 挑战者联赛 S51 亚洲杯 第4季,https://oss.5eplay.com/cloudx/p/sport/csgo/tournament/d2jeda4conkqbk3bnkm0.png,2026-04-26 00:00:00,2026-05-03 23:59:59,0,0,0
csgo_mc_2393574,2026-04-26 21:00:00,3,hltv_team_13666,BMZ,hltv_team_13433,Last Bullet,csgo_tt_9128, ESL 挑战者联赛 S51 亚洲杯 第4季,https://oss.5eplay.com/cloudx/p/sport/csgo/tournament/d2jeda4conkqbk3bnkm0.png,2026-04-26 00:00:00,2026-05-03 23:59:59,0,0,0
csgo_mc_2393575,2026-04-26 21:00:00,3,hltv_team_13502,Arise,hltv_team_12510,The Huns,csgo_tt_9128, ESL 挑战者联赛 S51 亚洲杯 第4季,https://oss.5eplay.com/cloudx/p/sport/csgo/tournament/d2jeda4conkqbk3bnkm0.png,2026-04-26 00:00:00,2026-05-03 23:59:59,0,0,0
csgo_mc_2393394,2026-04-26 21:45:00,3,,TBD,,TBD,csgo_tt_9139, CCT 2026 挑战者 欧洲 第1季,https://oss.5eplay.com/cloudx/p/sport/csgo/tournament/d7hdg6cconkpudhr49tg.png,2026-04-18 00:00:00,2026-04-26 23:59:59,0,0,0
csgo_mc_2393431,2026-04-26 22:00:00,3,,TBD,,TBD,csgo_tt_9036,LORGAR排名赛 S1,https://oss.5eplay.com/cloudx/p/sport/csgo/tournament/d6irdq4conkpudhr3mv0.webp,2026-04-25 00:00:00,2026-04-26 23:59:59,0,0,0
csgo_mc_2393201,2026-04-26 22:00:00,3,,TBD,,TBD,csgo_tt_9120,NODWIN Clutch 系列 7,https://oss.5eplay.com/cloudx/p/sport/csgo/tournament/d3aacfcconkqbk3bnqo0.png,2026-04-14 00:00:00,2026-04-28 06:00:00,0,0,0
csgo_mc_2393422,2026-04-26 22:30:00,3,,TBD,,TBD,csgo_tt_8956,CCT 全球总决赛 2026,https://oss.5eplay.com/sport/csgo/event/7517.png,2026-04-24 18:00:00,2026-04-26 18:00:00,0,0,0
csgo_mc_2393432,2026-04-27 01:00:00,3,,TBD,,TBD,csgo_tt_9036,LORGAR排名赛 S1,https://oss.5eplay.com/cloudx/p/sport/csgo/tournament/d6irdq4conkpudhr3mv0.webp,2026-04-25 00:00:00,2026-04-26 23:59:59,0,0,0
csgo_mc_2393202,2026-04-27 01:00:00,3,,TBD,,TBD,csgo_tt_9120,NODWIN Clutch 系列 7,https://oss.5eplay.com/cloudx/p/sport/csgo/tournament/d3aacfcconkqbk3bnqo0.png,2026-04-14 00:00:00,2026-04-28 06:00:00,0,0,0
csgo_mc_2393520,2026-04-27 01:00:00,3,,TBD,,TBD,csgo_tt_9129, ESL 挑战者联赛 S51 欧洲杯 第4季,https://oss.5eplay.com/cloudx/p/sport/csgo/tournament/d2jeda4conkqbk3bnkm0.png,2026-04-22 00:00:00,2026-05-04 06:00:00,0,0,0
csgo_mc_2393521,2026-04-27 01:00:00,3,,TBD,,TBD,csgo_tt_9129, ESL 挑战者联赛 S51 欧洲杯 第4季,https://oss.5eplay.com/cloudx/p/sport/csgo/tournament/d2jeda4conkqbk3bnkm0.png,2026-04-22 00:00:00,2026-05-04 06:00:00,0,0,0
csgo_mc_2393522,2026-04-27 01:00:00,3,,TBD,,TBD,csgo_tt_9129, ESL 挑战者联赛 S51 欧洲杯 第4季,https://oss.5eplay.com/cloudx/p/sport/csgo/tournament/d2jeda4conkqbk3bnkm0.png,2026-04-22 00:00:00,2026-05-04 06:00:00,0,0,0
csgo_mc_2393523,2026-04-27 01:00:00,3,,TBD,,TBD,csgo_tt_9129, ESL 挑战者联赛 S51 欧洲杯 第4季,https://oss.5eplay.com/cloudx/p/sport/csgo/tournament/d2jeda4conkqbk3bnkm0.png,2026-04-22 00:00:00,2026-05-04 06:00:00,0,0,0
csgo_mc_2393524,2026-04-27 01:00:00,3,,TBD,,TBD,csgo_tt_9129, ESL 挑战者联赛 S51 欧洲杯 第4季,https://oss.5eplay.com/cloudx/p/sport/csgo/tournament/d2jeda4conkqbk3bnkm0.png,2026-04-22 00:00:00,2026-05-04 06:00:00,0,0,0
csgo_mc_2393525,2026-04-27 01:00:00,3,,TBD,,TBD,csgo_tt_9129, ESL 挑战者联赛 S51 欧洲杯 第4季,https://oss.5eplay.com/cloudx/p/sport/csgo/tournament/d2jeda4conkqbk3bnkm0.png,2026-04-22 00:00:00,2026-05-04 06:00:00,0,0,0
csgo_mc_2393526,2026-04-27 01:00:00,3,,TBD,,TBD,csgo_tt_9129, ESL 挑战者联赛 S51 欧洲杯 第4季,https://oss.5eplay.com/cloudx/p/sport/csgo/tournament/d2jeda4conkqbk3bnkm0.png,2026-04-22 00:00:00,2026-05-04 06:00:00,0,0,0
csgo_mc_2393527,2026-04-27 01:00:00,3,,TBD,,TBD,csgo_tt_9129, ESL 挑战者联赛 S51 欧洲杯 第4季,https://oss.5eplay.com/cloudx/p/sport/csgo/tournament/d2jeda4conkqbk3bnkm0.png,2026-04-22 00:00:00,2026-05-04 06:00:00,0,0,0
csgo_mc_2393598,2026-04-27 05:00:00,3,,TBD,,TBD,csgo_tt_9130, ESL 挑战者联赛 S51 南美杯 第4季,https://oss.5eplay.com/cloudx/p/sport/csgo/tournament/d2jeda4conkqbk3bnkm0.png,2026-04-26 00:00:00,2026-05-04 09:00:00,0,0,0
csgo_mc_2393599,2026-04-27 05:00:00,3,hltv_team_13081,Fake do Biru,hltv_team_13304,LP,csgo_tt_9130, ESL 挑战者联赛 S51 南美杯 第4季,https://oss.5eplay.com/cloudx/p/sport/csgo/tournament/d2jeda4conkqbk3bnkm0.png,2026-04-26 00:00:00,2026-05-04 09:00:00,0,0,0
csgo_mc_2393600,2026-04-27 05:00:00,3,csgo_tm_9455,Imperial,hltv_team_12988,GameHunters,csgo_tt_9130, ESL 挑战者联赛 S51 南美杯 第4季,https://oss.5eplay.com/cloudx/p/sport/csgo/tournament/d2jeda4conkqbk3bnkm0.png,2026-04-26 00:00:00,2026-05-04 09:00:00,0,0,0
csgo_mc_2393601,2026-04-27 05:00:00,3,csgo_tm_11933,Yawara,csgo_tm_7176,RED Canids,csgo_tt_9130, ESL 挑战者联赛 S51 南美杯 第4季,https://oss.5eplay.com/cloudx/p/sport/csgo/tournament/d2jeda4conkqbk3bnkm0.png,2026-04-26 00:00:00,2026-05-04 09:00:00,0,0,0
csgo_mc_2393602,2026-04-27 05:00:00,3,hltv_team_12959,ShindeN,csgo_tm_10997,Procyon,csgo_tt_9130, ESL 挑战者联赛 S51 南美杯 第4季,https://oss.5eplay.com/cloudx/p/sport/csgo/tournament/d2jeda4conkqbk3bnkm0.png,2026-04-26 00:00:00,2026-05-04 09:00:00,0,0,0
csgo_mc_2393603,2026-04-27 05:00:00,3,csgo_tm_7653,Isurus,hltv_team_12776,Bounty Hunters,csgo_tt_9130, ESL 挑战者联赛 S51 南美杯 第4季,https://oss.5eplay.com/cloudx/p/sport/csgo/tournament/d2jeda4conkqbk3bnkm0.png,2026-04-26 00:00:00,2026-05-04 09:00:00,0,0,0
csgo_mc_2393604,2026-04-27 05:00:00,3,hltv_team_12677,Galorys,csgo_tm_6033,Keyd,csgo_tt_9130, ESL 挑战者联赛 S51 南美杯 第4季,https://oss.5eplay.com/cloudx/p/sport/csgo/tournament/d2jeda4conkqbk3bnkm0.png,2026-04-26 00:00:00,2026-05-04 09:00:00,0,0,0
csgo_mc_2393605,2026-04-27 05:00:00,3,csgo_tm_3044,Mibr.A,csgo_tm_11837,Fluxo,csgo_tt_9130, ESL 挑战者联赛 S51 南美杯 第4季,https://oss.5eplay.com/cloudx/p/sport/csgo/tournament/d2jeda4conkqbk3bnkm0.png,2026-04-26 00:00:00,2026-05-04 09:00:00,0,0,0
csgo_mc_2393455,2026-04-27 07:00:00,5,,TBD,,TBD,csgo_tt_9142,BB RUSH B Summit 第3赛季,https://oss.5eplay.com/cloudx/p/sport/csgo/tournament/d5e5ofkconkpudhr3g00.png,2026-04-22 00:00:00,2026-04-26 23:59:59,0,0,0
csgo_mc_2393628,2026-04-27 09:00:00,3,hltv_team_13499,Voca,hltv_team_11433,Surge,csgo_tt_9131, ESL 挑战者联赛 S51 北美杯 第4季,https://oss.5eplay.com/cloudx/p/sport/csgo/tournament/d2jeda4conkqbk3bnkm0.png,2026-04-26 00:00:00,2026-05-04 12:00:00,0,0,0
csgo_mc_2393629,2026-04-27 09:00:00,3,hltv_team_13201,F5,hltv_team_13107,Chicken Coop,csgo_tt_9131, ESL 挑战者联赛 S51 北美杯 第4季,https://oss.5eplay.com/cloudx/p/sport/csgo/tournament/d2jeda4conkqbk3bnkm0.png,2026-04-26 00:00:00,2026-05-04 12:00:00,0,0,0
csgo_mc_2393630,2026-04-27 09:00:00,3,hltv_team_12534,BOSS,hltv_team_12164,Zomblers,csgo_tt_9131, ESL 挑战者联赛 S51 北美杯 第4季,https://oss.5eplay.com/cloudx/p/sport/csgo/tournament/d2jeda4conkqbk3bnkm0.png,2026-04-26 00:00:00,2026-05-04 12:00:00,0,0,0
csgo_mc_2393631,2026-04-27 09:00:00,3,hltv_team_12554,regain,hltv_team_12769,Fisher College,csgo_tt_9131, ESL 挑战者联赛 S51 北美杯 第4季,https://oss.5eplay.com/cloudx/p/sport/csgo/tournament/d2jeda4conkqbk3bnkm0.png,2026-04-26 00:00:00,2026-05-04 12:00:00,0,0,0
csgo_mc_2393632,2026-04-27 09:00:00,3,hltv_team_12257,Wildcard,hltv_team_12971,Wanted Goons,csgo_tt_9131, ESL 挑战者联赛 S51 北美杯 第4季,https://oss.5eplay.com/cloudx/p/sport/csgo/tournament/d2jeda4conkqbk3bnkm0.png,2026-04-26 00:00:00,2026-05-04 12:00:00,0,0,0
csgo_mc_2393633,2026-04-27 09:00:00,3,hltv_team_13729,EMPIRE,hltv_team_12908,Aether,csgo_tt_9131, ESL 挑战者联赛 S51 北美杯 第4季,https://oss.5eplay.com/cloudx/p/sport/csgo/tournament/d2jeda4conkqbk3bnkm0.png,2026-04-26 00:00:00,2026-05-04 12:00:00,0,0,0
csgo_mc_2393634,2026-04-27 09:00:00,3,hltv_team_13665,FarmVille,hltv_team_13778,insane players,csgo_tt_9131, ESL 挑战者联赛 S51 北美杯 第4季,https://oss.5eplay.com/cloudx/p/sport/csgo/tournament/d2jeda4conkqbk3bnkm0.png,2026-04-26 00:00:00,2026-05-04 12:00:00,0,0,0
csgo_mc_2393635,2026-04-27 09:00:00,3,hltv_team_13425,Reign Above,hltv_team_13124,Marsborne,csgo_tt_9131, ESL 挑战者联赛 S51 北美杯 第4季,https://oss.5eplay.com/cloudx/p/sport/csgo/tournament/d2jeda4conkqbk3bnkm0.png,2026-04-26 00:00:00,2026-05-04 12:00:00,0,0,0
csgo_mc_2393203,2026-04-27 16:00:00,3,,TBD,,TBD,csgo_tt_9120,NODWIN Clutch 系列 7,https://oss.5eplay.com/cloudx/p/sport/csgo/tournament/d3aacfcconkqbk3bnqo0.png,2026-04-14 00:00:00,2026-04-28 06:00:00,0,0,0
csgo_mc_2393552,2026-04-27 17:00:00,3,hltv_team_13486,THUNDER dOWNUNDER,,TBD,csgo_tt_9127, ESL 挑战者联赛 S51 大洋洲杯 第4季,https://oss.5eplay.com/cloudx/p/sport/csgo/tournament/d2jeda4conkqbk3bnkm0.png,2026-04-26 00:00:00,2026-05-03 23:59:59,0,0,0
csgo_mc_2393553,2026-04-27 17:00:00,3,hltv_team_13660,Ding Cuts,hltv_team_13686,Abyssal,csgo_tt_9127, ESL 挑战者联赛 S51 大洋洲杯 第4季,https://oss.5eplay.com/cloudx/p/sport/csgo/tournament/d2jeda4conkqbk3bnkm0.png,2026-04-26 00:00:00,2026-05-03 23:59:59,0,0,0
csgo_mc_2393554,2026-04-27 17:00:00,3,csgo_tm_9881,Rooster,csgo_tm_9942,MARKandLARRY,csgo_tt_9127, ESL 挑战者联赛 S51 大洋洲杯 第4季,https://oss.5eplay.com/cloudx/p/sport/csgo/tournament/d2jeda4conkqbk3bnkm0.png,2026-04-26 00:00:00,2026-05-03 23:59:59,0,0,0
csgo_mc_2393555,2026-04-27 17:00:00,3,csgo_tm_8536,Gz,,TBD,csgo_tt_9127, ESL 挑战者联赛 S51 大洋洲杯 第4季,https://oss.5eplay.com/cloudx/p/sport/csgo/tournament/d2jeda4conkqbk3bnkm0.png,2026-04-26 00:00:00,2026-05-03 23:59:59,0,0,0
csgo_mc_2393204,2026-04-27 19:00:00,3,,TBD,,TBD,csgo_tt_9120,NODWIN Clutch 系列 7,https://oss.5eplay.com/cloudx/p/sport/csgo/tournament/d3aacfcconkqbk3bnqo0.png,2026-04-14 00:00:00,2026-04-28 06:00:00,0,0,0
csgo_mc_2393576,2026-04-27 21:00:00,3,,TBD,,TBD,csgo_tt_9128, ESL 挑战者联赛 S51 亚洲杯 第4季,https://oss.5eplay.com/cloudx/p/sport/csgo/tournament/d2jeda4conkqbk3bnkm0.png,2026-04-26 00:00:00,2026-05-03 23:59:59,0,0,0
csgo_mc_2393581,2026-04-27 21:00:00,3,,TBD,,TBD,csgo_tt_9128, ESL 挑战者联赛 S51 亚洲杯 第4季,https://oss.5eplay.com/cloudx/p/sport/csgo/tournament/d2jeda4conkqbk3bnkm0.png,2026-04-26 00:00:00,2026-05-03 23:59:59,0,0,0
csgo_mc_2393580,2026-04-27 21:00:00,3,,TBD,,TBD,csgo_tt_9128, ESL 挑战者联赛 S51 亚洲杯 第4季,https://oss.5eplay.com/cloudx/p/sport/csgo/tournament/d2jeda4conkqbk3bnkm0.png,2026-04-26 00:00:00,2026-05-03 23:59:59,0,0,0
csgo_mc_2393577,2026-04-27 21:00:00,3,,TBD,,TBD,csgo_tt_9128, ESL 挑战者联赛 S51 亚洲杯 第4季,https://oss.5eplay.com/cloudx/p/sport/csgo/tournament/d2jeda4conkqbk3bnkm0.png,2026-04-26 00:00:00,2026-05-03 23:59:59,0,0,0
csgo_mc_2393579,2026-04-27 21:00:00,3,,TBD,,TBD,csgo_tt_9128, ESL 挑战者联赛 S51 亚洲杯 第4季,https://oss.5eplay.com/cloudx/p/sport/csgo/tournament/d2jeda4conkqbk3bnkm0.png,2026-04-26 00:00:00,2026-05-03 23:59:59,0,0,0
csgo_mc_2393578,2026-04-27 21:00:00,3,,TBD,,TBD,csgo_tt_9128, ESL 挑战者联赛 S51 亚洲杯 第4季,https://oss.5eplay.com/cloudx/p/sport/csgo/tournament/d2jeda4conkqbk3bnkm0.png,2026-04-26 00:00:00,2026-05-03 23:59:59,0,0,0
csgo_mc_2393582,2026-04-27 21:00:00,3,,TBD,,TBD,csgo_tt_9128, ESL 挑战者联赛 S51 亚洲杯 第4季,https://oss.5eplay.com/cloudx/p/sport/csgo/tournament/d2jeda4conkqbk3bnkm0.png,2026-04-26 00:00:00,2026-05-03 23:59:59,0,0,0
csgo_mc_2393583,2026-04-27 21:00:00,3,,TBD,,TBD,csgo_tt_9128, ESL 挑战者联赛 S51 亚洲杯 第4季,https://oss.5eplay.com/cloudx/p/sport/csgo/tournament/d2jeda4conkqbk3bnkm0.png,2026-04-26 00:00:00,2026-05-03 23:59:59,0,0,0
csgo_mc_2393312,2026-04-27 21:00:00,3,,TBD,,TBD,csgo_tt_9132,Tipsport 征服布拉格 2026,https://oss.5eplay.com/cloudx/p/sport/csgo/tournament/d7bheo4conkpudhr3rs0.png,2026-04-12 00:00:00,2026-04-29 23:59:59,0,0,0
csgo_mc_2393205,2026-04-27 22:00:00,3,,TBD,,TBD,csgo_tt_9120,NODWIN Clutch 系列 7,https://oss.5eplay.com/cloudx/p/sport/csgo/tournament/d3aacfcconkqbk3bnqo0.png,2026-04-14 00:00:00,2026-04-28 06:00:00,0,0,0
csgo_mc_2393313,2026-04-27 23:30:00,3,,TBD,,TBD,csgo_tt_9132,Tipsport 征服布拉格 2026,https://oss.5eplay.com/cloudx/p/sport/csgo/tournament/d7bheo4conkpudhr3rs0.png,2026-04-12 00:00:00,2026-04-29 23:59:59,0,0,0
csgo_mc_2393528,2026-04-28 01:00:00,3,,TBD,,TBD,csgo_tt_9129, ESL 挑战者联赛 S51 欧洲杯 第4季,https://oss.5eplay.com/cloudx/p/sport/csgo/tournament/d2jeda4conkqbk3bnkm0.png,2026-04-22 00:00:00,2026-05-04 06:00:00,0,0,0
csgo_mc_2393529,2026-04-28 01:00:00,3,,TBD,,TBD,csgo_tt_9129, ESL 挑战者联赛 S51 欧洲杯 第4季,https://oss.5eplay.com/cloudx/p/sport/csgo/tournament/d2jeda4conkqbk3bnkm0.png,2026-04-22 00:00:00,2026-05-04 06:00:00,0,0,0
csgo_mc_2393530,2026-04-28 01:00:00,3,,TBD,,TBD,csgo_tt_9129, ESL 挑战者联赛 S51 欧洲杯 第4季,https://oss.5eplay.com/cloudx/p/sport/csgo/tournament/d2jeda4conkqbk3bnkm0.png,2026-04-22 00:00:00,2026-05-04 06:00:00,0,0,0
csgo_mc_2393531,2026-04-28 01:00:00,3,,TBD,,TBD,csgo_tt_9129, ESL 挑战者联赛 S51 欧洲杯 第4季,https://oss.5eplay.com/cloudx/p/sport/csgo/tournament/d2jeda4conkqbk3bnkm0.png,2026-04-22 00:00:00,2026-05-04 06:00:00,0,0,0
csgo_mc_2393532,2026-04-28 01:00:00,3,,TBD,,TBD,csgo_tt_9129, ESL 挑战者联赛 S51 欧洲杯 第4季,https://oss.5eplay.com/cloudx/p/sport/csgo/tournament/d2jeda4conkqbk3bnkm0.png,2026-04-22 00:00:00,2026-05-04 06:00:00,0,0,0
csgo_mc_2393533,2026-04-28 01:00:00,3,,TBD,,TBD,csgo_tt_9129, ESL 挑战者联赛 S51 欧洲杯 第4季,https://oss.5eplay.com/cloudx/p/sport/csgo/tournament/d2jeda4conkqbk3bnkm0.png,2026-04-22 00:00:00,2026-05-04 06:00:00,0,0,0
csgo_mc_2393534,2026-04-28 01:00:00,3,,TBD,,TBD,csgo_tt_9129, ESL 挑战者联赛 S51 欧洲杯 第4季,https://oss.5eplay.com/cloudx/p/sport/csgo/tournament/d2jeda4conkqbk3bnkm0.png,2026-04-22 00:00:00,2026-05-04 06:00:00,0,0,0
csgo_mc_2393535,2026-04-28 01:00:00,3,,TBD,,TBD,csgo_tt_9129, ESL 挑战者联赛 S51 欧洲杯 第4季,https://oss.5eplay.com/cloudx/p/sport/csgo/tournament/d2jeda4conkqbk3bnkm0.png,2026-04-22 00:00:00,2026-05-04 06:00:00,0,0,0
csgo_mc_2393314,2026-04-28 02:00:00,3,,TBD,,TBD,csgo_tt_9132,Tipsport 征服布拉格 2026,https://oss.5eplay.com/cloudx/p/sport/csgo/tournament/d7bheo4conkpudhr3rs0.png,2026-04-12 00:00:00,2026-04-29 23:59:59,0,0,0
csgo_mc_2393606,2026-04-28 05:00:00,3,,TBD,,TBD,csgo_tt_9130, ESL 挑战者联赛 S51 南美杯 第4季,https://oss.5eplay.com/cloudx/p/sport/csgo/tournament/d2jeda4conkqbk3bnkm0.png,2026-04-26 00:00:00,2026-05-04 09:00:00,0,0,0
csgo_mc_2393607,2026-04-28 05:00:00,3,,TBD,,TBD,csgo_tt_9130, ESL 挑战者联赛 S51 南美杯 第4季,https://oss.5eplay.com/cloudx/p/sport/csgo/tournament/d2jeda4conkqbk3bnkm0.png,2026-04-26 00:00:00,2026-05-04 09:00:00,0,0,0
csgo_mc_2393608,2026-04-28 05:00:00,3,,TBD,,TBD,csgo_tt_9130, ESL 挑战者联赛 S51 南美杯 第4季,https://oss.5eplay.com/cloudx/p/sport/csgo/tournament/d2jeda4conkqbk3bnkm0.png,2026-04-26 00:00:00,2026-05-04 09:00:00,0,0,0
csgo_mc_2393609,2026-04-28 05:00:00,3,,TBD,,TBD,csgo_tt_9130, ESL 挑战者联赛 S51 南美杯 第4季,https://oss.5eplay.com/cloudx/p/sport/csgo/tournament/d2jeda4conkqbk3bnkm0.png,2026-04-26 00:00:00,2026-05-04 09:00:00,0,0,0
csgo_mc_2393610,2026-04-28 05:00:00,3,,TBD,,TBD,csgo_tt_9130, ESL 挑战者联赛 S51 南美杯 第4季,https://oss.5eplay.com/cloudx/p/sport/csgo/tournament/d2jeda4conkqbk3bnkm0.png,2026-04-26 00:00:00,2026-05-04 09:00:00,0,0,0
csgo_mc_2393612,2026-04-28 05:00:00,3,,TBD,,TBD,csgo_tt_9130, ESL 挑战者联赛 S51 南美杯 第4季,https://oss.5eplay.com/cloudx/p/sport/csgo/tournament/d2jeda4conkqbk3bnkm0.png,2026-04-26 00:00:00,2026-05-04 09:00:00,0,0,0
csgo_mc_2393611,2026-04-28 05:00:00,3,,TBD,,TBD,csgo_tt_9130, ESL 挑战者联赛 S51 南美杯 第4季,https://oss.5eplay.com/cloudx/p/sport/csgo/tournament/d2jeda4conkqbk3bnkm0.png,2026-04-26 00:00:00,2026-05-04 09:00:00,0,0,0
csgo_mc_2393613,2026-04-28 05:00:00,3,,TBD,,TBD,csgo_tt_9130, ESL 挑战者联赛 S51 南美杯 第4季,https://oss.5eplay.com/cloudx/p/sport/csgo/tournament/d2jeda4conkqbk3bnkm0.png,2026-04-26 00:00:00,2026-05-04 09:00:00,0,0,0
csgo_mc_2393636,2026-04-28 09:00:00,3,,TBD,,TBD,csgo_tt_9131, ESL 挑战者联赛 S51 北美杯 第4季,https://oss.5eplay.com/cloudx/p/sport/csgo/tournament/d2jeda4conkqbk3bnkm0.png,2026-04-26 00:00:00,2026-05-04 12:00:00,0,0,0
csgo_mc_2393637,2026-04-28 09:00:00,3,,TBD,,TBD,csgo_tt_9131, ESL 挑战者联赛 S51 北美杯 第4季,https://oss.5eplay.com/cloudx/p/sport/csgo/tournament/d2jeda4conkqbk3bnkm0.png,2026-04-26 00:00:00,2026-05-04 12:00:00,0,0,0
csgo_mc_2393638,2026-04-28 09:00:00,3,,TBD,,TBD,csgo_tt_9131, ESL 挑战者联赛 S51 北美杯 第4季,https://oss.5eplay.com/cloudx/p/sport/csgo/tournament/d2jeda4conkqbk3bnkm0.png,2026-04-26 00:00:00,2026-05-04 12:00:00,0,0,0
csgo_mc_2393639,2026-04-28 09:00:00,3,,TBD,,TBD,csgo_tt_9131, ESL 挑战者联赛 S51 北美杯 第4季,https://oss.5eplay.com/cloudx/p/sport/csgo/tournament/d2jeda4conkqbk3bnkm0.png,2026-04-26 00:00:00,2026-05-04 12:00:00,0,0,0
csgo_mc_2393640,2026-04-28 09:00:00,3,,TBD,,TBD,csgo_tt_9131, ESL 挑战者联赛 S51 北美杯 第4季,https://oss.5eplay.com/cloudx/p/sport/csgo/tournament/d2jeda4conkqbk3bnkm0.png,2026-04-26 00:00:00,2026-05-04 12:00:00,0,0,0
csgo_mc_2393641,2026-04-28 09:00:00,3,,TBD,,TBD,csgo_tt_9131, ESL 挑战者联赛 S51 北美杯 第4季,https://oss.5eplay.com/cloudx/p/sport/csgo/tournament/d2jeda4conkqbk3bnkm0.png,2026-04-26 00:00:00,2026-05-04 12:00:00,0,0,0
csgo_mc_2393642,2026-04-28 09:00:00,3,,TBD,,TBD,csgo_tt_9131, ESL 挑战者联赛 S51 北美杯 第4季,https://oss.5eplay.com/cloudx/p/sport/csgo/tournament/d2jeda4conkqbk3bnkm0.png,2026-04-26 00:00:00,2026-05-04 12:00:00,0,0,0
csgo_mc_2393643,2026-04-28 09:00:00,3,,TBD,,TBD,csgo_tt_9131, ESL 挑战者联赛 S51 北美杯 第4季,https://oss.5eplay.com/cloudx/p/sport/csgo/tournament/d2jeda4conkqbk3bnkm0.png,2026-04-26 00:00:00,2026-05-04 12:00:00,0,0,0
csgo_mc_2393556,2026-04-28 17:00:00,3,,TBD,,TBD,csgo_tt_9127, ESL 挑战者联赛 S51 大洋洲杯 第4季,https://oss.5eplay.com/cloudx/p/sport/csgo/tournament/d2jeda4conkqbk3bnkm0.png,2026-04-26 00:00:00,2026-05-03 23:59:59,0,0,0
csgo_mc_2393557,2026-04-28 17:00:00,3,,TBD,,TBD,csgo_tt_9127, ESL 挑战者联赛 S51 大洋洲杯 第4季,https://oss.5eplay.com/cloudx/p/sport/csgo/tournament/d2jeda4conkqbk3bnkm0.png,2026-04-26 00:00:00,2026-05-03 23:59:59,0,0,0
csgo_mc_2393584,2026-04-28 21:00:00,3,,TBD,,TBD,csgo_tt_9128, ESL 挑战者联赛 S51 亚洲杯 第4季,https://oss.5eplay.com/cloudx/p/sport/csgo/tournament/d2jeda4conkqbk3bnkm0.png,2026-04-26 00:00:00,2026-05-03 23:59:59,0,0,0
csgo_mc_2393585,2026-04-28 21:00:00,3,,TBD,,TBD,csgo_tt_9128, ESL 挑战者联赛 S51 亚洲杯 第4季,https://oss.5eplay.com/cloudx/p/sport/csgo/tournament/d2jeda4conkqbk3bnkm0.png,2026-04-26 00:00:00,2026-05-03 23:59:59,0,0,0
csgo_mc_2393586,2026-04-28 21:00:00,3,,TBD,,TBD,csgo_tt_9128, ESL 挑战者联赛 S51 亚洲杯 第4季,https://oss.5eplay.com/cloudx/p/sport/csgo/tournament/d2jeda4conkqbk3bnkm0.png,2026-04-26 00:00:00,2026-05-03 23:59:59,0,0,0
csgo_mc_2393587,2026-04-28 21:00:00,3,,TBD,,TBD,csgo_tt_9128, ESL 挑战者联赛 S51 亚洲杯 第4季,https://oss.5eplay.com/cloudx/p/sport/csgo/tournament/d2jeda4conkqbk3bnkm0.png,2026-04-26 00:00:00,2026-05-03 23:59:59,0,0,0
csgo_mc_2393315,2026-04-28 23:00:00,3,,TBD,,TBD,csgo_tt_9132,Tipsport 征服布拉格 2026,https://oss.5eplay.com/cloudx/p/sport/csgo/tournament/d7bheo4conkpudhr3rs0.png,2026-04-12 00:00:00,2026-04-29 23:59:59,0,0,0
csgo_mc_2393536,2026-04-29 01:00:00,3,,TBD,,TBD,csgo_tt_9129, ESL 挑战者联赛 S51 欧洲杯 第4季,https://oss.5eplay.com/cloudx/p/sport/csgo/tournament/d2jeda4conkqbk3bnkm0.png,2026-04-22 00:00:00,2026-05-04 06:00:00,0,0,0
csgo_mc_2393537,2026-04-29 01:00:00,3,,TBD,,TBD,csgo_tt_9129, ESL 挑战者联赛 S51 欧洲杯 第4季,https://oss.5eplay.com/cloudx/p/sport/csgo/tournament/d2jeda4conkqbk3bnkm0.png,2026-04-22 00:00:00,2026-05-04 06:00:00,0,0,0
csgo_mc_2393538,2026-04-29 01:00:00,3,,TBD,,TBD,csgo_tt_9129, ESL 挑战者联赛 S51 欧洲杯 第4季,https://oss.5eplay.com/cloudx/p/sport/csgo/tournament/d2jeda4conkqbk3bnkm0.png,2026-04-22 00:00:00,2026-05-04 06:00:00,0,0,0
csgo_mc_2393539,2026-04-29 01:00:00,3,,TBD,,TBD,csgo_tt_9129, ESL 挑战者联赛 S51 欧洲杯 第4季,https://oss.5eplay.com/cloudx/p/sport/csgo/tournament/d2jeda4conkqbk3bnkm0.png,2026-04-22 00:00:00,2026-05-04 06:00:00,0,0,0
csgo_mc_2393316,2026-04-29 01:30:00,3,,TBD,,TBD,csgo_tt_9132,Tipsport 征服布拉格 2026,https://oss.5eplay.com/cloudx/p/sport/csgo/tournament/d7bheo4conkpudhr3rs0.png,2026-04-12 00:00:00,2026-04-29 23:59:59,0,0,0
csgo_mc_2393614,2026-04-29 05:00:00,3,,TBD,,TBD,csgo_tt_9130, ESL 挑战者联赛 S51 南美杯 第4季,https://oss.5eplay.com/cloudx/p/sport/csgo/tournament/d2jeda4conkqbk3bnkm0.png,2026-04-26 00:00:00,2026-05-04 09:00:00,0,0,0
csgo_mc_2393615,2026-04-29 05:00:00,3,,TBD,,TBD,csgo_tt_9130, ESL 挑战者联赛 S51 南美杯 第4季,https://oss.5eplay.com/cloudx/p/sport/csgo/tournament/d2jeda4conkqbk3bnkm0.png,2026-04-26 00:00:00,2026-05-04 09:00:00,0,0,0
csgo_mc_2393616,2026-04-29 05:00:00,3,,TBD,,TBD,csgo_tt_9130, ESL 挑战者联赛 S51 南美杯 第4季,https://oss.5eplay.com/cloudx/p/sport/csgo/tournament/d2jeda4conkqbk3bnkm0.png,2026-04-26 00:00:00,2026-05-04 09:00:00,0,0,0
csgo_mc_2393617,2026-04-29 05:00:00,3,,TBD,,TBD,csgo_tt_9130, ESL 挑战者联赛 S51 南美杯 第4季,https://oss.5eplay.com/cloudx/p/sport/csgo/tournament/d2jeda4conkqbk3bnkm0.png,2026-04-26 00:00:00,2026-05-04 09:00:00,0,0,0
csgo_mc_2393644,2026-04-29 09:00:00,3,,TBD,,TBD,csgo_tt_9131, ESL 挑战者联赛 S51 北美杯 第4季,https://oss.5eplay.com/cloudx/p/sport/csgo/tournament/d2jeda4conkqbk3bnkm0.png,2026-04-26 00:00:00,2026-05-04 12:00:00,0,0,0
csgo_mc_2393645,2026-04-29 09:00:00,3,,TBD,,TBD,csgo_tt_9131, ESL 挑战者联赛 S51 北美杯 第4季,https://oss.5eplay.com/cloudx/p/sport/csgo/tournament/d2jeda4conkqbk3bnkm0.png,2026-04-26 00:00:00,2026-05-04 12:00:00,0,0,0
csgo_mc_2393646,2026-04-29 09:00:00,3,,TBD,,TBD,csgo_tt_9131, ESL 挑战者联赛 S51 北美杯 第4季,https://oss.5eplay.com/cloudx/p/sport/csgo/tournament/d2jeda4conkqbk3bnkm0.png,2026-04-26 00:00:00,2026-05-04 12:00:00,0,0,0
csgo_mc_2393647,2026-04-29 09:00:00,3,,TBD,,TBD,csgo_tt_9131, ESL 挑战者联赛 S51 北美杯 第4季,https://oss.5eplay.com/cloudx/p/sport/csgo/tournament/d2jeda4conkqbk3bnkm0.png,2026-04-26 00:00:00,2026-05-04 12:00:00,0,0,0
csgo_mc_2393558,2026-04-29 17:00:00,3,,TBD,,TBD,csgo_tt_9127, ESL 挑战者联赛 S51 大洋洲杯 第4季,https://oss.5eplay.com/cloudx/p/sport/csgo/tournament/d2jeda4conkqbk3bnkm0.png,2026-04-26 00:00:00,2026-05-03 23:59:59,0,0,0
csgo_mc_2393560,2026-04-29 17:00:00,3,,TBD,,TBD,csgo_tt_9127, ESL 挑战者联赛 S51 大洋洲杯 第4季,https://oss.5eplay.com/cloudx/p/sport/csgo/tournament/d2jeda4conkqbk3bnkm0.png,2026-04-26 00:00:00,2026-05-03 23:59:59,0,0,0
csgo_mc_2393559,2026-04-29 17:00:00,3,,TBD,,TBD,csgo_tt_9127, ESL 挑战者联赛 S51 大洋洲杯 第4季,https://oss.5eplay.com/cloudx/p/sport/csgo/tournament/d2jeda4conkqbk3bnkm0.png,2026-04-26 00:00:00,2026-05-03 23:59:59,0,0,0
csgo_mc_2393561,2026-04-29 17:00:00,3,,TBD,,TBD,csgo_tt_9127, ESL 挑战者联赛 S51 大洋洲杯 第4季,https://oss.5eplay.com/cloudx/p/sport/csgo/tournament/d2jeda4conkqbk3bnkm0.png,2026-04-26 00:00:00,2026-05-03 23:59:59,0,0,0
csgo_mc_2393588,2026-04-29 21:00:00,3,,TBD,,TBD,csgo_tt_9128, ESL 挑战者联赛 S51 亚洲杯 第4季,https://oss.5eplay.com/cloudx/p/sport/csgo/tournament/d2jeda4conkqbk3bnkm0.png,2026-04-26 00:00:00,2026-05-03 23:59:59,0,0,0
csgo_mc_2393589,2026-04-29 21:00:00,3,,TBD,,TBD,csgo_tt_9128, ESL 挑战者联赛 S51 亚洲杯 第4季,https://oss.5eplay.com/cloudx/p/sport/csgo/tournament/d2jeda4conkqbk3bnkm0.png,2026-04-26 00:00:00,2026-05-03 23:59:59,0,0,0
csgo_mc_2393590,2026-04-29 21:00:00,3,,TBD,,TBD,csgo_tt_9128, ESL 挑战者联赛 S51 亚洲杯 第4季,https://oss.5eplay.com/cloudx/p/sport/csgo/tournament/d2jeda4conkqbk3bnkm0.png,2026-04-26 00:00:00,2026-05-03 23:59:59,0,0,0
csgo_mc_2393591,2026-04-29 21:00:00,3,,TBD,,TBD,csgo_tt_9128, ESL 挑战者联赛 S51 亚洲杯 第4季,https://oss.5eplay.com/cloudx/p/sport/csgo/tournament/d2jeda4conkqbk3bnkm0.png,2026-04-26 00:00:00,2026-05-03 23:59:59,0,0,0
csgo_mc_2393317,2026-04-29 23:00:00,3,,TBD,,TBD,csgo_tt_9132,Tipsport 征服布拉格 2026,https://oss.5eplay.com/cloudx/p/sport/csgo/tournament/d7bheo4conkpudhr3rs0.png,2026-04-12 00:00:00,2026-04-29 23:59:59,0,0,0
csgo_mc_2393319,2026-04-29 23:00:00,3,csgo_tm_9565,Vitality,hltv_team_13286,FUT,csgo_tt_8250,BLAST对抗赛 2026 S1 ,https://oss.5eplay.com/cloudx/p/sport/csgo/tournament/d08anc4conkt3lege7dg.png,2026-04-29 00:00:00,2026-05-03 23:59:59,0,0,0
csgo_mc_2393540,2026-04-30 01:00:00,3,,TBD,,TBD,csgo_tt_9129, ESL 挑战者联赛 S51 欧洲杯 第4季,https://oss.5eplay.com/cloudx/p/sport/csgo/tournament/d2jeda4conkqbk3bnkm0.png,2026-04-22 00:00:00,2026-05-04 06:00:00,0,0,0
csgo_mc_2393541,2026-04-30 01:00:00,3,,TBD,,TBD,csgo_tt_9129, ESL 挑战者联赛 S51 欧洲杯 第4季,https://oss.5eplay.com/cloudx/p/sport/csgo/tournament/d2jeda4conkqbk3bnkm0.png,2026-04-22 00:00:00,2026-05-04 06:00:00,0,0,0
csgo_mc_2393542,2026-04-30 01:00:00,3,,TBD,,TBD,csgo_tt_9129, ESL 挑战者联赛 S51 欧洲杯 第4季,https://oss.5eplay.com/cloudx/p/sport/csgo/tournament/d2jeda4conkqbk3bnkm0.png,2026-04-22 00:00:00,2026-05-04 06:00:00,0,0,0
csgo_mc_2393543,2026-04-30 01:00:00,3,,TBD,,TBD,csgo_tt_9129, ESL 挑战者联赛 S51 欧洲杯 第4季,https://oss.5eplay.com/cloudx/p/sport/csgo/tournament/d2jeda4conkqbk3bnkm0.png,2026-04-22 00:00:00,2026-05-04 06:00:00,0,0,0
csgo_mc_2393318,2026-04-30 01:30:00,3,,TBD,,TBD,csgo_tt_9132,Tipsport 征服布拉格 2026,https://oss.5eplay.com/cloudx/p/sport/csgo/tournament/d7bheo4conkpudhr3rs0.png,2026-04-12 00:00:00,2026-04-29 23:59:59,0,0,0
csgo_mc_2393320,2026-04-30 01:30:00,3,csgo_tm_6665,Astralis,csgo_tm_5995,G2,csgo_tt_8250,BLAST对抗赛 2026 S1 ,https://oss.5eplay.com/cloudx/p/sport/csgo/tournament/d08anc4conkt3lege7dg.png,2026-04-29 00:00:00,2026-05-03 23:59:59,0,0,0
csgo_mc_2393321,2026-04-30 04:00:00,3,csgo_tm_4608,NAVI,csgo_tm_6667,FaZe,csgo_tt_8250,BLAST对抗赛 2026 S1 ,https://oss.5eplay.com/cloudx/p/sport/csgo/tournament/d08anc4conkt3lege7dg.png,2026-04-29 00:00:00,2026-05-03 23:59:59,0,0,0
csgo_mc_2393618,2026-04-30 05:00:00,3,,TBD,,TBD,csgo_tt_9130, ESL 挑战者联赛 S51 南美杯 第4季,https://oss.5eplay.com/cloudx/p/sport/csgo/tournament/d2jeda4conkqbk3bnkm0.png,2026-04-26 00:00:00,2026-05-04 09:00:00,0,0,0
csgo_mc_2393619,2026-04-30 05:00:00,3,,TBD,,TBD,csgo_tt_9130, ESL 挑战者联赛 S51 南美杯 第4季,https://oss.5eplay.com/cloudx/p/sport/csgo/tournament/d2jeda4conkqbk3bnkm0.png,2026-04-26 00:00:00,2026-05-04 09:00:00,0,0,0
csgo_mc_2393620,2026-04-30 05:00:00,3,,TBD,,TBD,csgo_tt_9130, ESL 挑战者联赛 S51 南美杯 第4季,https://oss.5eplay.com/cloudx/p/sport/csgo/tournament/d2jeda4conkqbk3bnkm0.png,2026-04-26 00:00:00,2026-05-04 09:00:00,0,0,0
csgo_mc_2393621,2026-04-30 05:00:00,3,,TBD,,TBD,csgo_tt_9130, ESL 挑战者联赛 S51 南美杯 第4季,https://oss.5eplay.com/cloudx/p/sport/csgo/tournament/d2jeda4conkqbk3bnkm0.png,2026-04-26 00:00:00,2026-05-04 09:00:00,0,0,0
csgo_mc_2393322,2026-04-30 06:30:00,3,csgo_tm_8297,FURIA,csgo_tm_9928,GL,csgo_tt_8250,BLAST对抗赛 2026 S1 ,https://oss.5eplay.com/cloudx/p/sport/csgo/tournament/d08anc4conkt3lege7dg.png,2026-04-29 00:00:00,2026-05-03 23:59:59,0,0,0
csgo_mc_2393649,2026-04-30 09:00:00,3,,TBD,,TBD,csgo_tt_9131, ESL 挑战者联赛 S51 北美杯 第4季,https://oss.5eplay.com/cloudx/p/sport/csgo/tournament/d2jeda4conkqbk3bnkm0.png,2026-04-26 00:00:00,2026-05-04 12:00:00,0,0,0
csgo_mc_2393650,2026-04-30 09:00:00,3,,TBD,,TBD,csgo_tt_9131, ESL 挑战者联赛 S51 北美杯 第4季,https://oss.5eplay.com/cloudx/p/sport/csgo/tournament/d2jeda4conkqbk3bnkm0.png,2026-04-26 00:00:00,2026-05-04 12:00:00,0,0,0
csgo_mc_2393651,2026-04-30 09:00:00,3,,TBD,,TBD,csgo_tt_9131, ESL 挑战者联赛 S51 北美杯 第4季,https://oss.5eplay.com/cloudx/p/sport/csgo/tournament/d2jeda4conkqbk3bnkm0.png,2026-04-26 00:00:00,2026-05-04 12:00:00,0,0,0
csgo_mc_2393648,2026-04-30 09:00:00,3,,TBD,,TBD,csgo_tt_9131, ESL 挑战者联赛 S51 北美杯 第4季,https://oss.5eplay.com/cloudx/p/sport/csgo/tournament/d2jeda4conkqbk3bnkm0.png,2026-04-26 00:00:00,2026-05-04 12:00:00,0,0,0
csgo_mc_2393562,2026-04-30 17:00:00,3,,TBD,,TBD,csgo_tt_9127, ESL 挑战者联赛 S51 大洋洲杯 第4季,https://oss.5eplay.com/cloudx/p/sport/csgo/tournament/d2jeda4conkqbk3bnkm0.png,2026-04-26 00:00:00,2026-05-03 23:59:59,0,0,0
csgo_mc_2393563,2026-04-30 17:00:00,3,,TBD,,TBD,csgo_tt_9127, ESL 挑战者联赛 S51 大洋洲杯 第4季,https://oss.5eplay.com/cloudx/p/sport/csgo/tournament/d2jeda4conkqbk3bnkm0.png,2026-04-26 00:00:00,2026-05-03 23:59:59,0,0,0
csgo_mc_2393593,2026-04-30 21:00:00,3,,TBD,,TBD,csgo_tt_9128, ESL 挑战者联赛 S51 亚洲杯 第4季,https://oss.5eplay.com/cloudx/p/sport/csgo/tournament/d2jeda4conkqbk3bnkm0.png,2026-04-26 00:00:00,2026-05-03 23:59:59,0,0,0
csgo_mc_2393592,2026-04-30 21:00:00,3,,TBD,,TBD,csgo_tt_9128, ESL 挑战者联赛 S51 亚洲杯 第4季,https://oss.5eplay.com/cloudx/p/sport/csgo/tournament/d2jeda4conkqbk3bnkm0.png,2026-04-26 00:00:00,2026-05-03 23:59:59,0,0,0
csgo_mc_2393333,2026-04-30 23:00:00,3,,TBD,,TBD,csgo_tt_8250,BLAST对抗赛 2026 S1 ,https://oss.5eplay.com/cloudx/p/sport/csgo/tournament/d08anc4conkt3lege7dg.png,2026-04-29 00:00:00,2026-05-03 23:59:59,0,0,0
csgo_mc_2393545,2026-05-01 01:00:00,3,,TBD,,TBD,csgo_tt_9129, ESL 挑战者联赛 S51 欧洲杯 第4季,https://oss.5eplay.com/cloudx/p/sport/csgo/tournament/d2jeda4conkqbk3bnkm0.png,2026-04-22 00:00:00,2026-05-04 06:00:00,0,0,0
csgo_mc_2393544,2026-05-01 01:00:00,3,,TBD,,TBD,csgo_tt_9129, ESL 挑战者联赛 S51 欧洲杯 第4季,https://oss.5eplay.com/cloudx/p/sport/csgo/tournament/d2jeda4conkqbk3bnkm0.png,2026-04-22 00:00:00,2026-05-04 06:00:00,0,0,0
csgo_mc_2393334,2026-05-01 01:30:00,3,,TBD,,TBD,csgo_tt_8250,BLAST对抗赛 2026 S1 ,https://oss.5eplay.com/cloudx/p/sport/csgo/tournament/d08anc4conkt3lege7dg.png,2026-04-29 00:00:00,2026-05-03 23:59:59,0,0,0
csgo_mc_2393335,2026-05-01 04:00:00,3,,TBD,,TBD,csgo_tt_8250,BLAST对抗赛 2026 S1 ,https://oss.5eplay.com/cloudx/p/sport/csgo/tournament/d08anc4conkt3lege7dg.png,2026-04-29 00:00:00,2026-05-03 23:59:59,0,0,0
csgo_mc_2393622,2026-05-01 05:00:00,3,,TBD,,TBD,csgo_tt_9130, ESL 挑战者联赛 S51 南美杯 第4季,https://oss.5eplay.com/cloudx/p/sport/csgo/tournament/d2jeda4conkqbk3bnkm0.png,2026-04-26 00:00:00,2026-05-04 09:00:00,0,0,0
csgo_mc_2393623,2026-05-01 05:00:00,3,,TBD,,TBD,csgo_tt_9130, ESL 挑战者联赛 S51 南美杯 第4季,https://oss.5eplay.com/cloudx/p/sport/csgo/tournament/d2jeda4conkqbk3bnkm0.png,2026-04-26 00:00:00,2026-05-04 09:00:00,0,0,0
csgo_mc_2393336,2026-05-01 06:30:00,3,,TBD,,TBD,csgo_tt_8250,BLAST对抗赛 2026 S1 ,https://oss.5eplay.com/cloudx/p/sport/csgo/tournament/d08anc4conkt3lege7dg.png,2026-04-29 00:00:00,2026-05-03 23:59:59,0,0,0
csgo_mc_2393652,2026-05-01 09:00:00,3,,TBD,,TBD,csgo_tt_9131, ESL 挑战者联赛 S51 北美杯 第4季,https://oss.5eplay.com/cloudx/p/sport/csgo/tournament/d2jeda4conkqbk3bnkm0.png,2026-04-26 00:00:00,2026-05-04 12:00:00,0,0,0
csgo_mc_2393653,2026-05-01 09:00:00,3,,TBD,,TBD,csgo_tt_9131, ESL 挑战者联赛 S51 北美杯 第4季,https://oss.5eplay.com/cloudx/p/sport/csgo/tournament/d2jeda4conkqbk3bnkm0.png,2026-04-26 00:00:00,2026-05-04 12:00:00,0,0,0
csgo_mc_2393564,2026-05-01 17:00:00,3,,TBD,,TBD,csgo_tt_9127, ESL 挑战者联赛 S51 大洋洲杯 第4季,https://oss.5eplay.com/cloudx/p/sport/csgo/tournament/d2jeda4conkqbk3bnkm0.png,2026-04-26 00:00:00,2026-05-03 23:59:59,0,0,0
csgo_mc_2393565,2026-05-01 17:00:00,3,,TBD,,TBD,csgo_tt_9127, ESL 挑战者联赛 S51 大洋洲杯 第4季,https://oss.5eplay.com/cloudx/p/sport/csgo/tournament/d2jeda4conkqbk3bnkm0.png,2026-04-26 00:00:00,2026-05-03 23:59:59,0,0,0
csgo_mc_2393594,2026-05-01 21:00:00,3,,TBD,,TBD,csgo_tt_9128, ESL 挑战者联赛 S51 亚洲杯 第4季,https://oss.5eplay.com/cloudx/p/sport/csgo/tournament/d2jeda4conkqbk3bnkm0.png,2026-04-26 00:00:00,2026-05-03 23:59:59,0,0,0
csgo_mc_2393595,2026-05-01 21:00:00,3,,TBD,,TBD,csgo_tt_9128, ESL 挑战者联赛 S51 亚洲杯 第4季,https://oss.5eplay.com/cloudx/p/sport/csgo/tournament/d2jeda4conkqbk3bnkm0.png,2026-04-26 00:00:00,2026-05-03 23:59:59,0,0,0
csgo_mc_2393547,2026-05-02 01:00:00,3,,TBD,,TBD,csgo_tt_9129, ESL 挑战者联赛 S51 欧洲杯 第4季,https://oss.5eplay.com/cloudx/p/sport/csgo/tournament/d2jeda4conkqbk3bnkm0.png,2026-04-22 00:00:00,2026-05-04 06:00:00,0,0,0
csgo_mc_2393546,2026-05-02 01:00:00,3,,TBD,,TBD,csgo_tt_9129, ESL 挑战者联赛 S51 欧洲杯 第4季,https://oss.5eplay.com/cloudx/p/sport/csgo/tournament/d2jeda4conkqbk3bnkm0.png,2026-04-22 00:00:00,2026-05-04 06:00:00,0,0,0
csgo_mc_2393346,2026-05-02 03:30:00,3,,TBD,,TBD,csgo_tt_8250,BLAST对抗赛 2026 S1 ,https://oss.5eplay.com/cloudx/p/sport/csgo/tournament/d08anc4conkt3lege7dg.png,2026-04-29 00:00:00,2026-05-03 23:59:59,0,0,0
csgo_mc_2393624,2026-05-02 05:00:00,3,,TBD,,TBD,csgo_tt_9130, ESL 挑战者联赛 S51 南美杯 第4季,https://oss.5eplay.com/cloudx/p/sport/csgo/tournament/d2jeda4conkqbk3bnkm0.png,2026-04-26 00:00:00,2026-05-04 09:00:00,0,0,0
csgo_mc_2393625,2026-05-02 05:00:00,3,,TBD,,TBD,csgo_tt_9130, ESL 挑战者联赛 S51 南美杯 第4季,https://oss.5eplay.com/cloudx/p/sport/csgo/tournament/d2jeda4conkqbk3bnkm0.png,2026-04-26 00:00:00,2026-05-04 09:00:00,0,0,0
csgo_mc_2393347,2026-05-02 06:30:00,3,,TBD,,TBD,csgo_tt_8250,BLAST对抗赛 2026 S1 ,https://oss.5eplay.com/cloudx/p/sport/csgo/tournament/d08anc4conkt3lege7dg.png,2026-04-29 00:00:00,2026-05-03 23:59:59,0,0,0
csgo_mc_2393655,2026-05-02 09:00:00,3,,TBD,,TBD,csgo_tt_9131, ESL 挑战者联赛 S51 北美杯 第4季,https://oss.5eplay.com/cloudx/p/sport/csgo/tournament/d2jeda4conkqbk3bnkm0.png,2026-04-26 00:00:00,2026-05-04 12:00:00,0,0,0
csgo_mc_2393654,2026-05-02 09:00:00,3,,TBD,,TBD,csgo_tt_9131, ESL 挑战者联赛 S51 北美杯 第4季,https://oss.5eplay.com/cloudx/p/sport/csgo/tournament/d2jeda4conkqbk3bnkm0.png,2026-04-26 00:00:00,2026-05-04 12:00:00,0,0,0
csgo_mc_2393566,2026-05-02 17:00:00,3,,TBD,,TBD,csgo_tt_9127, ESL 挑战者联赛 S51 大洋洲杯 第4季,https://oss.5eplay.com/cloudx/p/sport/csgo/tournament/d2jeda4conkqbk3bnkm0.png,2026-04-26 00:00:00,2026-05-03 23:59:59,0,0,0
csgo_mc_2393596,2026-05-02 21:00:00,3,,TBD,,TBD,csgo_tt_9128, ESL 挑战者联赛 S51 亚洲杯 第4季,https://oss.5eplay.com/cloudx/p/sport/csgo/tournament/d2jeda4conkqbk3bnkm0.png,2026-04-26 00:00:00,2026-05-03 23:59:59,0,0,0
csgo_mc_2393548,2026-05-03 01:00:00,3,,TBD,,TBD,csgo_tt_9129, ESL 挑战者联赛 S51 欧洲杯 第4季,https://oss.5eplay.com/cloudx/p/sport/csgo/tournament/d2jeda4conkqbk3bnkm0.png,2026-04-22 00:00:00,2026-05-04 06:00:00,0,0,0
csgo_mc_2393348,2026-05-03 01:30:00,3,,TBD,,TBD,csgo_tt_8250,BLAST对抗赛 2026 S1 ,https://oss.5eplay.com/cloudx/p/sport/csgo/tournament/d08anc4conkt3lege7dg.png,2026-04-29 00:00:00,2026-05-03 23:59:59,0,0,0
csgo_mc_2393349,2026-05-03 04:30:00,3,,TBD,,TBD,csgo_tt_8250,BLAST对抗赛 2026 S1 ,https://oss.5eplay.com/cloudx/p/sport/csgo/tournament/d08anc4conkt3lege7dg.png,2026-04-29 00:00:00,2026-05-03 23:59:59,0,0,0
csgo_mc_2393626,2026-05-03 05:00:00,3,,TBD,,TBD,csgo_tt_9130, ESL 挑战者联赛 S51 南美杯 第4季,https://oss.5eplay.com/cloudx/p/sport/csgo/tournament/d2jeda4conkqbk3bnkm0.png,2026-04-26 00:00:00,2026-05-04 09:00:00,0,0,0
csgo_mc_2393656,2026-05-03 09:00:00,3,,TBD,,TBD,csgo_tt_9131, ESL 挑战者联赛 S51 北美杯 第4季,https://oss.5eplay.com/cloudx/p/sport/csgo/tournament/d2jeda4conkqbk3bnkm0.png,2026-04-26 00:00:00,2026-05-04 12:00:00,0,0,0
csgo_mc_2393567,2026-05-03 17:00:00,3,,TBD,,TBD,csgo_tt_9127, ESL 挑战者联赛 S51 大洋洲杯 第4季,https://oss.5eplay.com/cloudx/p/sport/csgo/tournament/d2jeda4conkqbk3bnkm0.png,2026-04-26 00:00:00,2026-05-03 23:59:59,0,0,0
csgo_mc_2393597,2026-05-03 21:00:00,3,,TBD,,TBD,csgo_tt_9128, ESL 挑战者联赛 S51 亚洲杯 第4季,https://oss.5eplay.com/cloudx/p/sport/csgo/tournament/d2jeda4conkqbk3bnkm0.png,2026-04-26 00:00:00,2026-05-03 23:59:59,0,0,0
csgo_mc_2393549,2026-05-04 01:00:00,3,,TBD,,TBD,csgo_tt_9129, ESL 挑战者联赛 S51 欧洲杯 第4季,https://oss.5eplay.com/cloudx/p/sport/csgo/tournament/d2jeda4conkqbk3bnkm0.png,2026-04-22 00:00:00,2026-05-04 06:00:00,0,0,0
csgo_mc_2393350,2026-05-04 01:30:00,5,,TBD,,TBD,csgo_tt_8250,BLAST对抗赛 2026 S1 ,https://oss.5eplay.com/cloudx/p/sport/csgo/tournament/d08anc4conkt3lege7dg.png,2026-04-29 00:00:00,2026-05-03 23:59:59,0,0,0
csgo_mc_2393627,2026-05-04 05:00:00,3,,TBD,,TBD,csgo_tt_9130, ESL 挑战者联赛 S51 南美杯 第4季,https://oss.5eplay.com/cloudx/p/sport/csgo/tournament/d2jeda4conkqbk3bnkm0.png,2026-04-26 00:00:00,2026-05-04 09:00:00,0,0,0
csgo_mc_2393657,2026-05-04 09:00:00,3,,TBD,,TBD,csgo_tt_9131, ESL 挑战者联赛 S51 北美杯 第4季,https://oss.5eplay.com/cloudx/p/sport/csgo/tournament/d2jeda4conkqbk3bnkm0.png,2026-04-26 00:00:00,2026-05-04 12:00:00,0,0,0
