player_id,aspect_ratio,color_mode,resolution,scaling_mode
csgo_pl_16885,4:3,Computer Monitor,1280x960,Stretched
csgo_pl_21023,,,,
csgo_pl_25524,,,,
csgo_pl_22733,,,,
csgo_pl_21930,,,,
csgo_pl_24149,,,,
csgo_pl_24121,,,,
csgo_pl_20029,,,,
csgo_pl_11213,,,,
csgo_pl_19817,5:4,,1280x1024,Stretched
csgo_pl_19173,,,,
csgo_pl_1206,,,,
csgo_pl_13980,4:3,Computer Monitor,1280x960,Stretched
csgo_pl_19821,,,,
csgo_pl_25214,,,,
csgo_pl_25495,,,,
csgo_pl_25741,,,,
csgo_pl_15374,,,,
csgo_pl_24706,,,,
csgo_pl_25507,,,,
csgo_pl_25536,,,,
csgo_pl_25806,,,,
csgo_pl_9616,4:3,Computer Monitor,1440x1080,Stretched
csgo_pl_23228,,,,
csgo_pl_25671,,,,
csgo_pl_25855,,,,
csgo_pl_16381,,,,
csgo_pl_25663,,,,
csgo_pl_25664,,,,
csgo_pl_22224,,,,
csgo_pl_17293,,,,
csgo_pl_19235,4:3,,1280x960,Stretched
csgo_pl_22929,,,,
csgo_pl_22471,,,,
csgo_pl_23685,,,,
csgo_pl_20194,5:4,,1280x1024,Stretched
csgo_pl_20275,,,,
csgo_pl_21001,,,,
csgo_pl_21809,,,,
csgo_pl_23402,4:3,,1280x960,Stretched
csgo_pl_17956,4:3,Computer Monitor,1280x960,Stretched
csgo_pl_20304,16:9,Computer Monitor,1920x1080,Stretched
csgo_pl_16726,,Computer Monitor,1920x1080,
csgo_pl_21217,4:3,,1280x960,Stretched
csgo_pl_20584,,,,
csgo_pl_22203,,,,
csgo_pl_22674,,,,
csgo_pl_23553,,,,
csgo_pl_20761,4:3,Computer Monitor,1152x864,Stretched
csgo_pl_3972,4:3,Computer Monitor,1280x960,Stretched
csgo_pl_429,16:10,Computer Monitor,1600x1024,Native
csgo_pl_22613,4:3,,1280x960,Stretched
csgo_pl_20394,,,,
csgo_pl_21667,16:9,,1920x1080,Native
csgo_pl_20357,4:3,,1280x960,Stretched
csgo_pl_18506,4:3,Computer Monitor,1024x768,Stretched
csgo_pl_21816,4:3,,1280x960,Stretched
csgo_pl_19926,16:9,Computer Monitor,1600x900,
csgo_pl_19015,4:3,Computer Monitor,1280x960,Stretched
csgo_pl_22106,,,,
csgo_pl_17145,4:3,Computer Monitor,1280x960,Stretched
csgo_pl_22860,,,,
csgo_pl_7443,4:3,,1280x960,Stretched
csgo_pl_22760,,,,
csgo_pl_24083,4:3,Computer Monitor,1280x960,Stretched
csgo_pl_8738,16:10,Computer Monitor,1680x1050,Stretched
csgo_pl_21037,5:4,Computer Monitor,1280x1024,Stretched
csgo_pl_20987,4:3,Computer Monitor,1280x960,Stretched
csgo_pl_23192,4:3,,1280x960,Stretched
csgo_pl_19310,4:3,Computer Monitor,1024x768,Stretched
csgo_pl_21288,,,,
csgo_pl_18141,4:3,Computer Monitor,1280x960,Stretched
csgo_pl_20171,4:3,,1280x960,Stretched
csgo_pl_18714,,,,
csgo_pl_16816,5:4,Computer Monitor,1280x1024,Stretched
csgo_pl_19694,4:3,Computer Monitor,1280x960,Stretched
csgo_pl_5794,16:9,Computer Monitor,1920x1080,Native
csgo_pl_22884,4:3,,1280x960,Stretched
csgo_pl_20425,4:3,Computer Monitor,1280x960,Stretched
csgo_pl_922,4:3,Computer Monitor,1280x960,Stretched
csgo_pl_23372,16:9,,1920x1080,Native
csgo_pl_3849,4:3,Computer Monitor,1280x960,Stretched
csgo_pl_22914,,,,
csgo_pl_20879,4:3,Computer Monitor,1280x960,Stretched
csgo_pl_21012,,,,
csgo_pl_21159,,,,
csgo_pl_24332,,,,
csgo_pl_20358,4:3,Computer Monitor,1280x960,Stretched
csgo_pl_20625,4:3,Computer Monitor,1280x800,Stretched
csgo_pl_24203,,,,
csgo_pl_23459,,,,
csgo_pl_23295,4:3,,1152x864,Stretched
csgo_pl_21113,4:3,Computer Monitor,1280x960,Stretched
csgo_pl_7687,16:10,Computer Monitor,1680x1050,Stretched
csgo_pl_16717,4:3,Computer Monitor,1280x960,Stretched
csgo_pl_8711,4:3,Computer Monitor,1280x960,Stretched
csgo_pl_20903,4:3,Computer Monitor,1280x960,Stretched
csgo_pl_22570,,,,
csgo_pl_20185,,,,
csgo_pl_20607,,,,
csgo_pl_24863,4:3,,1280x960,Stretched
csgo_pl_19985,,,,
csgo_pl_24168,,,,
csgo_pl_24282,,,,
csgo_pl_23415,,,,
csgo_pl_19592,4:3,Computer Monitor,1280x960,Stretched
csgo_pl_7998,4:3,Computer Monitor,1280x960,Stretched
csgo_pl_8918,4:3,Computer Monitor,1280x960,Stretched
csgo_pl_23140,,,,
csgo_pl_630,4:3,Computer Monitor,1280x960,Black Bars
csgo_pl_22807,,,,
csgo_pl_9482,4:3,Computer Monitor,1280x960,Stretched
csgo_pl_17861,4:3,Computer Monitor,1280x960,Stretched
csgo_pl_9219,5:4,Computer Monitor,1280x1024,Stretched
csgo_pl_8565,4:3,Computer Monitor,1152x864,Black Bars
csgo_pl_7528,4:3,Computer Monitor,1280x960,Black Bars
csgo_pl_17803,4:3,Computer Monitor,1280x960,Stretched
csgo_pl_23046,,,,
csgo_pl_23414,,,,
csgo_pl_24914,,,,
csgo_pl_16723,4:3,,1280x960,Stretched
csgo_pl_23338,4:3,,1280x960,Stretched
csgo_pl_21199,16:10,Computer Monitor,1680x1050,Stretched
csgo_pl_20090,4:3,Computer Monitor,1280x960,Stretched
csgo_pl_2898,4:3,Computer Monitor,1024x768,Black Bars
csgo_pl_20300,4:3,Computer Monitor,1280x960,Stretched
csgo_pl_22702,,,,
csgo_pl_20309,,,,
csgo_pl_21715,16:9,,1920x1080,Native
csgo_pl_22886,,,,
csgo_pl_23686,,,,
csgo_pl_24725,,,,
csgo_pl_19575,4:3,Computer Monitor,1280x960,Stretched
csgo_pl_18744,4:3,Computer Monitor,1280x960,Stretched
csgo_pl_20254,4:3,Computer Monitor,1280x960,Stretched
csgo_pl_22922,4:3,Computer Monitor,1152x864,Stretched
csgo_pl_23100,4:3,,1280x960,Stretched
csgo_pl_18979,,,,
csgo_pl_18070,,,,
csgo_pl_16848,4:3,Television,1024x768,Black Bars
csgo_pl_25307,,,,
csgo_pl_25542,,,,
csgo_pl_7964,4:3,Computer Monitor,1280x960,Stretched
csgo_pl_8374,5:4,Computer Monitor,1280x1024,Stretched
csgo_pl_19064,4:3,,1280x960,Stretched
csgo_pl_20465,4:3,Computer Monitor,1280x960,Stretched
csgo_pl_20878,,,,
csgo_pl_24749,,,,
csgo_pl_21571,,,,
csgo_pl_21379,4:3,Computer Monitor,1280x960,Stretched
csgo_pl_24104,4:3,,1280x960,Stretched
csgo_pl_16731,4:3,,1024x768,Black Bars
csgo_pl_21574,5:4,,1280x1024,Stretched
csgo_pl_4679,4:3,,1024x768,Black Bars
csgo_pl_17384,4:3,Computer Monitor,1024x768,Stretched
csgo_pl_18214,,,,
csgo_pl_20462,16:9,Computer Monitor,1920x1080,Native
csgo_pl_8726,4:3,Computer Monitor,1280x960,Stretched
csgo_pl_23835,,,,
csgo_pl_24807,,,,
csgo_pl_20417,4:3,,1280x960,Stretched
csgo_pl_21779,,,,
csgo_pl_11995,4:3,Computer Monitor,1280x960,Stretched
csgo_pl_13602,4:3,Computer Monitor,1280x960,Stretched
csgo_pl_20941,16:9,Computer Monitor,1920x1080,Native
csgo_pl_22350,,,,
csgo_pl_23927,,,,
csgo_pl_22135,16:10,,1600x1024,Stretched
csgo_pl_19920,16:9,Computer Monitor,1920x1080,Native
csgo_pl_22325,,,,
csgo_pl_23317,,,,
csgo_pl_23319,,,,
csgo_pl_21266,,,,
csgo_pl_19698,4:3,Computer Monitor,1280x960,Stretched
csgo_pl_21371,,,,
csgo_pl_19733,4:3,Computer Monitor,1280x960,Stretched
csgo_pl_22361,4:3,,1280x960,Stretched
csgo_pl_20123,4:3,Computer Monitor,1280x960,Stretched
csgo_pl_23274,,,,
csgo_pl_8261,,,,
csgo_pl_24581,,,,
csgo_pl_23550,,,,
csgo_pl_20003,,,,
csgo_pl_20244,,,,
csgo_pl_20086,,,,
csgo_pl_7028,16:10,Computer Monitor,1680x1050,Stretched
csgo_pl_19681,,,,
csgo_pl_20808,,,,
csgo_pl_24304,,,,
csgo_pl_17147,4:3,Computer Monitor,1280x960,Stretched
csgo_pl_19537,,,,
csgo_pl_25510,,,,
csgo_pl_19827,,,,
csgo_pl_18447,,,,
csgo_pl_18671,,,,
csgo_pl_19703,,,,
csgo_pl_20207,16:9,Computer Monitor,1920x1080,Native
csgo_pl_20402,4:3,,1280x960,Stretched
csgo_pl_24952,4:3,,1280x960,Stretched
csgo_pl_23637,4:3,,1280x960,Stretched
csgo_pl_8789,4:3,Computer Monitor,1280x960,Stretched
csgo_pl_24292,,,,
csgo_pl_24950,,,,
csgo_pl_25253,,,,
csgo_pl_19673,4:3,Computer Monitor,1152x864,Stretched
csgo_pl_25110,,,,
csgo_pl_21139,,,,
csgo_pl_19664,,,,
csgo_pl_24348,,,,
csgo_pl_24349,,,,
csgo_pl_23545,,,,
csgo_pl_24704,,,,
csgo_pl_24997,,,,
csgo_pl_19725,4:3,Computer Monitor,1024x768,Stretched
csgo_pl_22008,,,,
csgo_pl_17937,4:3,Television,1280x960,Stretched
csgo_pl_8507,4:3,Computer Monitor,1280x960,Black Bars
csgo_pl_20253,4:3,,1280x960,Stretched
csgo_pl_21575,,,,
csgo_pl_22563,,,,
csgo_pl_6593,4:3,Computer Monitor,1152x864,Stretched
csgo_pl_19177,,,,
csgo_pl_22552,,,,
csgo_pl_20572,,,,
csgo_pl_24991,,,,
csgo_pl_24989,,,,
csgo_pl_24737,,,,
csgo_pl_24277,,,,
csgo_pl_22875,,,,
csgo_pl_25332,,,,
csgo_pl_25095,,,,
csgo_pl_22048,,,,
csgo_pl_25431,16:10,,1600x1024,Stretched
csgo_pl_25432,4:3,,1024x768,Stretched
csgo_pl_23753,,,,
csgo_pl_21512,,,,
csgo_pl_22035,,,,
csgo_pl_24734,,,,
csgo_pl_24911,,,,
csgo_pl_11940,4:3,Computer Monitor,1280x960,Stretched
csgo_pl_22537,,,,
csgo_pl_23292,,,,
csgo_pl_23541,,,,
csgo_pl_24172,,,,
csgo_pl_21065,,,,
csgo_pl_22649,,,,
csgo_pl_21650,,,,
csgo_pl_21651,,,,
csgo_pl_19617,4:3,Computer Monitor,1280x960,Stretched
csgo_pl_24805,,,,
csgo_pl_25807,,,,
csgo_pl_23001,,,,
csgo_pl_24858,,,,
csgo_pl_24855,,,,
csgo_pl_24644,,,,
csgo_pl_7131,4:3,Television,1024x768,Black Bars
csgo_pl_9686,16:9,Computer Monitor,1920x1080,Native
csgo_pl_22680,,,,
csgo_pl_22957,,,,
csgo_pl_24284,,,,
csgo_pl_23834,,,,
csgo_pl_22706,,,,
csgo_pl_23151,,,,
csgo_pl_23589,,,,
csgo_pl_22191,,,,
csgo_pl_24204,,,,
csgo_pl_19975,,,,
csgo_pl_20881,,,,
csgo_pl_19044,4:3,Computer Monitor,1280x960,Stretched
csgo_pl_20282,4:3,Computer Monitor,1280x960,Stretched
csgo_pl_21815,4:3,,1280x960,Stretched
csgo_pl_19297,,,,
csgo_pl_24817,,,,
csgo_pl_21686,,,,
csgo_pl_24190,,,,
csgo_pl_3669,4:3,Computer Monitor,1280x960,Stretched
csgo_pl_20637,,,,
csgo_pl_22473,,,,
csgo_pl_20018,,,,
csgo_pl_20960,,,,
csgo_pl_23482,,,,
csgo_pl_24139,,,,
csgo_pl_25041,,,,
csgo_pl_25208,,,,
csgo_pl_24634,,,,
csgo_pl_23660,,,,
csgo_pl_23084,,,,
csgo_pl_22642,,,,
csgo_pl_21693,,,,
csgo_pl_25856,,,,
csgo_pl_24303,,,,
csgo_pl_21396,,,,
csgo_pl_18150,,,,
csgo_pl_9571,4:3,,1024x768,Black Bars
csgo_pl_24319,,,,
csgo_pl_25077,,,,
csgo_pl_24900,,,,
csgo_pl_25345,,,,
csgo_pl_24406,,,,
csgo_pl_23412,,,,
csgo_pl_24524,,,,
csgo_pl_24946,,,,
csgo_pl_25582,,,,
csgo_pl_24306,,,,
csgo_pl_24748,,,,
csgo_pl_24305,,,,
csgo_pl_24330,,,,
csgo_pl_22918,,,,
csgo_pl_25870,,,,
csgo_pl_24396,,,,
csgo_pl_24513,,,,
csgo_pl_24850,,,,
csgo_pl_18146,,,,
csgo_pl_21395,,,,
csgo_pl_23334,,,,
csgo_pl_24276,,,,
csgo_pl_16902,,,,
csgo_pl_21584,,,,
csgo_pl_23376,,,,
csgo_pl_24660,,,,
csgo_pl_24869,,,,
csgo_pl_17215,,,,
csgo_pl_21381,,,,
csgo_pl_22950,4:3,,1280x960,Stretched
csgo_pl_24847,,,,
csgo_pl_25538,,,,
csgo_pl_25539,,,,
csgo_pl_25537,,,,
csgo_pl_24370,,,,
csgo_pl_20946,,,,
csgo_pl_21350,,,,
csgo_pl_24972,,,,
csgo_pl_25167,,,,
csgo_pl_25168,,,,
csgo_pl_18581,,,,
csgo_pl_24576,,,,
csgo_pl_17642,,,,
csgo_pl_25304,16:10,,1680x1050,Stretched
csgo_pl_21589,,,,
csgo_pl_23137,,,,
csgo_pl_23136,,,,
csgo_pl_22589,,,,
csgo_pl_24667,,,,
csgo_pl_8193,,,,
csgo_pl_21335,,,,
csgo_pl_284,4:3,Computer Monitor,1024x768,Stretched
csgo_pl_22904,,,,
csgo_pl_25460,,,,
csgo_pl_20169,,,,
csgo_pl_24310,,,,
csgo_pl_24976,,,,
csgo_pl_24977,,,,
csgo_pl_24975,,,,
csgo_pl_22413,,,,
csgo_pl_25105,,,,
csgo_pl_25106,,,,
csgo_pl_23549,,,,
csgo_pl_25660,,,,
csgo_pl_25245,,,,
csgo_pl_20281,4:3,Computer Monitor,1280x960,Stretched
csgo_pl_20283,4:3,Computer Monitor,1280x960,Stretched
csgo_pl_20320,,,,
csgo_pl_21463,,,,
csgo_pl_23597,,,,
csgo_pl_23824,,,,
csgo_pl_24016,,,,
csgo_pl_21909,,,,
csgo_pl_23015,,,,
csgo_pl_25484,,,,
csgo_pl_25487,,,,
csgo_pl_22940,4:3,,1280x960,Stretched
csgo_pl_24102,,,,
csgo_pl_20437,,,,
csgo_pl_20877,,,,
csgo_pl_22762,,,,
csgo_pl_22874,,,,
csgo_pl_7168,16:9,Computer Monitor,1920x1080,Native
csgo_pl_20482,,,,
csgo_pl_21143,,,,
csgo_pl_22475,,,,
csgo_pl_23559,,,,
csgo_pl_23640,,,,
csgo_pl_23892,,,,
csgo_pl_24174,,,,
csgo_pl_25953,,,,
csgo_pl_20515,,,,
csgo_pl_20788,,,,
csgo_pl_21147,,,,
csgo_pl_22168,,,,
csgo_pl_22169,,,,
csgo_pl_20739,,,,
csgo_pl_20805,,,,
csgo_pl_23142,,,,
csgo_pl_24170,,,,
csgo_pl_24575,,,,
csgo_pl_25060,,,,
csgo_pl_25478,,,,
csgo_pl_15588,,,,
csgo_pl_23744,,,,
csgo_pl_23956,,,,
csgo_pl_25122,,,,
csgo_pl_22646,,,,
csgo_pl_22683,,,,
csgo_pl_25781,,,,
csgo_pl_25782,,,,
csgo_pl_25783,,,,
csgo_pl_20685,,,,
csgo_pl_24287,,,,
csgo_pl_24594,,,,
csgo_pl_24179,,,,
csgo_pl_22129,,,,
csgo_pl_20945,,,,
csgo_pl_20686,,,,
csgo_pl_20071,,,,
csgo_pl_23458,,,,
csgo_pl_21820,,,,
csgo_pl_21705,,,,
csgo_pl_23199,,,,
csgo_pl_21492,,,,
csgo_pl_25143,,,,
csgo_pl_20582,,,,
csgo_pl_24467,,,,
csgo_pl_24664,,,,
csgo_pl_20202,,,,
csgo_pl_21393,,,,
csgo_pl_23638,,,,
csgo_pl_23687,,,,
csgo_pl_24318,,,,
csgo_pl_19946,,,,
csgo_pl_21648,,,,
csgo_pl_24516,,,,
csgo_pl_25901,,,,
csgo_pl_25902,,,,
csgo_pl_16788,,,,
csgo_pl_16790,,,,
csgo_pl_20449,,,,
csgo_pl_25166,,,,
csgo_pl_22195,,,,
csgo_pl_23599,,,,
csgo_pl_22538,,,,
csgo_pl_23386,,,,
csgo_pl_23598,,,,
csgo_pl_23543,,,,
csgo_pl_24820,,,,
csgo_pl_24823,,,,
csgo_pl_24824,,,,
csgo_pl_25962,,,,
csgo_pl_25964,,,,
csgo_pl_22276,,,,
csgo_pl_24022,,,,
csgo_pl_24067,,,,
csgo_pl_25050,,,,
csgo_pl_24286,,,,
csgo_pl_24679,,,,
csgo_pl_22794,,,,
csgo_pl_24527,,,,
csgo_pl_25369,,,,
csgo_pl_23828,,,,
csgo_pl_24477,,,,
csgo_pl_24573,,,,
csgo_pl_24838,,,,
csgo_pl_24195,,,,
csgo_pl_20208,,,,
csgo_pl_22082,,,,
csgo_pl_25912,,,,
csgo_pl_25919,,,,
csgo_pl_25920,,,,
csgo_pl_25921,,,,
csgo_pl_25922,,,,
csgo_pl_19059,4:3,Computer Monitor,1024x768,Black Bars
csgo_pl_24841,,,,
csgo_pl_25076,,,,
csgo_pl_25575,,,,
csgo_pl_25578,,,,
csgo_pl_25730,,,,
csgo_pl_23147,,,,
csgo_pl_24245,,,,
csgo_pl_24809,,,,
csgo_pl_24835,,,,
csgo_pl_25129,,,,
csgo_pl_22512,,,,
csgo_pl_17936,,,,
csgo_pl_23741,,,,
csgo_pl_25247,,,,
csgo_pl_25319,,,,
csgo_pl_24449,,,,
csgo_pl_24452,,,,
csgo_pl_25366,,,,
csgo_pl_25875,,,,
csgo_pl_24882,,,,
csgo_pl_25659,,,,
csgo_pl_25471,,,,
csgo_pl_24331,,,,
csgo_pl_25470,,,,
csgo_pl_23265,,,,
csgo_pl_25321,,,,
csgo_pl_25322,,,,
csgo_pl_25323,,,,
csgo_pl_25324,,,,
csgo_pl_25325,,,,
csgo_pl_24873,,,,
csgo_pl_18993,,,,
csgo_pl_23270,,,,
csgo_pl_25651,,,,
csgo_pl_25652,,,,
csgo_pl_25653,,,,
csgo_pl_24715,,,,
csgo_pl_6536,,,,
csgo_pl_9221,,,,
csgo_pl_18549,,,,
csgo_pl_23150,,,,
csgo_pl_23780,,,,
csgo_pl_23961,,,,
csgo_pl_21253,,,,
csgo_pl_24842,,,,
csgo_pl_24843,,,,
csgo_pl_22498,,,,
csgo_pl_22504,,,,
csgo_pl_20234,,,,
csgo_pl_23223,,,,
csgo_pl_24669,,,,
csgo_pl_25031,,,,
csgo_pl_25032,,,,
csgo_pl_25969,,,,
csgo_pl_19306,,,,
csgo_pl_19831,,,,
csgo_pl_22109,,,,
csgo_pl_22404,,,,
csgo_pl_26071,,,,
csgo_pl_21142,,,,
csgo_pl_19566,,,,
csgo_pl_23720,,,,
csgo_pl_24210,,,,
csgo_pl_24591,,,,
csgo_pl_23359,,,,
csgo_pl_24821,,,,
csgo_pl_24909,,,,
csgo_pl_24923,,,,
csgo_pl_23393,,,,
csgo_pl_23552,,,,
csgo_pl_9681,,,,
csgo_pl_23230,,,,
csgo_pl_24033,,,,
csgo_pl_20334,,,,
csgo_pl_21041,,,,
csgo_pl_21200,,,,
csgo_pl_19211,,,,
csgo_pl_26026,,,,
csgo_pl_16180,,,,
csgo_pl_21536,,,,
csgo_pl_21537,,,,
csgo_pl_21541,,,,
csgo_pl_16167,,,,
csgo_pl_25068,,,,
csgo_pl_24077,,,,
csgo_pl_21716,,,,
csgo_pl_24951,,,,
csgo_pl_23628,,,,
csgo_pl_23688,,,,
csgo_pl_21964,,,,
csgo_pl_21962,,,,
csgo_pl_24996,,,,
csgo_pl_17561,,,,
csgo_pl_23277,,,,
csgo_pl_25147,,,,
csgo_pl_23094,,,,
csgo_pl_23672,,,,
csgo_pl_24686,,,,
csgo_pl_25874,,,,
csgo_pl_23226,,,,
csgo_pl_25425,,,,
csgo_pl_25426,,,,
csgo_pl_25427,,,,
csgo_pl_25428,,,,
csgo_pl_25429,,,,
csgo_pl_8503,16:9,Computer Monitor,2560x1440,Native
csgo_pl_22022,,,,
csgo_pl_20510,,,,
csgo_pl_22476,,,,
csgo_pl_9446,,,,
csgo_pl_21695,,,,
csgo_pl_25761,,,,
csgo_pl_25762,,,,
csgo_pl_18253,,,,
csgo_pl_22872,,,,
csgo_pl_23563,,,,
csgo_pl_25930,,,,
csgo_pl_25931,,,,
csgo_pl_20664,,,,
csgo_pl_23453,,,,
csgo_pl_25190,,,,
csgo_pl_25192,,,,
csgo_pl_25923,,,,
csgo_pl_23234,,,,
csgo_pl_23786,,,,
csgo_pl_24566,,,,
csgo_pl_25230,,,,
csgo_pl_25997,,,,
csgo_pl_18663,,,,
csgo_pl_22800,,,,
csgo_pl_23380,,,,
csgo_pl_25966,,,,
csgo_pl_26123,,,,
csgo_pl_23721,,,,
csgo_pl_18580,,,,
csgo_pl_25161,,,,
csgo_pl_25121,,,,
csgo_pl_21655,,,,
csgo_pl_20411,,,,
csgo_pl_22877,,,,
csgo_pl_23734,,,,
csgo_pl_24112,,,,
csgo_pl_25483,,,,
csgo_pl_24123,,,,
csgo_pl_24125,,,,
csgo_pl_24394,,,,
csgo_pl_26010,,,,
csgo_pl_26011,,,,
csgo_pl_26012,,,,
csgo_pl_26013,,,,
csgo_pl_26014,,,,
csgo_pl_7910,,,,
csgo_pl_23335,,,,
csgo_pl_23936,,,,
csgo_pl_20017,,,,
csgo_pl_21293,,,,
csgo_pl_21855,,,,
csgo_pl_22572,,,,
csgo_pl_25453,,,,
csgo_pl_24081,,,,
csgo_pl_24543,,,,
csgo_pl_24544,,,,
csgo_pl_24546,,,,
csgo_pl_25580,,,,
csgo_pl_18399,,,,
csgo_pl_23200,,,,
csgo_pl_24208,,,,
csgo_pl_20006,,,,
csgo_pl_25677,,,,
csgo_pl_25678,,,,
csgo_pl_25679,,,,
csgo_pl_25680,,,,
csgo_pl_22728,,,,
csgo_pl_24507,,,,
csgo_pl_18641,,,,
csgo_pl_22111,,,,
csgo_pl_23621,,,,
csgo_pl_23391,,,,
csgo_pl_25815,,,,
csgo_pl_25816,,,,
csgo_pl_25817,,,,
csgo_pl_25818,,,,
csgo_pl_25819,,,,
csgo_pl_24919,,,,
csgo_pl_25943,,,,
csgo_pl_25944,,,,
csgo_pl_25945,,,,
csgo_pl_21248,,,,
csgo_pl_22330,,,,
csgo_pl_24321,,,,
csgo_pl_25594,,,,
csgo_pl_25595,,,,
csgo_pl_24657,,,,
csgo_pl_22302,,,,
csgo_pl_24415,,,,
csgo_pl_17318,,,,
csgo_pl_21756,,,,
csgo_pl_22062,,,,
csgo_pl_24523,,,,
csgo_pl_20716,,,,
csgo_pl_24520,,,,
csgo_pl_24833,,,,
csgo_pl_25948,,,,
csgo_pl_19590,,,,
csgo_pl_25456,,,,
csgo_pl_22813,,,,
csgo_pl_25978,,,,
csgo_pl_25979,,,,
csgo_pl_25980,,,,
csgo_pl_25981,,,,
csgo_pl_9214,,,,
csgo_pl_24903,,,,
csgo_pl_25396,,,,
csgo_pl_26179,,,,
csgo_pl_26180,,,,
csgo_pl_26181,,,,
csgo_pl_24129,,,,
csgo_pl_24130,,,,
csgo_pl_25198,,,,
csgo_pl_25655,,,,
csgo_pl_25656,,,,
csgo_pl_26003,,,,
csgo_pl_26004,,,,
csgo_pl_26005,,,,
csgo_pl_26006,,,,
csgo_pl_26007,,,,
csgo_pl_24161,,,,
csgo_pl_24079,,,,
csgo_pl_23875,,,,
csgo_pl_23850,,,,
csgo_pl_25682,,,,
csgo_pl_22220,,,,
csgo_pl_23004,,,,
csgo_pl_23890,,,,
csgo_pl_24403,,,,
csgo_pl_25941,,,,
csgo_pl_17325,,,,
csgo_pl_25485,,,,
csgo_pl_25486,,,,
csgo_pl_23159,,,,
csgo_pl_23160,,,,
csgo_pl_23161,,,,
csgo_pl_23162,,,,
csgo_pl_23163,,,,
csgo_pl_22556,,,,
csgo_pl_24931,,,,
csgo_pl_25466,,,,
csgo_pl_16341,,,,
csgo_pl_23463,,,,
csgo_pl_21800,,,,
csgo_pl_21801,,,,
csgo_pl_11215,,,,
csgo_pl_25162,,,,
csgo_pl_25805,,,,
csgo_pl_26000,,,,
csgo_pl_26001,,,,
csgo_pl_26002,,,,
csgo_pl_24562,,,,
csgo_pl_25990,,,,
csgo_pl_25991,,,,
csgo_pl_25992,,,,
csgo_pl_25993,,,,
csgo_pl_23969,,,,
csgo_pl_25597,,,,
csgo_pl_25599,,,,
csgo_pl_25601,,,,
csgo_pl_24947,,,,
csgo_pl_23050,,,,
csgo_pl_23051,,,,
csgo_pl_23450,,,,
csgo_pl_23948,,,,
csgo_pl_23950,,,,
csgo_pl_17644,,,,
csgo_pl_23502,,,,
csgo_pl_19996,,,,
csgo_pl_22063,,,,
csgo_pl_23995,,,,
csgo_pl_21849,,,,
csgo_pl_24006,,,,
csgo_pl_23090,,,,
csgo_pl_18783,,,,
csgo_pl_18786,,,,
csgo_pl_22104,,,,
csgo_pl_22236,,,,
csgo_pl_24312,,,,
csgo_pl_19998,,,,
csgo_pl_20501,,,,
csgo_pl_21733,,,,
csgo_pl_21802,,,,
csgo_pl_22232,,,,
csgo_pl_24266,,,,
csgo_pl_26218,,,,
csgo_pl_26220,,,,
csgo_pl_26219,,,,
csgo_pl_24146,,,,
csgo_pl_9261,4:3,Computer Monitor,1440x1080,Stretched
csgo_pl_24262,,,,
csgo_pl_21972,5:4,Computer Monitor,1280x1024,Stretched
csgo_pl_24091,,,,
csgo_pl_23088,,,,
csgo_pl_24528,,,,
csgo_pl_23690,,,,
csgo_pl_20330,,,,
csgo_pl_24234,,,,
csgo_pl_24571,,,,
csgo_pl_23551,,,,
csgo_pl_9483,,,,
csgo_pl_9278,4:3,Computer Monitor,1280x960,Stretched
csgo_pl_22279,,,,
csgo_pl_23766,4:3,,1280x960,Stretched
csgo_pl_2553,4:3,Computer Monitor,1024x768,Black Bars
csgo_pl_22559,,,,
csgo_pl_24560,,,,
csgo_pl_24563,,,,
csgo_pl_22927,,,,
csgo_pl_22040,,,,
csgo_pl_20534,,,,
csgo_pl_23302,,,,
csgo_pl_3459,16:9,Computer Monitor,1920x1080,Native
csgo_pl_20870,5:4,Computer Monitor,1280x1024,Stretched
csgo_pl_9911,4:3,Computer Monitor,1024x768,Black Bars
csgo_pl_22759,,,,
csgo_pl_9960,4:3,Computer Monitor,1024x768,Black Bars
csgo_pl_18053,4:3,Computer Monitor,1280x960,Stretched
csgo_pl_22383,,,,
csgo_pl_10895,,,,
csgo_pl_17478,,,,
csgo_pl_24568,,,,
csgo_pl_22878,,,,
csgo_pl_25262,,,,
csgo_pl_2476,4:3,Computer Monitor,1152x864,Stretched
csgo_pl_22380,,,,
csgo_pl_24518,,,,
csgo_pl_23696,,,,
csgo_pl_9108,,,,
csgo_pl_18790,5:4,Computer Monitor,1280x1024,Stretched
csgo_pl_25009,,,,
csgo_pl_22000,,,,
csgo_pl_18545,,,,
csgo_pl_10588,4:3,Computer Monitor,1280x960,Stretched
csgo_pl_11139,4:3,Computer Monitor,1280x960,Stretched
csgo_pl_9115,4:3,Computer Monitor,1280x960,Stretched
csgo_pl_20527,,,,
csgo_pl_12872,,,,
csgo_pl_23346,,,,
csgo_pl_18736,,,,
csgo_pl_22629,,,,
csgo_pl_24558,,,,
csgo_pl_20531,,,,
csgo_pl_21302,,,,
csgo_pl_5351,,,,
csgo_pl_21783,,,,
csgo_pl_3329,,,,
csgo_pl_22419,4:3,,1280x960,Stretched
csgo_pl_17675,,,,
csgo_pl_18120,4:3,Computer Monitor,1280x960,Stretched
csgo_pl_24036,,,,
csgo_pl_25905,,,,
csgo_pl_22997,,,,
csgo_pl_24021,,,,
csgo_pl_25010,,,,
csgo_pl_25011,,,,
csgo_pl_23304,,,,
csgo_pl_24387,,,,
csgo_pl_25246,,,,
csgo_pl_18163,,,,
csgo_pl_19815,,,,
csgo_pl_21709,,,,
csgo_pl_24457,Unknown,,Unknown,Unknown
csgo_pl_23762,,,,
csgo_pl_23770,,,,
csgo_pl_23477,,,,
csgo_pl_22880,,,,
cg_pl_manual_675,,,,
csgo_pl_10096,16:10,Computer Monitor,1280x768,Native
csgo_pl_10330,4:3,Computer Monitor,1024x768,Stretched
csgo_pl_10394,4:3,Computer Monitor,1280x960,Stretched
csgo_pl_10508,,,,
csgo_pl_10728,,,,
csgo_pl_11013,,,,
csgo_pl_11140,16:10,Computer Monitor,1680x1050,Stretched
csgo_pl_11199,4:3,Computer Monitor,1024x768,Stretched
csgo_pl_11217,,,,
csgo_pl_11276,,,,
csgo_pl_11555,,,,
csgo_pl_11617,4:3,Computer Monitor,1280x960,Stretched
csgo_pl_11840,4:3,Computer Monitor,1280x960,Stretched
csgo_pl_11847,,,,
csgo_pl_12004,16:9,,1920x1080,Native
csgo_pl_12018,4:3,Computer Monitor,1024x768,Black Bars
csgo_pl_12092,16:9,Computer Monitor,1280x720,Native
csgo_pl_12102,,,,
csgo_pl_12157,,,,
csgo_pl_12317,,,,
csgo_pl_12612,,,,
csgo_pl_12708,4:3,Computer Monitor,1280x960,Stretched
csgo_pl_12733,4:3,,1024x768,Black Bars
csgo_pl_12810,16:10,Computer Monitor,1024x768,Black Bars
csgo_pl_13077,4:3,Computer Monitor,1280x960,Stretched
csgo_pl_13138,16:9,Computer Monitor,1920x1080,Native
csgo_pl_13170,16:10,,1680x1050,Stretched
csgo_pl_13239,4:3,Computer Monitor,1280x960,Stretched
csgo_pl_13249,16:9,Computer Monitor,1920x1080,Native
csgo_pl_13466,,,,
csgo_pl_13497,16:9,Computer Monitor,1920x1080,Native
csgo_pl_13578,4:3,Computer Monitor,1280x960,Black Bars
csgo_pl_13718,,,,
csgo_pl_13749,5:4,Computer Monitor,1152x864,Stretched
csgo_pl_15062,,,,
csgo_pl_15090,,,,
csgo_pl_11747,4:3,Computer Monitor,1024x768,Stretched
csgo_pl_18743,5:4,Computer Monitor,1280x1024,Stretched
csgo_pl_12194,,,,
csgo_pl_12953,,,,
csgo_pl_19707,,,,
csgo_pl_18554,,,,
csgo_pl_15525,,,,
csgo_pl_20301,4:3,,1280x960,Stretched
csgo_pl_20451,,,,
csgo_pl_16581,,,,
csgo_pl_17133,,,,
csgo_pl_17997,,,,
csgo_pl_20522,,,,
csgo_pl_19086,,,,
csgo_pl_14010,,,,
csgo_pl_19512,4:3,Computer Monitor,1024x768,Stretched
csgo_pl_19671,4:3,Computer Monitor,1440x1080,Stretched
csgo_pl_20521,,,,
csgo_pl_19672,4:3,Computer Monitor,1280x960,Stretched
csgo_pl_17132,,,,
csgo_pl_21109,,,,
csgo_pl_20423,4:3,Computer Monitor,1024x768,Stretched
csgo_pl_20112,4:3,Computer Monitor,1280x960,Stretched
csgo_pl_23643,,,,
csgo_pl_25619,,,,
csgo_pl_3741,16:9,Computer Monitor,1920x1080,Unknown
csgo_pl_8520,4:3,Computer Monitor,1280x960,Stretched
csgo_pl_7938,4:3,Computer Monitor,1024x768,Stretched
csgo_pl_16920,4:3,Computer Monitor,1024x768,Black Bars
csgo_pl_19230,4:3,Computer Monitor,1280x960,Stretched
csgo_pl_22842,,,,
csgo_pl_23771,,,,
csgo_pl_21062,5:3,Computer Monitor,1152x864,Black Bars
csgo_pl_18317,4:3,Computer Monitor,1280x960,Stretched
csgo_pl_19164,4:3,Computer Monitor,1024x768,Black Bars
csgo_pl_19808,4:3,,1280x960,Stretched
csgo_pl_20700,4:3,Computer Monitor,1280x960,Stretched
csgo_pl_22326,,,,
csgo_pl_23600,,,,
csgo_pl_16820,4:3,Computer Monitor,1280x960,Stretched
csgo_pl_24177,4:3,,1280x960,Stretched
csgo_pl_21167,4:3,Computer Monitor,1280x960,Stretched
csgo_pl_14176,4:3,Computer Monitor,1280x960,Stretched
csgo_pl_19045,4:3,Computer Monitor,1280x960,Stretched
csgo_pl_21657,,,,
csgo_pl_21763,,,,
csgo_pl_15385,,,,
csgo_pl_19739,4:3,Computer Monitor,1280x960,Stretched
csgo_pl_16612,16:10,,1280x800,Stretched
csgo_pl_22075,,,,
csgo_pl_21331,,,,
csgo_pl_13776,4:3,Computer Monitor,1280x960,Stretched
csgo_pl_13914,,,,
csgo_pl_14175,4:3,Computer Monitor,1024x768,Black Bars
csgo_pl_14218,16:9,Computer Monitor,1920x1080,Native
csgo_pl_14240,,,,
csgo_pl_14241,,,,
csgo_pl_14244,,,,
csgo_pl_14294,,,,
csgo_pl_14401,,,,
csgo_pl_14619,,,,
csgo_pl_14736,4:3,Computer Monitor,1280x960,Black Bars
csgo_pl_14737,4:3,Computer Monitor,1280x960,Black Bars
csgo_pl_14929,4:3,Computer Monitor,1280x960,Stretched
csgo_pl_14932,4:3,Computer Monitor,1280x960,Stretched
csgo_pl_14969,,,,
csgo_pl_14990,,,,
csgo_pl_15007,16:9,Computer Monitor,1920x1080,Native
csgo_pl_15060,,,,
csgo_pl_15118,,,,
csgo_pl_15165,4:3,Computer Monitor,1280x960,Stretched
csgo_pl_15176,,,,
csgo_pl_15437,,,,
csgo_pl_15562,,,,
csgo_pl_15662,4:3,Computer Monitor,1280x960,Stretched
csgo_pl_15818,,,,
csgo_pl_15861,,,,
csgo_pl_15914,16:10,Computer Monitor,1280x800,Stretched
csgo_pl_16147,4:3,Computer Monitor,1280x960,Stretched
csgo_pl_16349,,,,
csgo_pl_16410,,,,
csgo_pl_16415,4:3,Computer Monitor,1024x768,Black Bars
csgo_pl_16486,16:10,Computer Monitor,1280x800,Stretched
csgo_pl_16487,5:4,Computer Monitor,1280x1024,Stretched
csgo_pl_16551,4:3,Computer Monitor,1280x960,Stretched
csgo_pl_16558,,,,
csgo_pl_16564,,,,
csgo_pl_24270,,,,
csgo_pl_23768,,,,
csgo_pl_21706,,,,
csgo_pl_23684,,,,
csgo_pl_20128,,,,
csgo_pl_19874,,,,
csgo_pl_24173,,,,
csgo_pl_22076,,,,
csgo_pl_23858,,,,
csgo_pl_18749,4:3,Computer Monitor,1280x960,Stretched
csgo_pl_9254,16:10,Computer Monitor,1440x900,Stretched
csgo_pl_8371,4:3,Computer Monitor,1152x864,Stretched
csgo_pl_19509,16:10,Computer Monitor,1280x800,Stretched
csgo_pl_21239,4:3,Computer Monitor,1280x960,Stretched
csgo_pl_20504,,,,
csgo_pl_20956,,,,
csgo_pl_22189,,,,
csgo_pl_22459,,,,
csgo_pl_20252,4:3,,1280x960,Stretched
csgo_pl_22333,,,,
csgo_pl_23457,,,,
csgo_pl_11141,4:3,Computer Monitor,1280x960,Stretched
csgo_pl_21828,,,,
csgo_pl_22415,,,,
csgo_pl_15569,4:3,,1280x960,Black Bars
csgo_pl_12945,,,,
csgo_pl_13670,4:3,Computer Monitor,1280x960,Stretched
csgo_pl_16029,16:9,Computer Monitor,1920x1080,Native
csgo_pl_19171,,,,
csgo_pl_25206,,,,
csgo_pl_21155,,,,
csgo_pl_20992,,,,
csgo_pl_17372,16:9,Computer Monitor,1920x1080,Native
csgo_pl_21452,4:3,Computer Monitor,1280x960,Stretched
csgo_pl_22965,,,,
csgo_pl_20434,,,,
csgo_pl_24806,,,,
csgo_pl_21243,4:3,Computer Monitor,1280x960,Stretched
csgo_pl_21708,5:4,Computer Monitor,1280x1024,Stretched
csgo_pl_18221,4:3,Computer Monitor,1280x960,Stretched
csgo_pl_21108,,,,
csgo_pl_11630,4:3,Unknown,1280x960,Stretched
csgo_pl_21620,16:10,,1680x1050,Stretched
csgo_pl_19686,16:9,,1920x1080,Native
csgo_pl_12521,4:3,Computer Monitor,1280x960,Stretched
csgo_pl_12553,16:9,Computer Monitor,1920x1080,Native
csgo_pl_20114,,,,
csgo_pl_2023,4:3,Computer Monitor,1024x768,Stretched
csgo_pl_20447,16:9,,1920x1080,Native
csgo_pl_20968,5:4,Computer Monitor,1280x1024,Stretched
csgo_pl_9436,4:3,Computer Monitor,1280x960,Stretched
csgo_pl_13915,16:9,Computer Monitor,1920x1080,Native
csgo_pl_21385,,,,
csgo_pl_18072,4:3,Computer Monitor,1280x1024,Stretched
csgo_pl_21969,4:3,,1280x960,Stretched
csgo_pl_150,,,,
csgo_pl_19869,4:3,Computer Monitor,1280x960,Stretched
csgo_pl_15631,16:9,Computer Monitor,1920x1080,Native
csgo_pl_15698,4:3,Computer Monitor,1280x960,Stretched
csgo_pl_18119,,,,
csgo_pl_15778,4:3,Computer Monitor,1280x960,Stretched
csgo_pl_24144,4:3,,1280x960,Stretched
csgo_pl_20312,16:9,Computer Monitor,1920x1080,Native
csgo_pl_8574,4:3,Computer Monitor,1280x960,Stretched
csgo_pl_22039,4:3,,1280x960,Stretched
csgo_pl_21284,,,,
csgo_pl_21007,,,,
csgo_pl_10994,4:3,Computer Monitor,1024x768,Black Bars
csgo_pl_11955,,,,
csgo_pl_13729,,,,
csgo_pl_13858,,,,
csgo_pl_13917,,,,
csgo_pl_14359,,,,
csgo_pl_15362,,,,
csgo_pl_15762,,,,
csgo_pl_16392,,,,
csgo_pl_21290,,,,
csgo_pl_20621,,,,
csgo_pl_20258,,,,
csgo_pl_18989,,,,
csgo_pl_20198,,,,
csgo_pl_20807,,,,
csgo_pl_23596,,,,
csgo_pl_22638,,,,
csgo_pl_23595,,,,
csgo_pl_23361,,,,
csgo_pl_25854,,,,
csgo_pl_24747,,,,
csgo_pl_10840,4:3,Computer Monitor,1280x960,Stretched
csgo_pl_10827,4:3,Computer Monitor,1280x960,Stretched
csgo_pl_23588,,,,
csgo_pl_10838,,,,
csgo_pl_21170,,,,
csgo_pl_22911,4:3,Computer Monitor,1280x960,Stretched
csgo_pl_21221,,,,
csgo_pl_21921,,,,
csgo_pl_23397,4:3,,1280x960,Stretched
csgo_pl_20558,,,,
csgo_pl_21014,,,,
csgo_pl_22695,,,,
csgo_pl_8183,16:10,Computer Monitor,1280x800,Stretched
csgo_pl_7592,4:3,Computer Monitor,1280x960,Stretched
csgo_pl_21192,,,,
csgo_pl_21365,,,,
csgo_pl_25608,,,,
csgo_pl_25609,,,,
csgo_pl_13669,16:9,Computer Monitor,1920x1080,Native
csgo_pl_25925,,,,
csgo_pl_25924,,,,
csgo_pl_25928,,,,
csgo_pl_25927,,,,
csgo_pl_25926,,,,
csgo_pl_19750,4:3,Computer Monitor,1152x864,Stretched
csgo_pl_20026,16:9,,1920x1080,Native
csgo_pl_25349,,,,
csgo_pl_22676,,,,
csgo_pl_20097,4:3,Computer Monitor,1024x768,Black Bars
csgo_pl_25777,,,,
csgo_pl_18865,4:3,Computer Monitor,1280x960,Stretched
csgo_pl_20085,4:3,,1280x960,Stretched
csgo_pl_20948,,,,
csgo_pl_25388,,,,
csgo_pl_19823,,,,
csgo_pl_4829,4:3,Computer Monitor,1280x960,Stretched
csgo_pl_9656,4:3,Computer Monitor,1024x768,Stretched
csgo_pl_21348,4:3,Computer Monitor,1280x960,Stretched
csgo_pl_21692,,,,
csgo_pl_23642,,,,
csgo_pl_20813,5:4,,1280x1024,Stretched
csgo_pl_11777,4:3,Computer Monitor,1280x960,Stretched
csgo_pl_20889,,,,
csgo_pl_16080,4:3,Computer Monitor,1280x960,Black Bars
csgo_pl_24114,,,,
csgo_pl_13666,5:4,Computer Monitor,1280x1024,Stretched
csgo_pl_19677,4:3,Computer Monitor,1152x864,Stretched
csgo_pl_15117,4:3,Computer Monitor,1280x960,Stretched
csgo_pl_18850,4:3,Computer Monitor,1280x960,Stretched
csgo_pl_22047,4:3,,1280x960,Stretched
csgo_pl_14273,4:3,Computer Monitor,1152x864,Black Bars
csgo_pl_23673,,,,
csgo_pl_26261,,,,
csgo_pl_17539,,,,
csgo_pl_11532,,,,
csgo_pl_19448,,,,
csgo_pl_25552,,,,
csgo_pl_24298,,,,
csgo_pl_18361,4:3,Computer Monitor,1280x960,Stretched
csgo_pl_885,4:3,Computer Monitor,1280x960,Black Bars
csgo_pl_21967,,,,
csgo_pl_25913,,,,
csgo_pl_21115,,,,
csgo_pl_23556,,,,
csgo_pl_25331,,,,
csgo_pl_25676,,,,
csgo_pl_21285,,,,
csgo_pl_25553,,,,
cg_pl_20251112165738yaovo,,,,
cg_pl_20251112165748gtome,,,,
cg_pl_20260420102102pkuu6,,,,
cg_pl_20260420102103dfnx0,,,,
cg_pl_20260420102103fpxvg,,,,
cg_pl_20260420102103vbfm4,,,,
cg_pl_20260420102104tmvp7,,,,
cg_pl_202604201021058h96d,,,,
cg_pl_202604201021058s0ql,,,,
cg_pl_20260420102105jaar1,,,,
cg_pl_20260420102105oydyg,,,,
cg_pl_20260420102105puewm,,,,
cg_pl_manual_650,,,,
cg_pl_manual_651,,,,
cg_pl_manual_653,,,,
cg_pl_manual_654,,,,
csgo_pl_10453,,,,
csgo_pl_10502,,,,
csgo_pl_10504,,,,
csgo_pl_11890,,,,
csgo_pl_11922,,,,
csgo_pl_12027,16:9,Computer Monitor,1920x1080,Native
csgo_pl_12416,,,,
csgo_pl_12588,,,,
csgo_pl_20217,,,,
csgo_pl_12937,4:3,Computer Monitor,1280x960,Stretched
csgo_pl_12956,4:3,Computer Monitor,1280x960,Stretched
csgo_pl_13054,,,,
csgo_pl_13176,,,,
csgo_pl_13230,4:3,Computer Monitor,1280x960,Stretched
csgo_pl_13250,,,,
csgo_pl_993,,,,
csgo_pl_13949,,,,
csgo_pl_14290,,,,
csgo_pl_14316,,,,
csgo_pl_14390,4:3,Computer Monitor,1280x960,Stretched
csgo_pl_14954,,,,
csgo_pl_14956,,,,
csgo_pl_15501,5:4,,1280x1024,Black Bars
csgo_pl_16031,,,,
csgo_pl_16645,,,,
csgo_pl_16647,,,,
csgo_pl_17071,,,,
csgo_pl_17116,,,,
csgo_pl_17181,4:3,,1280x960,Stretched
csgo_pl_17390,,,,
csgo_pl_17392,,,,
csgo_pl_17622,,,,
csgo_pl_17769,,,,
csgo_pl_24727,,,,
csgo_pl_24743,,,,
csgo_pl_20066,,,,
csgo_pl_20578,,,,
csgo_pl_20215,,,,
csgo_pl_17872,,,,
csgo_pl_18090,,,,
csgo_pl_18140,,,,
csgo_pl_18195,,,,
csgo_pl_20474,,,,
csgo_pl_18738,,,,
csgo_pl_18761,,,,
csgo_pl_19079,,,,
csgo_pl_19128,,,,
csgo_pl_19536,,,,
csgo_pl_19709,4:3,,1440x1080,Stretched
csgo_pl_19732,,,,
csgo_pl_20002,,,,
csgo_pl_20011,,,,
csgo_pl_24294,,,,
csgo_pl_21891,,,,
csgo_pl_300,,,,
csgo_pl_22460,,,,
csgo_pl_24474,,,,
csgo_pl_23300,,,,
csgo_pl_22863,,,,
csgo_pl_25577,,,,
csgo_pl_25505,,,,
csgo_pl_10730,,,,
csgo_pl_24070,,,,
csgo_pl_20375,,,,
csgo_pl_20677,,,,
csgo_pl_21165,,,,
csgo_pl_20345,4:3,,1280x960,Stretched
csgo_pl_21963,,,,
csgo_pl_22211,,,,
csgo_pl_24726,,,,
csgo_pl_22450,,,,
csgo_pl_25424,,,,
csgo_pl_22193,,,,
csgo_pl_20708,,,,
csgo_pl_26075,,,,
csgo_pl_24840,,,,
csgo_pl_23773,,,,
csgo_pl_26074,,,,
csgo_pl_24692,,,,
csgo_pl_26258,,,,
csgo_pl_23719,,,,
csgo_pl_23370,,,,
csgo_pl_21093,,,,
csgo_pl_21367,,,,
csgo_pl_21175,,,,
csgo_pl_21431,5:4,Computer Monitor,1280x1024,Stretched
csgo_pl_21398,,,,
csgo_pl_20934,,,,
csgo_pl_19705,,,,
csgo_pl_25087,,,,
csgo_pl_25326,,,,
csgo_pl_24045,,,,
csgo_pl_22655,,,,
csgo_pl_24545,,,,
csgo_pl_20273,,,,
csgo_pl_10722,,,,
csgo_pl_21213,,,,
csgo_pl_21163,4:3,,1280x960,Stretched
csgo_pl_21428,,,,
csgo_pl_21445,,,,
csgo_pl_21099,,,,
csgo_pl_20245,,,,
csgo_pl_20773,,,,
csgo_pl_12793,,,,
csgo_pl_20895,4:3,Computer Monitor,1280x960,Stretched
csgo_pl_12877,,,,
csgo_pl_20787,,,,
csgo_pl_13287,,,,
csgo_pl_13298,,,,
csgo_pl_20405,,,,
csgo_pl_21272,4:3,,1280x960,Stretched
csgo_pl_21368,,,,
csgo_pl_14333,,,,
csgo_pl_14494,4:3,Computer Monitor,1024x768,Black Bars
csgo_pl_14744,,,,
csgo_pl_14799,,,,
csgo_pl_15072,4:3,Computer Monitor,1024x768,Black Bars
csgo_pl_20354,,,,
csgo_pl_15203,,,,
csgo_pl_20268,,,,
csgo_pl_20429,,,,
csgo_pl_20689,,,,
csgo_pl_20573,,,,
csgo_pl_20782,,,,
csgo_pl_20703,,,,
csgo_pl_16768,,,,
csgo_pl_16778,,,,
csgo_pl_16847,4:3,Computer Monitor,1280x960,Black Bars
csgo_pl_16865,,,,
csgo_pl_20883,,,,
csgo_pl_16971,,,,
csgo_pl_21780,,,,
csgo_pl_22066,,,,
csgo_pl_21722,,,,
csgo_pl_21669,,,,
csgo_pl_22038,,,,
csgo_pl_20333,16:9,Computer Monitor,1920x1080,Native
csgo_pl_21621,4:3,Computer Monitor,1024x768,Black Bars
csgo_pl_22126,,,,
csgo_pl_20958,,,,
csgo_pl_21263,4:3,Computer Monitor,1024x768,Stretched
csgo_pl_21169,,,,
csgo_pl_21983,16:9,Computer Monitor,1920x1080,Native
csgo_pl_21700,,,,
csgo_pl_22069,,,,
csgo_pl_21825,,,,
csgo_pl_20421,,,,
csgo_pl_17028,,,,
csgo_pl_17353,,,,
csgo_pl_17378,16:9,Computer Monitor,1920x1080,Native
csgo_pl_17437,,,,
csgo_pl_21990,,,,
csgo_pl_17656,,,,
csgo_pl_17844,,,,
csgo_pl_17918,16:9,,1920x1080,Native
csgo_pl_18218,,,,
csgo_pl_21813,,,,
csgo_pl_21426,,,,
csgo_pl_18638,5:4,Computer Monitor,1280x1024,Stretched
csgo_pl_18706,,,,
csgo_pl_18788,,,,
csgo_pl_18838,4:3,Computer Monitor,1280x960,Black Bars
csgo_pl_19065,,,,
csgo_pl_19167,,,,
csgo_pl_19187,4:3,Computer Monitor,1280x960,Stretched
csgo_pl_19229,,,,
csgo_pl_19301,,,,
csgo_pl_19538,,,,
csgo_pl_19602,,,,
csgo_pl_20422,4:3,Computer Monitor,1280x960,Stretched
csgo_pl_19645,4:3,Computer Monitor,1280x960,Stretched
csgo_pl_19711,16:10,,1728x1080,Stretched
csgo_pl_20702,,,,
csgo_pl_19786,4:3,,1280x960,Stretched
csgo_pl_19812,,,,
csgo_pl_20204,,,,
csgo_pl_19918,,,,
csgo_pl_19957,16:9,Computer Monitor,1280x960,Stretched
csgo_pl_20158,,,,
csgo_pl_20119,,,,
csgo_pl_26073,,,,
csgo_pl_25710,,,,
csgo_pl_22466,,,,
csgo_pl_24105,,,,
csgo_pl_25712,,,,
csgo_pl_22327,,,,
csgo_pl_18553,,,,
csgo_pl_22703,,,,
csgo_pl_24246,,,,
csgo_pl_24111,,,,
csgo_pl_22811,,,,
csgo_pl_24672,,,,
csgo_pl_25576,,,,
csgo_pl_7700,4:3,,1152x864,Stretched
csgo_pl_24924,,,,
csgo_pl_24462,,,,
csgo_pl_9896,4:3,Computer Monitor,1280x960,Stretched
csgo_pl_22810,,,,
csgo_pl_22385,,,,
csgo_pl_24242,4:3,,1280x960,Stretched
csgo_pl_23544,,,,
csgo_pl_24920,,,,
csgo_pl_23471,,,,
csgo_pl_22945,,,,
csgo_pl_10506,,,,
csgo_pl_11872,,,,
csgo_pl_13240,4:3,Computer Monitor,1280x960,Stretched
csgo_pl_13281,4:3,Computer Monitor,1440x1080,Stretched
csgo_pl_13679,,,,
csgo_pl_13982,5:4,Computer Monitor,1280x1024,Black Bars
csgo_pl_14148,4:3,Computer Monitor,1280x960,Stretched
csgo_pl_14236,,,,
csgo_pl_16948,,,,
csgo_pl_17113,4:3,Computer Monitor,1280x960,Stretched
csgo_pl_17288,,,,
csgo_pl_18223,,,,
csgo_pl_18240,,,,
csgo_pl_18294,,,,
csgo_pl_18670,4:3,Computer Monitor,1280x960,Stretched
csgo_pl_18775,,,,
csgo_pl_22140,,,,
csgo_pl_16661,,,,
csgo_pl_23960,,,,
csgo_pl_20219,4:3,Computer Monitor,1152x864,Stretched
csgo_pl_16340,,,,
csgo_pl_22839,,,,
csgo_pl_21219,,,,
csgo_pl_23461,,,,
csgo_pl_18322,,,,
csgo_pl_12781,4:3,Computer Monitor,1280x960,Stretched
csgo_pl_15573,,,,
csgo_pl_1646,,,,
csgo_pl_16497,,,,
csgo_pl_16705,4:3,Computer Monitor,1280x960,Stretched
csgo_pl_17039,,,,
csgo_pl_20197,,,,
csgo_pl_20170,4:3,Computer Monitor,1280x960,Stretched
csgo_pl_19735,,,,
csgo_pl_19763,4:3,Computer Monitor,1280x960,Stretched
csgo_pl_19872,,,,
csgo_pl_20690,,,,
csgo_pl_16835,16:9,,1920x1080,Native
csgo_pl_20885,,,,
csgo_pl_22085,,,,
csgo_pl_24930,,,,
csgo_pl_21888,,,,
csgo_pl_24641,,,,
csgo_pl_12731,5:4,Computer Monitor,1280x1024,Stretched
csgo_pl_24283,,,,
csgo_pl_20336,,,,
csgo_pl_20340,,,,
csgo_pl_22192,,,,
csgo_pl_20908,,,,
csgo_pl_20339,,,,
csgo_pl_22481,,,,
csgo_pl_19738,5:4,Computer Monitor,1280x1024,Stretched
csgo_pl_21971,,,,
csgo_pl_24970,,,,
csgo_pl_25448,,,,
csgo_pl_22482,,,,
csgo_pl_24905,,,,
csgo_pl_20750,,,,
csgo_pl_23141,,,,
csgo_pl_23480,,,,
csgo_pl_24281,,,,
csgo_pl_25585,,,,
csgo_pl_24690,,,,
csgo_pl_23829,,,,
csgo_pl_25035,,,,
csgo_pl_21038,,,,
csgo_pl_24015,,,,
csgo_pl_24717,,,,
csgo_pl_25465,,,,
csgo_pl_25464,,,,
csgo_pl_24171,,,,
csgo_pl_21369,,,,
csgo_pl_20199,,,,
csgo_pl_24818,,,,
csgo_pl_22777,,,,
csgo_pl_23613,,,,
csgo_pl_23429,,,,
csgo_pl_22182,,,,
csgo_pl_22179,,,,
csgo_pl_23169,,,,
csgo_pl_22547,,,,
csgo_pl_23323,,,,
csgo_pl_22908,,,,
csgo_pl_23410,,,,
csgo_pl_22364,,,,
csgo_pl_22566,,,,
csgo_pl_22967,,,,
csgo_pl_22964,,,,
csgo_pl_25255,4:3,,1440x1080,Stretched
csgo_pl_21988,4:3,,1280x960,Stretched
csgo_pl_25254,4:3,,1280x960,Stretched
csgo_pl_23764,,,,
csgo_pl_21513,,,,
csgo_pl_19114,16:9,Computer Monitor,1920x1080,Native
csgo_pl_17504,16:10,Computer Monitor,1680x1050,Black Bars
csgo_pl_20413,4:3,Computer Monitor,1280x960,Stretched
csgo_pl_25104,,,,
csgo_pl_22199,,,,
csgo_pl_21114,,,,
csgo_pl_19761,4:3,,1280x960,Stretched
csgo_pl_12777,,,,
csgo_pl_22280,,,,
csgo_pl_19594,,,,
csgo_pl_23765,4:3,,1280x960,Stretched
csgo_pl_24261,,,,
csgo_pl_16548,,,,
csgo_pl_22866,,,,
csgo_pl_24810,,,,
csgo_pl_24358,,,,
csgo_pl_19284,16:10,Computer Monitor,1728x1080,Stretched
csgo_pl_24325,,,,
csgo_pl_24176,4:3,,1280x960,Stretched
csgo_pl_17508,16:9,,1920x1080,Native
csgo_pl_24569,,,,
csgo_pl_22803,,,,
csgo_pl_20430,4:3,,1280x960,Stretched
csgo_pl_16753,4:3,,1280x960,Stretched
csgo_pl_24113,,,,
csgo_pl_22948,,,,
csgo_pl_20033,4:3,Computer Monitor,1280x960,Stretched
csgo_pl_24425,,,,
csgo_pl_23767,,,,
csgo_pl_22474,,,,
csgo_pl_24954,,,,
csgo_pl_23873,,,,
csgo_pl_23683,,,,
csgo_pl_25053,,,,
csgo_pl_24008,,,,
csgo_pl_9144,,,,
csgo_pl_24324,,,,
csgo_pl_25108,,,,
csgo_pl_8622,,,,
csgo_pl_9245,,,,
csgo_pl_9736,,,,
csgo_pl_24089,,,,
csgo_pl_9626,4:3,Computer Monitor,1280x960,Stretched
csgo_pl_24223,,,,
csgo_pl_25138,,,,
csgo_pl_24564,,,,
csgo_pl_6553,,,,
csgo_pl_24857,16:9,,1920x1080,Native
csgo_pl_20284,4:3,Computer Monitor,1280x960,Stretched
csgo_pl_24244,4:3,,1280x960,Stretched
csgo_pl_24243,4:3,,1024x768,Stretched
csgo_pl_23469,,,,
csgo_pl_15821,4:3,Computer Monitor,1152x864,Stretched
csgo_pl_22144,,,,
csgo_pl_9818,4:3,,1280x960,Stretched
csgo_pl_22143,,,,
csgo_pl_11205,5:4,Computer Monitor,1280x1024,Stretched
csgo_pl_16102,,,,
csgo_pl_23237,,,,
csgo_pl_20683,,,,
csgo_pl_17003,,,,
csgo_pl_21117,,,,
csgo_pl_21337,,,,
csgo_pl_22650,,,,
csgo_pl_20926,16:9,,1920x1080,Native
csgo_pl_23614,,,,
csgo_pl_22806,,,,
csgo_pl_25540,,,,
csgo_pl_25500,,,,
csgo_pl_25109,,,,
csgo_pl_15732,,,,
csgo_pl_25955,,,,
csgo_pl_25119,,,,
csgo_pl_24092,,,,
csgo_pl_25956,,,,
csgo_pl_24995,,,,
csgo_pl_695,4:3,Computer Monitor,1280x960,Black Bars
csgo_pl_9325,,,,
csgo_pl_21931,,,,
csgo_pl_20110,4:3,Computer Monitor,1280x960,Stretched
csgo_pl_20228,,,,
csgo_pl_2131,4:3,Computer Monitor,1024x768,Black Bars
csgo_pl_19614,,,,
csgo_pl_23303,,,,
csgo_pl_22535,,,,
csgo_pl_8311,,,,
csgo_pl_22921,,,,
csgo_pl_16599,16:10,Computer Monitor,1680x1050,Stretched
csgo_pl_15370,4:3,Computer Monitor,1024x768,Black Bars
csgo_pl_21665,,,,
csgo_pl_20104,4:3,Computer Monitor,1280x960,Stretched
csgo_pl_23902,,,,
csgo_pl_21100,,,,
csgo_pl_22956,,,,
csgo_pl_20897,4:3,,1280x960,Stretched
csgo_pl_22362,,,,
csgo_pl_18891,,,,
csgo_pl_20385,4:3,,1280x960,Stretched
csgo_pl_11154,4:3,Computer Monitor,1280x960,Stretched
csgo_pl_19692,4:3,Computer Monitor,1280x960,Stretched
csgo_pl_18717,4:3,Computer Monitor,1280x960,Black Bars
csgo_pl_21286,4:3,,1440x1080,Stretched
csgo_pl_19972,,,,
csgo_pl_14394,4:3,Computer Monitor,1280x960,Stretched
csgo_pl_18610,,,,
csgo_pl_16817,4:3,Computer Monitor,1280x960,Stretched
csgo_pl_20183,4:3,,1280x960,Stretched
csgo_pl_10566,5:4,,1280x1024,Stretched
csgo_pl_22371,Unknown,,Unknown,Unknown
csgo_pl_12822,16:9,Computer Monitor,1920x1080,Native
csgo_pl_22564,4:3,,1280x960,Stretched
csgo_pl_24192,,,,
csgo_pl_24238,,,,
csgo_pl_24716,,,,
csgo_pl_2544,,,,
csgo_pl_23587,,,,
csgo_pl_24556,,,,
csgo_pl_24572,,,,
csgo_pl_22423,,,,
csgo_pl_7322,4:3,Computer Monitor,1024x768,Stretched
csgo_pl_18462,5:4,Computer Monitor,1280x1024,Stretched
csgo_pl_11816,16:9,Computer Monitor,1920x1080,Native
csgo_pl_16693,4:3,Computer Monitor,1280x960,Stretched
csgo_pl_11893,4:3,Computer Monitor,1280x960,Stretched
csgo_pl_9816,4:3,Computer Monitor,1440x1080,Stretched
csgo_pl_22673,,,,
csgo_pl_20127,4:3,Computer Monitor,1280x960,Stretched
csgo_pl_18987,4:3,Computer Monitor,1280x960,Stretched
csgo_pl_14759,4:3,Computer Monitor,1280x960,Stretched
csgo_pl_22536,,,,
csgo_pl_11498,4:3,Computer Monitor,1280x960,Stretched
csgo_pl_22930,,,,
csgo_pl_23047,5:4,,1280x1024,Stretched
csgo_pl_20709,4:3,Computer Monitor,1024x768,Stretched
csgo_pl_16555,4:3,Computer Monitor,1280x960,Black Bars
csgo_pl_18510,,,,
csgo_pl_20387,,,,
csgo_pl_16921,4:3,Computer Monitor,1280x960,Stretched
csgo_pl_22879,,,,
csgo_pl_22883,,,,
csgo_pl_22430,,,,
csgo_pl_22961,,,,
csgo_pl_25423,,,,
csgo_pl_12875,,,,
csgo_pl_19730,,,,
csgo_pl_20351,,,,
csgo_pl_22414,,,,
csgo_pl_22441,,,,
csgo_pl_25703,,,,
csgo_pl_22137,,,,
csgo_pl_24345,,,,
csgo_pl_24681,,,,
csgo_pl_24772,,,,
csgo_pl_24890,,,,
csgo_pl_24763,,,,
csgo_pl_21164,,,,
csgo_pl_21643,,,,
csgo_pl_21509,,,,
csgo_pl_24124,,,,
csgo_pl_22267,,,,
csgo_pl_24945,,,,
csgo_pl_22456,,,,
csgo_pl_21233,,,,
