team_id,team_name,team_logo,country_logo,global_rank,valve_rank,valve_point,score,point,rank_change,rank_diff,crawl_time
csgo_tm_9565,Vitality,https://oss.5eplay.com/cloudx/p/sport/csgo/team/merge_ci8mp6n4nfq3cc4ue9k0.png,https://oss.5eplay.com/sport/csgo/country/cervbihll806civqfshg.png,1,1,2080,1000,1000,-,-,1776779228
csgo_tm_4608,NAVI,https://oss.5eplay.com/cloudx/p/sport/csgo/team/chdgdk74nfqe2nie51g0.png,https://oss.5eplay.com/sport/csgo/country/cervbihll806civqfshg.png,2,2,1915,524,524,-,-,1776779228
csgo_tm_8297,FURIA,https://oss.5eplay.com/sport/csgo/team/cgcl4u1ll806h1bg2n3g.png,https://oss.5eplay.com/cloudx/p/sport/csgo/country/6fd36cae59655c447bc104cebc5f1a13.jpg,3,8,1824,481,481,-,-,1776779228
csgo_tm_11283,Falcons,https://oss.5eplay.com/cloudx/p/sport/csgo/team/cm0k2q4conkqks63d37g.png,https://oss.5eplay.com/sport/csgo/country/cervbihll806civqfshg.png,4,3,1871,409,409,+1,+1,1776779228
csgo_tm_7020,Spirit,https://oss.5eplay.com/sport/csgo/team/merge_cgchcqhll806h1bg2lt0.png,https://oss.5eplay.com/cloudx/p/sport/csgo/country/9d442d4b119b5bf52e18371d14a2f429.jpg,5,5,1848,400,400,+4,+4,1776779228
csgo_tm_11861,Aurora,https://oss.5eplay.com/cloudx/p/sport/csgo/team/cgrnhlf4nfqe2nie40o0.png,https://oss.5eplay.com/cloudx/p/sport/csgo/country/f970ef129240d032f6e0991d1ad255b1.jpg,6,11,1774,395,395,-,-,1776779228
hltv_team_12467,PARIVISION,https://oss.5eplay.com/cloudx/p/sport/csgo/team/merge_clr6upsconkqks63ctn0.png,https://oss.5eplay.com/cloudx/p/sport/csgo/country/9d442d4b119b5bf52e18371d14a2f429.jpg,7,10,1775,366,366,-3,-3,1776779228
csgo_tm_6248,Mongolz,https://oss.5eplay.com/cloudx/p/sport/csgo/team/cotdagsconklgsjvhg10.png,https://oss.5eplay.com/cloudx/p/sport/csgo/country/d99a27a81fcad3217b239efd6663be66.jpg,8,7,1828,319,319,-1,-1,1776779228
csgo_tm_6665,Astralis,https://oss.5eplay.com/cloudx/p/sport/csgo/team/ch9oh3n4nfqe2nie4t10.png,https://oss.5eplay.com/cloudx/p/sport/csgo/country/d898280c32e0de60c8ec3e1ddface359.jpg,9,6,1830,255,255,+1,+1,1776779228
hltv_team_13286,FUT,https://oss.5eplay.com/cloudx/p/sport/csgo/team/d5j35lsconkpudhr3gk0.png,https://oss.5eplay.com/sport/csgo/country/cervbihll806civqfshg.png,10,4,1849,252,252,+1,+1,1776779228
csgo_tm_4494,MOUZ,https://oss.5eplay.com/sport/csgo/team/hz/cec3pf74nfq43340unp0.png,https://oss.5eplay.com/sport/csgo/country/cervbihll806civqfshg.png,11,9,1783,232,232,-3,-3,1776779228
csgo_tm_5995,G2,https://oss.5eplay.com/cloudx/p/sport/csgo/team/chae4nf4nfqe2nie4ung.png,https://oss.5eplay.com/sport/csgo/country/cervbihll806civqfshg.png,12,12,1662,192,192,-,-,1776779228
csgo_tm_4914, 3DMAX,https://oss.5eplay.com/cloudx/p/sport/csgo/team/cssus2cconkotam81h1g.png,https://oss.5eplay.com/cloudx/p/sport/csgo/country/c9d14053c27e52655034cd493f2a71e5.jpg,13,14,1562,149,149,-,-,1776779228
csgo_tm_11241,B8,https://oss.5eplay.com/sport/csgo/team/merge_cee3h074nfq433414tf0.png,https://oss.5eplay.com/cloudx/p/sport/csgo/country/9ae4c60cfb35d482d07fe7a841fa8705.jpg,14,16,1552,113,113,+3,+3,1776779228
hltv_team_12468,Legacy,https://oss.5eplay.com/cloudx/p/sport/csgo/team/ck9evp4conkqks63bksg.png,https://oss.5eplay.com/cloudx/p/sport/csgo/country/6fd36cae59655c447bc104cebc5f1a13.jpg,15,18,1482,110,110,-,-,1776779228
csgo_tm_9996,9z,https://oss.5eplay.com/cloudx/p/sport/csgo/team/co12ihcconklgsjvgua0.png,https://oss.5eplay.com/sport/csgo/country/cervtf9ll806civqfsj0.png,16,13,1562,103,103,-,-,1776779228
csgo_tm_6667,FaZe,https://oss.5eplay.com/cloudx/p/sport/csgo/team/merge_d3quoskconkqbk3bnu20.png,https://oss.5eplay.com/sport/csgo/country/cervbihll806civqfshg.png,17,37,1337,94,94,-3,-3,1776779228
csgo_tm_7175,Heroic,https://oss.5eplay.com/sport/csgo/team/cgeh6n9ll806h1bg2osg.png,https://oss.5eplay.com/cloudx/p/sport/csgo/country/0e6f1ed44d7fb1961dc8d79e4cd894ae.jpg,18,20,1470,79,79,-,-,1776779228
csgo_tm_4863,TYLOO,https://oss.5eplay.com/sport/csgo/team/hz/cec3pjf4nfq43340up40.png,https://oss.5eplay.com/cloudx/p/sport/csgo/country/42dc0827650dabd3274bdcaac0976a0a.jpg,19,36,1340,77,77,+1,+1,1776779228
hltv_team_12474,Alliance,https://oss.5eplay.com/cloudx/p/sport/csgo/team/cpk2dikconklgsjvice0.png,https://oss.5eplay.com/cloudx/p/sport/csgo/country/0e6f1ed44d7fb1961dc8d79e4cd894ae.jpg,20,23,1440,71,71,+4,+4,1776779228
hltv_team_12394,BB,https://oss.5eplay.com/cloudx/p/sport/csgo/team/cq37mkkconkotam7vj7g.png,https://oss.5eplay.com/cloudx/p/sport/csgo/country/9d442d4b119b5bf52e18371d14a2f429.jpg,21,17,1496,71,71,-2,-2,1776779230
hltv_team_12376,M80,https://oss.5eplay.com/cloudx/p/sport/csgo/team/d3r1ojsconkqbk3bnu4g.png,https://oss.5eplay.com/cloudx/p/sport/csgo/country/2df42f69e4220309f4cb1f27860caa65.jpg,22,26,1410,71,71,+1,+1,1776779230
csgo_tm_11811,Monte,https://oss.5eplay.com/cloudx/p/sport/csgo/team/chae1nv4nfqe2nie4ul0.png,https://oss.5eplay.com/sport/csgo/country/cervbihll806civqfshg.png,23,19,1476,71,71,-2,-2,1776779230
csgo_tm_5973,Liquid,https://oss.5eplay.com/cloudx/p/sport/csgo/team/d3r1kusconkqbk3bnu2g.png,https://oss.5eplay.com/sport/csgo/country/cervu0hll806civqfsjg.png,24,41,1300,65,65,+1,+1,1776779230
csgo_tm_4773,paiN,https://oss.5eplay.com/cloudx/p/sport/csgo/team/merge_chae3jf4nfqe2nie4un0.png,https://oss.5eplay.com/cloudx/p/sport/csgo/country/6fd36cae59655c447bc104cebc5f1a13.jpg,25,15,1557,60,60,+2,+2,1776779230
csgo_tm_9928,GL,https://oss.5eplay.com/cloudx/p/sport/csgo/team/cldgn5kconkqks63cjg0.png,https://oss.5eplay.com/sport/csgo/country/cervbihll806civqfshg.png,26,22,1445,59,59,-4,-4,1776779230
csgo_tm_9215,MIBR,https://oss.5eplay.com/sport/csgo/team/merge_cgcl8j1ll806h1bg2nn0.png,https://oss.5eplay.com/cloudx/p/sport/csgo/country/6fd36cae59655c447bc104cebc5f1a13.jpg,27,24,1428,57,57,-1,-1,1776779230
csgo_tm_7532,BIG,https://oss.5eplay.com/sport/csgo/team/merge_cgdr7u9ll806h1bg2os0.png,https://oss.5eplay.com/cloudx/p/sport/csgo/country/aac8c619ceabc4e7f7de17177a210117.jpg,28,21,1468,55,55,-,-,1776779230
csgo_tm_11737,EYE,https://oss.5eplay.com/sport/csgo/team/merge_ceihebn4nfq4334151j0.png,https://oss.5eplay.com/cloudx/p/sport/csgo/country/0e6f1ed44d7fb1961dc8d79e4cd894ae.jpg,29,28,1405,54,54,+1,+1,1776779230
hltv_team_13679,FOKUS,https://oss.5eplay.com/cloudx/p/sport/csgo/team/d6h5jh4conkpudhr3mo0.png,https://oss.5eplay.com/sport/csgo/country/cervbihll806civqfshg.png,30,25,1420,52,52,+1,+1,1776779230
csgo_tm_6673,NRG,https://oss.5eplay.com/cloudx/p/sport/csgo/team/coe8h0kconklgsjvh5gg.png,https://oss.5eplay.com/cloudx/p/sport/csgo/country/2df42f69e4220309f4cb1f27860caa65.jpg,31,29,1382,49,49,+2,+2,1776779230
csgo_tm_4411,NIP,https://oss.5eplay.com/cloudx/p/sport/csgo/team/merge_clsl1asconkqks63cvg0.png,https://oss.5eplay.com/cloudx/p/sport/csgo/country/d898280c32e0de60c8ec3e1ddface359.jpg,32,31,1367,48,48,-3,-3,1776779230
hltv_team_12426,Passion UA,https://oss.5eplay.com/cloudx/p/sport/csgo/team/merge_d3r1mv4conkqbk3bnu40.png,https://oss.5eplay.com/cloudx/p/sport/csgo/country/craiu9cconkotam80ks0.png,33,49,1275,44,44,+2,+2,1776779230
csgo_tm_10577,SINNERS,https://oss.5eplay.com/sport/csgo/team/hz/cec3uq74nfq43340vq30.png,https://oss.5eplay.com/sport/csgo/country/cervbihll806civqfshg.png,34,27,1407,44,44,-2,-2,1776779230
hltv_team_12144,BESTIA,https://oss.5eplay.com/cloudx/p/sport/csgo/team/merge_cgm4vq74nfqe2nie3uc0.png,https://oss.5eplay.com/cloudx/p/sport/csgo/country/279e8764c2b6e94f21aae58c62f02cd8.jpg,35,39,1329,44,44,+1,+1,1776779230
csgo_tm_7176,RED Canids,https://oss.5eplay.com/sport/csgo/team/7176.png,https://oss.5eplay.com/cloudx/p/sport/csgo/country/6fd36cae59655c447bc104cebc5f1a13.jpg,36,54,1257,42,42,+31,+31,1776779230
csgo_tm_11581,HOTU,https://oss.5eplay.com/cloudx/p/sport/csgo/team/merge_d7df184conkpudhr3s70.png,https://oss.5eplay.com/cloudx/p/sport/csgo/country/9d442d4b119b5bf52e18371d14a2f429.jpg,37,40,1316,40,40,-,-,1776779230
hltv_team_13404,Gentle Mates,https://oss.5eplay.com/cloudx/p/sport/csgo/team/d2seh4kconkqbk3bnmvg.png,https://oss.5eplay.com/cloudx/p/sport/csgo/country/ea9cba02a23386d77cb8df25b26bab29.jpg,38,38,1330,38,38,-4,-4,1776779230
hltv_team_13117,Inner Circle,https://oss.5eplay.com/cloudx/p/sport/csgo/team/d7a9u1cconkpudhr3rrg.png,https://oss.5eplay.com/cloudx/p/sport/csgo/country/9ae4c60cfb35d482d07fe7a841fa8705.jpg,39,56,1247,37,37,-1,-1,1776779230
csgo_tm_10278,9INE,https://oss.5eplay.com/cloudx/p/sport/csgo/team/merge_chadupv4nfqe2nie4uj0.png,https://oss.5eplay.com/cloudx/p/sport/csgo/country/d9749eaa939d680b32005c95ea9189d2.jpg,40,46,1289,32,32,+4,+4,1776779230
csgo_tm_11712,Sashi,https://oss.5eplay.com/cloudx/p/sport/csgo/team/ciqvmf4conkqks63ac9g.png,https://oss.5eplay.com/cloudx/p/sport/csgo/country/d898280c32e0de60c8ec3e1ddface359.jpg,41,61,1234,32,32,+2,+2,1776779230
csgo_tm_11571,Gaimin Gladiators,https://oss.5eplay.com/cloudx/p/sport/csgo/team/merge_coe91msconklgsjvh5k0.png,https://oss.5eplay.com/cloudx/p/sport/csgo/country/6fd36cae59655c447bc104cebc5f1a13.jpg,42,34,1342,31,31,-1,-1,1776779230
hltv_team_13499,Voca,https://oss.5eplay.com/cloudx/p/sport/csgo/team/merge_d6h5odsconkpudhr3mqg.png,https://oss.5eplay.com/cloudx/p/sport/csgo/country/2df42f69e4220309f4cb1f27860caa65.jpg,43,48,1278,29,29,+2,+2,1776779230
hltv_team_12895,K27,https://oss.5eplay.com/cloudx/p/sport/csgo/team/cqjedmkconkotam7vsp0.png,https://oss.5eplay.com/cloudx/p/sport/csgo/country/9d442d4b119b5bf52e18371d14a2f429.jpg,44,32,1361,29,29,+3,+3,1776779230
hltv_team_12959,ShindeN,https://oss.5eplay.com/sport/csgo/team/12959.png,https://oss.5eplay.com/cloudx/p/sport/csgo/country/279e8764c2b6e94f21aae58c62f02cd8.jpg,45,53,1264,28,28,+7,+7,1776779230
csgo_tm_8474,100 Thieves,https://oss.5eplay.com/cloudx/p/sport/csgo/team/merge_d6kfct4conkpudhr3n40.png,https://oss.5eplay.com/sport/csgo/country/cervbihll806civqfshg.png,46,44,1291,28,28,-7,-7,1776779230
csgo_tm_8840,LVG,https://oss.5eplay.com/sport/csgo/team/hz/cec3ssv4nfq43340vfu0.png,https://oss.5eplay.com/cloudx/p/sport/csgo/country/42dc0827650dabd3274bdcaac0976a0a.jpg,47,50,1274,27,27,+2,+2,1776779230
csgo_tm_10503,OG,https://oss.5eplay.com/cloudx/p/sport/csgo/team/d5j35s4conkpudhr3gkg.png,https://oss.5eplay.com/sport/csgo/country/cervbihll806civqfshg.png,48,69,1194,27,27,+3,+3,1776779230
csgo_tm_4991,FNC,https://oss.5eplay.com/sport/csgo/team/hz/cec3pkn4nfq43340upig.png,https://oss.5eplay.com/cloudx/p/sport/csgo/country/9ae4c60cfb35d482d07fe7a841fa8705.jpg,49,85,1118,27,27,-7,-7,1776779230
csgo_tm_8113,Sharks,https://oss.5eplay.com/cloudx/p/sport/csgo/team/cldh28sconkqks63cjl0.png,https://oss.5eplay.com/cloudx/p/sport/csgo/country/6fd36cae59655c447bc104cebc5f1a13.jpg,50,33,1354,26,26,-2,-2,1776779230
csgo_tm_9455,Imperial,https://oss.5eplay.com/cloudx/p/sport/csgo/team/d2o271cconkqbk3bnl50.png,https://oss.5eplay.com/cloudx/p/sport/csgo/country/6fd36cae59655c447bc104cebc5f1a13.jpg,51,66,1206,26,26,+4,+4,1776779230
hltv_team_13355,Nemesis,https://oss.5eplay.com/cloudx/p/sport/csgo/team/d3s4444conkqbk3bnu70.png,https://oss.5eplay.com/cloudx/p/sport/csgo/country/9d442d4b119b5bf52e18371d14a2f429.jpg,52,30,1376,26,26,-6,-6,1776779230
csgo_tm_4602,Tricked,https://oss.5eplay.com/cloudx/p/sport/csgo/team/cuvau1kconkqmjpn8e90.png,https://oss.5eplay.com/cloudx/p/sport/csgo/country/d898280c32e0de60c8ec3e1ddface359.jpg,53,60,1236,25,25,-,-,1776779230
hltv_team_12774,FlyQuest,https://oss.5eplay.com/cloudx/p/sport/csgo/team/co31epkconklgsjvh0cg.png,https://oss.5eplay.com/cloudx/p/sport/csgo/country/6db7c10a10c4b1bfffd88b3a88b0cc36.jpg,54,67,1200,25,25,+2,+2,1776779230
csgo_tm_7969,Nemiga,https://oss.5eplay.com/cloudx/p/sport/csgo/team/ch9otcv4nfqe2nie4tc0.png,https://oss.5eplay.com/sport/csgo/country/cervbihll806civqfshg.png,55,35,1340,25,25,+6,+6,1776779230
hltv_team_12878,BC.Game,https://oss.5eplay.com/cloudx/p/sport/csgo/team/d4dsvssconkgnll274og.png,https://oss.5eplay.com/sport/csgo/country/cervbihll806civqfshg.png,56,76,1161,24,24,-16,-16,1776779230
hltv_team_13592,magic,https://oss.5eplay.com/cloudx/p/sport/csgo/team/d6020ukconkpudhr3kig.png,https://oss.5eplay.com/sport/csgo/country/cervbihll806civqfshg.png,57,47,1283,23,23,+6,+6,1776779230
hltv_team_12916,Betclic,https://oss.5eplay.com/cloudx/p/sport/csgo/team/d0enhisconkt3lege8v0.png,https://oss.5eplay.com/cloudx/p/sport/csgo/country/d9749eaa939d680b32005c95ea9189d2.jpg,58,58,1240,23,23,-8,-8,1776779230
hltv_team_12257,Wildcard,https://oss.5eplay.com/cloudx/p/sport/csgo/team/cpsgc7cconklgsjvior0.png,https://oss.5eplay.com/sport/csgo/country/cervu0hll806civqfsjg.png,59,59,1238,23,23,+1,+1,1776779230
hltv_team_13799,PsychoFace,https://oss.5eplay.com/sport/csgo/team/null.png,https://oss.5eplay.com/cloudx/p/sport/csgo/country/9d442d4b119b5bf52e18371d14a2f429.jpg,60,81,0,22,22,-3,-3,1776779230
hltv_team_12510,The Huns,https://oss.5eplay.com/cloudx/p/sport/csgo/team/merge_cl30rpsconkqks63c75g.png,https://oss.5eplay.com/cloudx/p/sport/csgo/country/d99a27a81fcad3217b239efd6663be66.jpg,61,83,1136,22,22,+3,+3,1776779230
csgo_tm_11837,Fluxo,https://oss.5eplay.com/cloudx/p/sport/csgo/team/merge_cldh3i4conkqks63cjn0.png,https://oss.5eplay.com/cloudx/p/sport/csgo/country/6fd36cae59655c447bc104cebc5f1a13.jpg,62,55,1251,22,22,-,-,1776779230
hltv_team_12967,WW,https://oss.5eplay.com/cloudx/p/sport/csgo/team/crplp9cconkotam81170.png,https://oss.5eplay.com/cloudx/p/sport/csgo/country/9d442d4b119b5bf52e18371d14a2f429.jpg,63,71,1185,22,22,-4,-4,1776779230
hltv_team_13237,AM,https://oss.5eplay.com/cloudx/p/sport/csgo/team/d2copgkconkt3legf010.png,https://oss.5eplay.com/sport/csgo/country/cervbihll806civqfshg.png,64,65,1206,21,21,+2,+2,1776779230
hltv_team_12604,Johnny Speeds,https://oss.5eplay.com/cloudx/p/sport/csgo/team/cs3ihv4conkotam815t0.png,https://oss.5eplay.com/cloudx/p/sport/csgo/country/0e6f1ed44d7fb1961dc8d79e4cd894ae.jpg,65,70,1187,20,20,+6,+6,1776779230
csgo_tm_11251,EF,https://oss.5eplay.com/cloudx/p/sport/csgo/team/cla5secconkqks63cgbg.png,https://oss.5eplay.com/sport/csgo/country/cervbihll806civqfshg.png,66,68,1199,20,20,+4,+4,1776779230
csgo_tm_10621,1win,https://oss.5eplay.com/sport/csgo/team/merge_cediu774nfq433414t90.png,https://oss.5eplay.com/cloudx/p/sport/csgo/country/9d442d4b119b5bf52e18371d14a2f429.jpg,67,45,1290,19,19,+2,+2,1776779230
hltv_team_12901,SemperFi,https://oss.5eplay.com/cloudx/p/sport/csgo/team/d6rmudsconkpudhr3ong.png,https://oss.5eplay.com/cloudx/p/sport/csgo/country/crc03f4conkotam80mn0.jpg,68,82,1142,19,19,+6,+6,1776779230
csgo_tm_9621,Aab,https://oss.5eplay.com/sport/csgo/team/hz/cec3tof4nfq43340vki0.png,https://oss.5eplay.com/cloudx/p/sport/csgo/country/d898280c32e0de60c8ec3e1ddface359.jpg,69,74,1168,19,19,+9,+9,1776779230
csgo_tm_10245,JJH,https://oss.5eplay.com/cloudx/p/sport/csgo/team/d00eh74conkt3lege5ag.png,https://oss.5eplay.com/cloudx/p/sport/csgo/country/Asia.png,70,79,1148,18,18,+12,+12,1776779230
hltv_team_13619,BET-M,https://oss.5eplay.com/cloudx/p/sport/csgo/team/d5k55c4conkpudhr3gvg.png,https://oss.5eplay.com/cloudx/p/sport/csgo/country/9d442d4b119b5bf52e18371d14a2f429.jpg,71,51,1269,18,18,+6,+6,1776779230
hltv_team_13518,Acend,https://oss.5eplay.com/cloudx/p/sport/csgo/team/d5k54usconkpudhr3gv0.png,https://oss.5eplay.com/cloudx/p/sport/csgo/country/a18353de2aac0016b032e60c6724b9e1.jpg,72,73,1169,17,17,-4,-4,1776779230
hltv_team_13808,Walczaki,https://oss.5eplay.com/sport/csgo/team/null.png,https://oss.5eplay.com/cloudx/p/sport/csgo/country/d9749eaa939d680b32005c95ea9189d2.jpg,73,77,0,17,17,+15,+15,1776779230
hltv_team_13644,TDK,https://oss.5eplay.com/cloudx/p/sport/csgo/team/d6h5ijkconkpudhr3mng.png,https://oss.5eplay.com/cloudx/p/sport/csgo/country/9d442d4b119b5bf52e18371d14a2f429.jpg,74,43,1292,17,17,+2,+2,1776779230
hltv_team_12776,Bounty Hunters,https://oss.5eplay.com/cloudx/p/sport/csgo/team/merge_co9lkskconklgsjvh460.png,https://oss.5eplay.com/cloudx/p/sport/csgo/country/6fd36cae59655c447bc104cebc5f1a13.jpg,75,94,1084,17,17,+5,+5,1776779230
csgo_tm_11514,RA,https://oss.5eplay.com/cloudx/p/sport/csgo/team/cgm4f374nfqe2nie3tig.png,https://oss.5eplay.com/cloudx/p/sport/csgo/country/42dc0827650dabd3274bdcaac0976a0a.jpg,76,99,1070,17,17,+5,+5,1776779230
hltv_team_12646,CW,https://oss.5eplay.com/cloudx/p/sport/csgo/team/coqf55sconklgsjvhde0.png,https://oss.5eplay.com/cloudx/p/sport/csgo/country/d99a27a81fcad3217b239efd6663be66.jpg,77,97,1074,17,17,+6,+6,1776779230
hltv_team_13304,LP,https://oss.5eplay.com/sport/csgo/team/null.png,https://oss.5eplay.com/cloudx/p/sport/csgo/country/6fd36cae59655c447bc104cebc5f1a13.jpg,78,105,1045,16,16,-5,-5,1776779230
csgo_tm_10459,ARCRED,https://oss.5eplay.com/cloudx/p/sport/csgo/team/cmvq29sconkqks63dsl0.png,https://oss.5eplay.com/sport/csgo/country/cervbihll806civqfshg.png,79,63,1208,16,16,+5,+5,1776779230
hltv_team_12677,Galorys,https://oss.5eplay.com/cloudx/p/sport/csgo/team/cn6n7usconkqks63dv8g.png,https://oss.5eplay.com/cloudx/p/sport/csgo/country/6fd36cae59655c447bc104cebc5f1a13.jpg,80,95,1083,15,15,-8,-8,1776779230
hltv_team_12380,CYBERSHOKE,https://oss.5eplay.com/sport/csgo/team/12380.png,https://oss.5eplay.com/cloudx/p/sport/csgo/country/9d442d4b119b5bf52e18371d14a2f429.jpg,81,75,1162,15,15,+6,+6,1776779230
hltv_team_13214,SPARTA,https://oss.5eplay.com/cloudx/p/sport/csgo/team/d0qh4n4conkt3leged0g.png,https://oss.5eplay.com/cloudx/p/sport/csgo/country/9d442d4b119b5bf52e18371d14a2f429.jpg,82,80,1143,15,15,-3,-3,1776779230
csgo_tm_10823,Infinite,https://oss.5eplay.com/sport/csgo/team/hz/cec3v374nfq43340vrlg.png,https://oss.5eplay.com/sport/csgo/country/cervbihll806civqfshg.png,83,104,1046,15,15,+17,+17,1776779230
hltv_team_13486,THUNDER dOWNUNDER,https://oss.5eplay.com/cloudx/p/sport/csgo/team/d4j9drkconkgnll2763g.png,https://oss.5eplay.com/cloudx/p/sport/csgo/country/6db7c10a10c4b1bfffd88b3a88b0cc36.jpg,84,57,1245,15,15,+1,+1,1776779230
hltv_team_12769,Fisher College,https://oss.5eplay.com/cloudx/p/sport/csgo/team/ct9qa2cconkqmjpn7ac0.png,https://oss.5eplay.com/sport/csgo/country/cervbihll806civqfshg.png,85,124,955,15,15,+1,+1,1776779230
hltv_team_13310,MANA,https://oss.5eplay.com/cloudx/p/sport/csgo/team/d1j4hocconkt3legeq3g.png,https://oss.5eplay.com/cloudx/p/sport/csgo/country/b3cf8510dc84624e4179928c720ebbb1.jpg,86,110,1011,14,14,+3,+3,1776779230
csgo_tm_5378,VP,https://oss.5eplay.com/cloudx/p/sport/csgo/team/ct1uoncconkotam81hkg.png,https://oss.5eplay.com/cloudx/p/sport/csgo/country/9d442d4b119b5bf52e18371d14a2f429.jpg,87,233,691,14,14,+3,+3,1776779230
hltv_team_13231,Ursa,https://oss.5eplay.com/cloudx/p/sport/csgo/team/d5k57e4conkpudhr3h00.png,https://oss.5eplay.com/cloudx/p/sport/csgo/country/9d442d4b119b5bf52e18371d14a2f429.jpg,88,89,1112,14,14,+6,+6,1776779230
hltv_team_13617,ex-RUBY,https://oss.5eplay.com/sport/csgo/team/null.png,https://oss.5eplay.com/cloudx/p/sport/csgo/country/9d442d4b119b5bf52e18371d14a2f429.jpg,89,78,1153,13,13,+6,+6,1776779230
csgo_tm_10333,Sangal,https://oss.5eplay.com/sport/csgo/team/hz/cec3ui74nfq43340vosg.png,https://oss.5eplay.com/sport/csgo/country/cervbihll806civqfshg.png,90,86,1114,12,12,+3,+3,1776779230
hltv_team_13333,ASTRAL,https://oss.5eplay.com/cloudx/p/sport/csgo/team/d52ajgkconkpudhr3e80.png,https://oss.5eplay.com/sport/csgo/country/cervbihll806civqfshg.png,91,108,1017,12,12,+5,+5,1776779230
hltv_team_13027,Nuclear TigeRES,https://oss.5eplay.com/cloudx/p/sport/csgo/team/cup4jdkconkqmjpn8avg.png,https://oss.5eplay.com/cloudx/p/sport/csgo/country/9d442d4b119b5bf52e18371d14a2f429.jpg,92,62,1227,12,12,+27,+27,1776779230
hltv_team_13081,Fake do Biru,https://oss.5eplay.com/sport/csgo/team/null.png,https://oss.5eplay.com/cloudx/p/sport/csgo/country/6fd36cae59655c447bc104cebc5f1a13.jpg,93,98,1072,12,12,+10,+10,1776779230
csgo_tm_11641,Metizport,https://oss.5eplay.com/cloudx/p/sport/csgo/team/merge_crl43ekconkotam80sdg.png,https://oss.5eplay.com/sport/csgo/country/cervbihll806civqfshg.png,94,84,1124,12,12,+4,+4,1776779230
hltv_team_12642,Rebels,https://oss.5eplay.com/cloudx/p/sport/csgo/team/cmmt574conkqks63div0.png,https://oss.5eplay.com/cloudx/p/sport/csgo/country/fdaaf0e2f386a1fce307c8bb7d0dd680.jpg,95,96,1076,12,12,-3,-3,1776779230
hltv_team_13613,Bebop,https://oss.5eplay.com/sport/csgo/team/null.png,https://oss.5eplay.com/cloudx/p/sport/csgo/country/9d442d4b119b5bf52e18371d14a2f429.jpg,96,106,1029,12,12,+1,+1,1776779230
hltv_team_13181,BASEMENT BOYS,https://oss.5eplay.com/cloudx/p/sport/csgo/team/cv5upikconkt3legds1g.png,https://oss.5eplay.com/cloudx/p/sport/csgo/country/9ae4c60cfb35d482d07fe7a841fa8705.jpg,97,163,823,12,12,+11,+11,1776779230
hltv_team_13233,HEROIC Academy,https://oss.5eplay.com/cloudx/p/sport/csgo/team/d06s9e4conkt3lege6qg.png,https://oss.5eplay.com/sport/csgo/country/cervbihll806civqfshg.png,98,127,947,12,12,+1,+1,1776779230
hltv_team_13012,HyperSpirit,https://oss.5eplay.com/cloudx/p/sport/csgo/team/d2am4mcconkt3legev90.png,https://oss.5eplay.com/cloudx/p/sport/csgo/country/a225061040ee1ccf5e4184e28cfd4462.jpg,99,115,977,12,12,+5,+5,1776779230
hltv_team_12609,Lavked,https://oss.5eplay.com/sport/csgo/team/null.png,https://oss.5eplay.com/cloudx/p/sport/csgo/country/9d442d4b119b5bf52e18371d14a2f429.jpg,100,102,1055,12,12,+13,+13,1776779230
hltv_team_13573,ex-Zero Tenacity,https://oss.5eplay.com/sport/csgo/team/null.png,https://oss.5eplay.com/cloudx/p/sport/csgo/country/b3cf8510dc84624e4179928c720ebbb1.jpg,101,152,864,11,11,-,-,1776779230
csgo_tm_6810,aimclub,https://oss.5eplay.com/sport/csgo/team/hz/cec3ql74nfq43340v29g.png,https://oss.5eplay.com/cloudx/p/sport/csgo/country/a225061040ee1ccf5e4184e28cfd4462.jpg,102,153,863,11,11,+4,+4,1776779230
hltv_team_13575,WAZABI,https://oss.5eplay.com/cloudx/p/sport/csgo/team/d748o4sconkpudhr3qb0.webp,https://oss.5eplay.com/cloudx/p/sport/csgo/country/d898280c32e0de60c8ec3e1ddface359.jpg,103,131,934,11,11,+4,+4,1776779230
csgo_tm_11955,LAG,https://oss.5eplay.com/cloudx/p/sport/csgo/team/merge_clp62lsconkqks63csb0.png,https://oss.5eplay.com/cloudx/p/sport/csgo/country/2df42f69e4220309f4cb1f27860caa65.jpg,104,145,879,11,11,+1,+1,1776779230
hltv_team_13173,Phantom,https://oss.5eplay.com/cloudx/p/sport/csgo/team/merge_d2sede4conkqbk3bnms0.png,https://oss.5eplay.com/cloudx/p/sport/csgo/country/d9749eaa939d680b32005c95ea9189d2.jpg,105,101,1063,11,11,-30,-30,1776779230
hltv_team_13321,Falcons Force,https://oss.5eplay.com/cloudx/p/sport/csgo/team/d62k2csconkpudhr3l1g.png,https://oss.5eplay.com/sport/csgo/country/cervbihll806civqfshg.png,106,143,885,11,11,+4,+4,1776779230
hltv_team_13403,TNC,https://oss.5eplay.com/sport/csgo/team/null.png,https://oss.5eplay.com/cloudx/p/sport/csgo/country/d9749eaa939d680b32005c95ea9189d2.jpg,107,122,964,11,11,-5,-5,1776779230
csgo_tm_7865,HAVU,https://oss.5eplay.com/sport/csgo/team/hz/cec3rmn4nfq43340v9d0.png,https://oss.5eplay.com/cloudx/p/sport/csgo/country/0d4853f7c7801dedf34ed7613d592351.jpg,108,123,963,11,11,+6,+6,1776779230
hltv_team_12818,FT,https://oss.5eplay.com/cloudx/p/sport/csgo/team/cqaeqi4conkotam7vp50.png,https://oss.5eplay.com/cloudx/p/sport/csgo/country/9ae4c60cfb35d482d07fe7a841fa8705.jpg,109,92,1090,11,11,+8,+8,1776779230
hltv_team_13667,NEXVOID,https://oss.5eplay.com/cloudx/p/sport/csgo/team/d7jdn8sconkpudhr4co0.png,https://oss.5eplay.com/cloudx/p/sport/csgo/country/d99a27a81fcad3217b239efd6663be66.jpg,110,87,1114,10,10,+6,+6,1776779230
hltv_team_12536,DEPO,https://oss.5eplay.com/cloudx/p/sport/csgo/team/ct5rrv4conkotam81k5g.png,https://oss.5eplay.com/cloudx/p/sport/csgo/country/21c537d4d4f0b5dea81bb86628b21414.jpg,111,146,873,10,10,+24,+24,1776779230
csgo_tm_11555,UNO,https://oss.5eplay.com/sport/csgo/team/null.png,https://oss.5eplay.com/cloudx/p/sport/csgo/country/6fd36cae59655c447bc104cebc5f1a13.jpg,112,133,931,10,10,+16,+16,1776779230
csgo_tm_7653,Isurus,https://oss.5eplay.com/sport/csgo/team/hz/cec3re74nfq43340v7u0.png,https://oss.5eplay.com/cloudx/p/sport/csgo/country/279e8764c2b6e94f21aae58c62f02cd8.jpg,113,140,886,10,10,+5,+5,1776779230
csgo_tm_9958,AE,https://oss.5eplay.com/sport/csgo/team/hz/cec3u5n4nfq43340vmsg.png,https://oss.5eplay.com/cloudx/p/sport/csgo/country/Asia.png,114,167,817,10,10,+7,+7,1776779230
csgo_tm_6033,Keyd,https://oss.5eplay.com/cloudx/p/sport/csgo/team/d1eal1kconkt3legeov0.png,https://oss.5eplay.com/cloudx/p/sport/csgo/country/6fd36cae59655c447bc104cebc5f1a13.jpg,115,137,910,10,10,+10,+10,1776779230
csgo_tm_11446,Leo,https://oss.5eplay.com/cloudx/p/sport/csgo/team/cu94sf4conkqmjpn80og.png,https://oss.5eplay.com/cloudx/p/sport/csgo/country/9ae4c60cfb35d482d07fe7a841fa8705.jpg,116,117,973,10,10,-1,-1,1776779230
hltv_team_13314,KOLESIE,https://oss.5eplay.com/cloudx/p/sport/csgo/team/d1sq42kconkt3legesdg.png,https://oss.5eplay.com/cloudx/p/sport/csgo/country/d9749eaa939d680b32005c95ea9189d2.jpg,117,91,1103,10,10,+15,+15,1776779230
csgo_tm_11176,MOUZ.N,https://oss.5eplay.com/sport/csgo/team/hz/cec3vg74nfq43340vu2g.png,https://oss.5eplay.com/sport/csgo/country/cervbihll806civqfshg.png,118,90,1103,9,9,-27,-27,1776779230
csgo_tm_10960,Y.NIP,https://oss.5eplay.com/sport/csgo/team/merge_cee834f4nfq433414tt0.png,https://oss.5eplay.com/sport/csgo/country/cervbihll806civqfshg.png,119,139,896,9,9,-8,-8,1776779230
hltv_team_13602,MOS,https://oss.5eplay.com/cloudx/p/sport/csgo/team/d57lcvcconkpudhr3fqg.png,https://oss.5eplay.com/cloudx/p/sport/csgo/country/42dc0827650dabd3274bdcaac0976a0a.jpg,120,113,989,9,9,-11,-11,1776779230
hltv_team_13666,BMZ,https://oss.5eplay.com/cloudx/p/sport/csgo/team/d6t0ackconkpudhr3or0.png,https://oss.5eplay.com/cloudx/p/sport/csgo/country/d99a27a81fcad3217b239efd6663be66.jpg,121,107,1023,9,9,+5,+5,1776779230
hltv_team_12988,GameHunters,https://oss.5eplay.com/cloudx/p/sport/csgo/team/csepltcconkotam81b90.png,https://oss.5eplay.com/cloudx/p/sport/csgo/country/6fd36cae59655c447bc104cebc5f1a13.jpg,122,160,835,9,9,+1,+1,1776779230
csgo_tm_6089,TLR,https://oss.5eplay.com/sport/csgo/team/hz/cec3q674nfq43340utgg.png,https://oss.5eplay.com/cloudx/p/sport/csgo/country/9bdd94596203dd13bb9965f5225bc2b0.jpg,123,120,967,9,9,-1,-1,1776779230
hltv_team_12834,RUSTEC,https://oss.5eplay.com/cloudx/p/sport/csgo/team/crl5ntsconkotam80sl0.png,https://oss.5eplay.com/cloudx/p/sport/csgo/country/9d442d4b119b5bf52e18371d14a2f429.jpg,124,144,883,9,9,+7,+7,1776779230
csgo_tm_4869,ENCE,https://oss.5eplay.com/cloudx/p/sport/csgo/team/chae6uf4nfqe2nie4up0.png,https://oss.5eplay.com/cloudx/p/sport/csgo/country/0d4853f7c7801dedf34ed7613d592351.jpg,125,100,1068,8,8,+5,+5,1776779230
hltv_team_13724,5star,https://oss.5eplay.com/cloudx/p/sport/csgo/team/d6t09jsconkpudhr3oqg.png,https://oss.5eplay.com/cloudx/p/sport/csgo/country/d99a27a81fcad3217b239efd6663be66.jpg,126,103,1049,8,8,+10,+10,1776779230
hltv_team_12087,Lazer Cats,https://oss.5eplay.com/sport/csgo/team/cetrkr1ll806civqftdg.png,https://oss.5eplay.com/cloudx/p/sport/csgo/country/9ae4c60cfb35d482d07fe7a841fa8705.jpg,127,112,989,8,8,-,-,1776779230
hltv_team_13690,zajezdzacze,https://oss.5eplay.com/sport/csgo/team/null.png,https://oss.5eplay.com/cloudx/p/sport/csgo/country/d9749eaa939d680b32005c95ea9189d2.jpg,128,132,931,8,8,+35,+35,1776779230
csgo_tm_8536,Gz,https://oss.5eplay.com/sport/csgo/team/hz/cec3sh74nfq43340vdsg.png,https://oss.5eplay.com/cloudx/p/sport/csgo/country/6db7c10a10c4b1bfffd88b3a88b0cc36.jpg,129,125,952,8,8,-,-,1776779230
csgo_tm_9881,Rooster,https://oss.5eplay.com/sport/csgo/team/hz/cec3u2f4nfq43340vma0.png,https://oss.5eplay.com/cloudx/p/sport/csgo/country/6db7c10a10c4b1bfffd88b3a88b0cc36.jpg,130,162,826,8,8,+14,+14,1776779230
hltv_team_12554,regain,https://oss.5eplay.com/cloudx/p/sport/csgo/team/merge_cpker54conklgsjvid00.png,https://oss.5eplay.com/cloudx/p/sport/csgo/country/2df42f69e4220309f4cb1f27860caa65.jpg,131,177,796,7,7,+24,+24,1776779230
csgo_tm_11933,Yawara,https://oss.5eplay.com/cloudx/p/sport/csgo/team/cmeaq4kconkqks63da7g.png,https://oss.5eplay.com/cloudx/p/sport/csgo/country/6fd36cae59655c447bc104cebc5f1a13.jpg,132,156,847,7,7,-8,-8,1776779230
hltv_team_13201,F5,https://oss.5eplay.com/sport/csgo/team/null.png,https://oss.5eplay.com/cloudx/p/sport/csgo/country/2df42f69e4220309f4cb1f27860caa65.jpg,133,171,807,7,7,+7,+7,1776779230
csgo_tm_3044,Mibr.A,https://oss.5eplay.com/cloudx/p/sport/csgo/team/merge_ch9qhjv4nfqe2nie4to0.png,https://oss.5eplay.com/cloudx/p/sport/csgo/country/6fd36cae59655c447bc104cebc5f1a13.jpg,134,161,829,7,7,+15,+15,1776779230
csgo_tm_11312,QUAZAR,https://oss.5eplay.com/sport/csgo/team/hz/cec3vln4nfq43340vv1g.png,https://oss.5eplay.com/cloudx/p/sport/csgo/country/9d442d4b119b5bf52e18371d14a2f429.jpg,135,214,728,7,7,+4,+4,1776779230
hltv_team_12899,FengDa,https://oss.5eplay.com/cloudx/p/sport/csgo/team/cu4f18cconkqmjpn7t0g.png,https://oss.5eplay.com/cloudx/p/sport/csgo/country/42dc0827650dabd3274bdcaac0976a0a.jpg,136,128,945,7,7,+5,+5,1776779230
hltv_team_13714,Donstu,https://oss.5eplay.com/sport/csgo/team/null.png,https://oss.5eplay.com/cloudx/p/sport/csgo/country/9d442d4b119b5bf52e18371d14a2f429.jpg,137,185,785,7,7,+16,+16,1776779230
csgo_tm_5639,aAa,https://oss.5eplay.com/sport/csgo/team/hz/cec3pun4nfq43340urs0.png,https://oss.5eplay.com/cloudx/p/sport/csgo/country/c9d14053c27e52655034cd493f2a71e5.jpg,138,121,965,7,7,+18,+18,1776779230
hltv_team_13175,CTG,https://oss.5eplay.com/cloudx/p/sport/csgo/team/merge_d54ffp4conkpudhr3fcg.png,https://oss.5eplay.com/cloudx/p/sport/csgo/country/42dc0827650dabd3274bdcaac0976a0a.jpg,139,151,865,7,7,-19,-19,1776779230
hltv_team_13594,CYBERSHOKE Prospects,https://oss.5eplay.com/cloudx/p/sport/csgo/team/merge_d7a6pokconkpudhr3rng.png,https://oss.5eplay.com/cloudx/p/sport/csgo/country/9d442d4b119b5bf52e18371d14a2f429.jpg,140,182,787,7,7,+5,+5,1776779230
hltv_team_12267,UNiTY,https://oss.5eplay.com/cloudx/p/sport/csgo/team/cjrh38cconkqks63b5a0.png,https://oss.5eplay.com/cloudx/p/sport/csgo/country/794e537f14e3e85d5b3d3c4dc5d34c7b.jpg,141,136,919,7,7,+10,+10,1776779230
hltv_team_13623,STATE,https://oss.5eplay.com/cloudx/p/sport/csgo/team/d768n5sconkpudhr3qg0.png,https://oss.5eplay.com/cloudx/p/sport/csgo/country/d898280c32e0de60c8ec3e1ddface359.jpg,142,116,976,7,7,+8,+8,1776779230
hltv_team_13116,UR,https://oss.5eplay.com/cloudx/p/sport/csgo/team/d717ck4conkpudhr3pr0.png,https://oss.5eplay.com/cloudx/p/sport/csgo/country/42dc0827650dabd3274bdcaac0976a0a.jpg,143,363,428,7,7,+9,+9,1776779230
hltv_team_13014,Wave,https://oss.5eplay.com/cloudx/p/sport/csgo/team/csep7tkconkotam81b80.png,https://oss.5eplay.com/sport/csgo/country/cervbihll806civqfshg.png,144,260,633,7,7,+10,+10,1776779230
hltv_team_13576,TNT,https://oss.5eplay.com/sport/csgo/team/null.png,https://oss.5eplay.com/cloudx/p/sport/csgo/country/9d442d4b119b5bf52e18371d14a2f429.jpg,145,157,841,6,6,+17,+17,1776779230
hltv_team_13553,Oxuji,https://oss.5eplay.com/cloudx/p/sport/csgo/team/d658vgcconkpudhr3l30.webp,https://oss.5eplay.com/cloudx/p/sport/csgo/country/9d442d4b119b5bf52e18371d14a2f429.jpg,146,109,1012,6,6,-12,-12,1776779230
csgo_tm_10254,BIG.A,https://oss.5eplay.com/sport/csgo/team/merge_cgch9m9ll806h1bg2lp0.png,https://oss.5eplay.com/sport/csgo/country/cervbihll806civqfshg.png,147,181,787,6,6,+10,+10,1776779230
hltv_team_13729,EMPIRE,https://oss.5eplay.com/cloudx/p/sport/csgo/team/d7cplj4conkpudhr3s4g.png,https://oss.5eplay.com/cloudx/p/sport/csgo/country/2df42f69e4220309f4cb1f27860caa65.jpg,148,202,747,6,6,-1,-1,1776779230
hltv_team_13242,XDM,https://oss.5eplay.com/cloudx/p/sport/csgo/team/merge_d006cu4conkt3lege58g.png,https://oss.5eplay.com/cloudx/p/sport/csgo/country/42dc0827650dabd3274bdcaac0976a0a.jpg,149,322,527,6,6,+11,+11,1776779230
hltv_team_13163,Algo,https://oss.5eplay.com/cloudx/p/sport/csgo/team/d1bna5cconkt3legelrg.png,https://oss.5eplay.com/sport/csgo/country/cervbihll806civqfshg.png,150,119,970,6,6,+9,+9,1776779230
hltv_team_13479,Omega,https://oss.5eplay.com/cloudx/p/sport/csgo/team/d5a7la4conkpudhr3frg.png,https://oss.5eplay.com/cloudx/p/sport/csgo/country/d1ce599c5ea3ba5a063a1783fae8b8e1.jpg,151,130,939,6,6,-14,-14,1776779230
hltv_team_13340,CSDIILIT,https://oss.5eplay.com/cloudx/p/sport/csgo/team/d3o5v7cconkqbk3bnts0.png,https://oss.5eplay.com/cloudx/p/sport/csgo/country/0d4853f7c7801dedf34ed7613d592351.jpg,152,180,791,6,6,-10,-10,1776779230
hltv_team_13568,eLITenergy,https://oss.5eplay.com/sport/csgo/team/null.png,https://oss.5eplay.com/cloudx/p/sport/csgo/country/9d442d4b119b5bf52e18371d14a2f429.jpg,153,118,973,6,6,+12,+12,1776779230
csgo_tm_7720,InControl,https://oss.5eplay.com/cloudx/p/sport/csgo/team/cvmb6p4conkt3lege0vg.png,https://oss.5eplay.com/cloudx/p/sport/csgo/country/2df42f69e4220309f4cb1f27860caa65.jpg,154,174,801,6,6,-6,-6,1776779230
hltv_team_13364,Famalicão,https://oss.5eplay.com/cloudx/p/sport/csgo/team/d2gjvpkconkt3legf0t0.png,https://oss.5eplay.com/cloudx/p/sport/csgo/country/fdaaf0e2f386a1fce307c8bb7d0dd680.jpg,155,154,860,6,6,+16,+16,1776779230
csgo_tm_10567,SAW,https://oss.5eplay.com/cloudx/p/sport/csgo/team/merge_cldgrokconkqks63cjk0.png,https://oss.5eplay.com/cloudx/p/sport/csgo/country/fdaaf0e2f386a1fce307c8bb7d0dd680.jpg,156,155,856,6,6,-23,-23,1776779230
hltv_team_13707,Younglings,https://oss.5eplay.com/sport/csgo/team/null.png,https://oss.5eplay.com/cloudx/p/sport/csgo/country/9d442d4b119b5bf52e18371d14a2f429.jpg,157,358,455,6,6,+15,+15,1776779230
hltv_team_13686,Abyssal,https://oss.5eplay.com/cloudx/p/sport/csgo/team/merge_d6fa6mcconkpudhr3lj0.png,https://oss.5eplay.com/cloudx/p/sport/csgo/country/6db7c10a10c4b1bfffd88b3a88b0cc36.jpg,158,176,797,6,6,+28,+28,1776779230
hltv_team_13610,Beyond Limits,https://oss.5eplay.com/sport/csgo/team/null.png,https://oss.5eplay.com/cloudx/p/sport/csgo/country/2df42f69e4220309f4cb1f27860caa65.jpg,159,362,435,6,6,+14,+14,1776779230
hltv_team_13747,BERG,https://oss.5eplay.com/sport/csgo/team/null.png,https://oss.5eplay.com/sport/csgo/country/cervbihll806civqfshg.png,160,0,0,6,6,+14,+14,1776779230
csgo_tm_11668,Mindfreak,https://oss.5eplay.com/sport/csgo/team/hz/cec403n4nfq4334101m0.png,https://oss.5eplay.com/cloudx/p/sport/csgo/country/6db7c10a10c4b1bfffd88b3a88b0cc36.jpg,161,179,792,5,5,+7,+7,1776779230
csgo_tm_10371,NAVI Jr.,https://oss.5eplay.com/sport/csgo/team/hz/cec3uj74nfq43340vp0g.png,https://oss.5eplay.com/sport/csgo/country/cervbihll806civqfshg.png,162,0,-,5,5,+13,+13,1776779230
hltv_team_12825,The QUBE,https://oss.5eplay.com/cloudx/p/sport/csgo/team/d1evt64conkt3legepe0.png,https://oss.5eplay.com/cloudx/p/sport/csgo/country/d99a27a81fcad3217b239efd6663be66.jpg,163,149,867,5,5,-20,-20,1776779230
hltv_team_13715,Hashiras,https://oss.5eplay.com/sport/csgo/team/null.png,https://oss.5eplay.com/sport/csgo/country/cervbihll806civqfshg.png,164,166,818,5,5,-6,-6,1776779230
csgo_tm_11609,Genone,https://oss.5eplay.com/sport/csgo/team/ceihjin4nfq4334151pg.png,https://oss.5eplay.com/cloudx/p/sport/csgo/country/c9d14053c27e52655034cd493f2a71e5.jpg,165,129,943,5,5,+4,+4,1776779230
csgo_tm_8947,XI,https://oss.5eplay.com/cloudx/p/sport/csgo/team/cjcprbkconkqks63aptg.png,https://oss.5eplay.com/cloudx/p/sport/csgo/country/d898280c32e0de60c8ec3e1ddface359.jpg,166,0,-,5,5,-,-,1776779230
hltv_team_12363,Arcade,https://oss.5eplay.com/cloudx/p/sport/csgo/team/cqc9e2cconkotam7vpt0.png,https://oss.5eplay.com/cloudx/p/sport/csgo/country/6db7c10a10c4b1bfffd88b3a88b0cc36.jpg,167,196,759,5,5,-3,-3,1776779230
csgo_tm_10997,Procyon,https://oss.5eplay.com/sport/csgo/team/10997.png,https://oss.5eplay.com/cloudx/p/sport/csgo/country/279e8764c2b6e94f21aae58c62f02cd8.jpg,168,200,749,5,5,-7,-7,1776779230
hltv_team_12352,Sashi Academy,https://oss.5eplay.com/cloudx/p/sport/csgo/team/cmuec04conkqks63drcg.png,https://oss.5eplay.com/cloudx/p/sport/csgo/country/d898280c32e0de60c8ec3e1ddface359.jpg,169,226,698,5,5,-3,-3,1776779230
hltv_team_13746,Matrix,https://oss.5eplay.com/sport/csgo/team/null.png,https://oss.5eplay.com/cloudx/p/sport/csgo/country/9ae4c60cfb35d482d07fe7a841fa8705.jpg,170,314,545,5,5,+10,+10,1776779230
hltv_team_13704,Drama,https://oss.5eplay.com/cloudx/p/sport/csgo/team/d6ua6isconkpudhr3pmg.png,https://oss.5eplay.com/cloudx/p/sport/csgo/country/b3cf8510dc84624e4179928c720ebbb1.jpg,171,332,513,5,5,+10,+10,1776779230
hltv_team_13698,GAMEHARMONY,https://oss.5eplay.com/sport/csgo/team/null.png,https://oss.5eplay.com/cloudx/p/sport/csgo/country/4c6d280b5f3a78f0b40b78dafd626417.jpg,172,275,605,5,5,+28,+28,1776779230
hltv_team_13665,FarmVille,https://oss.5eplay.com/sport/csgo/team/null.png,https://oss.5eplay.com/sport/csgo/country/cervu0hll806civqfsjg.png,173,207,741,5,5,-35,-35,1776779230
csgo_tm_6788,Crashers,https://oss.5eplay.com/cloudx/p/sport/csgo/team/d2a0omkconkt3legev0g.png,https://oss.5eplay.com/cloudx/p/sport/csgo/country/6fd36cae59655c447bc104cebc5f1a13.jpg,174,193,763,5,5,+4,+4,1776779230
hltv_team_12889,G2 Ares,https://oss.5eplay.com/cloudx/p/sport/csgo/team/crrljvkconkotam812vg.png,https://oss.5eplay.com/sport/csgo/country/cervbihll806civqfshg.png,175,147,872,5,5,+10,+10,1776779230
csgo_tm_10867,MASONIC,https://oss.5eplay.com/sport/csgo/team/hz/cec3v4n4nfq43340vrv0.png,https://oss.5eplay.com/cloudx/p/sport/csgo/country/d898280c32e0de60c8ec3e1ddface359.jpg,176,159,837,5,5,-30,-30,1776779230
hltv_team_13470,Oramond,https://oss.5eplay.com/cloudx/p/sport/csgo/team/d3reitcconkqbk3bnu5g.png,https://oss.5eplay.com/cloudx/p/sport/csgo/country/d9749eaa939d680b32005c95ea9189d2.jpg,177,111,1011,5,5,+5,+5,1776779230
hltv_team_12971,Wanted Goons,https://oss.5eplay.com/cloudx/p/sport/csgo/team/crlsob4conkotam80tp0.png,https://oss.5eplay.com/cloudx/p/sport/csgo/country/2df42f69e4220309f4cb1f27860caa65.jpg,178,257,637,5,5,+9,+9,1776779230
hltv_team_13450,yngods,https://oss.5eplay.com/sport/csgo/team/null.png,https://oss.5eplay.com/cloudx/p/sport/csgo/country/9d442d4b119b5bf52e18371d14a2f429.jpg,179,175,798,5,5,+9,+9,1776779230
hltv_team_13683,WROTBERRY,https://oss.5eplay.com/sport/csgo/team/null.png,https://oss.5eplay.com/cloudx/p/sport/csgo/country/9ae4c60cfb35d482d07fe7a841fa8705.jpg,180,0,0,5,5,+9,+9,1776779230
hltv_team_13792,ex-MINLATE,https://oss.5eplay.com/sport/csgo/team/null.png,https://oss.5eplay.com/cloudx/p/sport/csgo/country/d9749eaa939d680b32005c95ea9189d2.jpg,181,138,899,5,5,-11,-11,1776779230
csgo_tm_11129,Bankapepsi,https://oss.5eplay.com/sport/csgo/team/hz/cec3ve74nfq43340vtm0.png,https://oss.5eplay.com/cloudx/p/sport/csgo/country/9d442d4b119b5bf52e18371d14a2f429.jpg,182,245,663,5,5,+8,+8,1776779230
csgo_tm_11018,Megoshort,https://oss.5eplay.com/cloudx/p/sport/csgo/team/d6ua4kkconkpudhr3pl0.png,https://oss.5eplay.com/cloudx/p/sport/csgo/country/0e6f1ed44d7fb1961dc8d79e4cd894ae.jpg,183,142,886,5,5,-16,-16,1776779230
hltv_team_12567,Akimbo,https://oss.5eplay.com/cloudx/p/sport/csgo/team/cpg2sf4conklgsjvi8r0.png,https://oss.5eplay.com/cloudx/p/sport/csgo/country/d99a27a81fcad3217b239efd6663be66.jpg,184,195,759,5,5,-,-,1776779230
hltv_team_13053,Just Swing,https://oss.5eplay.com/cloudx/p/sport/csgo/team/d6qsrecconkpudhr3on0.png,https://oss.5eplay.com/cloudx/p/sport/csgo/country/42dc0827650dabd3274bdcaac0976a0a.jpg,185,218,708,5,5,+20,+20,1776779230
hltv_team_12846,M1X KS,https://oss.5eplay.com/sport/csgo/team/null.png,https://oss.5eplay.com/cloudx/p/sport/csgo/country/b3cf8510dc84624e4179928c720ebbb1.jpg,186,248,659,5,5,+6,+6,1776779230
hltv_team_13327,R2,https://oss.5eplay.com/cloudx/p/sport/csgo/team/d2gmv9kconkt3legf12g.png,https://oss.5eplay.com/cloudx/p/sport/csgo/country/279e8764c2b6e94f21aae58c62f02cd8.jpg,187,211,736,5,5,-8,-8,1776779230
hltv_team_12194,Rune Eaters,https://oss.5eplay.com/cloudx/p/sport/csgo/team/merge_cgvkpbf4nfqe2nie468g.png,https://oss.5eplay.com/cloudx/p/sport/csgo/country/d1ce599c5ea3ba5a063a1783fae8b8e1.jpg,188,168,816,5,5,+5,+5,1776779230
csgo_tm_9735,Lilmix,https://oss.5eplay.com/sport/csgo/team/hz/cec3trv4nfq43340vl40.png,https://oss.5eplay.com/cloudx/p/sport/csgo/country/0e6f1ed44d7fb1961dc8d79e4cd894ae.jpg,189,186,781,5,5,+15,+15,1776779230
hltv_team_13668,Atreides,https://oss.5eplay.com/sport/csgo/team/null.png,https://oss.5eplay.com/sport/csgo/country/cervbihll806civqfshg.png,190,210,736,5,5,+18,+18,1776779230
hltv_team_13161,eternal premium,https://oss.5eplay.com/cloudx/p/sport/csgo/team/merge_d7a6ql4conkpudhr3rr0.png,https://oss.5eplay.com/cloudx/p/sport/csgo/country/9d442d4b119b5bf52e18371d14a2f429.jpg,191,249,658,5,5,+3,+3,1776779230
hltv_team_13024,8Sins,https://oss.5eplay.com/cloudx/p/sport/csgo/team/csnkbasconkotam81do0.png,https://oss.5eplay.com/cloudx/p/sport/csgo/country/9bdd94596203dd13bb9965f5225bc2b0.jpg,191,0,787,5,5,+8,+8,1776779230
hltv_team_13753,basement bobs,https://oss.5eplay.com/cloudx/p/sport/csgo/team/d768njkconkpudhr3qgg.png,https://oss.5eplay.com/sport/csgo/country/cervbihll806civqfshg.png,192,283,593,5,5,+3,+3,1776779230
hltv_team_13107,Chicken Coop,https://oss.5eplay.com/cloudx/p/sport/csgo/team/merge_cu4q5h4conkqmjpn7t3g.png,https://oss.5eplay.com/cloudx/p/sport/csgo/country/2df42f69e4220309f4cb1f27860caa65.jpg,193,188,773,5,5,+3,+3,1776779230
csgo_tm_10287,Legion,https://oss.5eplay.com/cloudx/p/sport/csgo/team/d2sep6kconkqbk3bnn00.png,https://oss.5eplay.com/cloudx/p/sport/csgo/country/5883a65b263f4f9a6529e2ede061b8c5.jpg,194,225,698,5,5,-17,-17,1776779230
hltv_team_13029,RED Canids Academy,https://oss.5eplay.com/cloudx/p/sport/csgo/team/csnbq54conkotam81dn0.png,https://oss.5eplay.com/cloudx/p/sport/csgo/country/6fd36cae59655c447bc104cebc5f1a13.jpg,195,0,-,5,5,+2,+2,1776779230
hltv_team_13552,Endless Journey,https://oss.5eplay.com/sport/csgo/team/null.png,https://oss.5eplay.com/cloudx/p/sport/csgo/country/b3cf8510dc84624e4179928c720ebbb1.jpg,196,250,658,4,4,+2,+2,1776779230
hltv_team_13676,LAGUNA,https://oss.5eplay.com/sport/csgo/team/null.png,https://oss.5eplay.com/sport/csgo/country/cervbihll806civqfshg.png,197,361,449,4,4,+4,+4,1776779230
hltv_team_13681,Inner Circle Academy,https://oss.5eplay.com/sport/csgo/team/null.png,https://oss.5eplay.com/cloudx/p/sport/csgo/country/9ae4c60cfb35d482d07fe7a841fa8705.jpg,198,228,697,4,4,+5,+5,1776779230
hltv_team_12973,NuTorious,https://oss.5eplay.com/cloudx/p/sport/csgo/team/cv0ig1sconkqmjpn8el0.png,https://oss.5eplay.com/cloudx/p/sport/csgo/country/2df42f69e4220309f4cb1f27860caa65.jpg,199,336,501,4,4,+7,+7,1776779230
hltv_team_13691,Back to Back,https://oss.5eplay.com/sport/csgo/team/null.png,https://oss.5eplay.com/cloudx/p/sport/csgo/country/6fd36cae59655c447bc104cebc5f1a13.jpg,200,190,771,4,4,-1,-1,1776779230
csgo_tm_11838,Partizan,https://oss.5eplay.com/sport/csgo/team/hz/cec409f4nfq4334102ng.png,https://oss.5eplay.com/sport/csgo/country/cervbihll806civqfshg.png,201,291,582,4,4,+6,+6,1776779230
hltv_team_13563,Diamant,https://oss.5eplay.com/cloudx/p/sport/csgo/team/d6ua5p4conkpudhr3plg.png,https://oss.5eplay.com/cloudx/p/sport/csgo/country/bef30918f23bef5cb53f8eb318aeb7cc.jpg,202,353,460,4,4,+9,+9,1776779230
hltv_team_13281,Bushido Wildcats,https://oss.5eplay.com/cloudx/p/sport/csgo/team/d0rt4ikconkt3leged70.png,https://oss.5eplay.com/cloudx/p/sport/csgo/country/f970ef129240d032f6e0991d1ad255b1.jpg,203,192,765,4,4,+14,+14,1776779230
hltv_team_13551,OlyBet,https://oss.5eplay.com/cloudx/p/sport/csgo/team/d5a7oi4conkpudhr3fu0.png,https://oss.5eplay.com/cloudx/p/sport/csgo/country/latuoweiya.png,204,189,773,4,4,+18,+18,1776779230
hltv_team_13026,BESTIA Academy,https://oss.5eplay.com/cloudx/p/sport/csgo/team/merge_d52vt04conkpudhr3fag.png,https://oss.5eplay.com/cloudx/p/sport/csgo/country/6fd36cae59655c447bc104cebc5f1a13.jpg,205,219,705,4,4,+7,+7,1776779230
hltv_team_13766,Phantom Academy,https://oss.5eplay.com/sport/csgo/team/null.png,https://oss.5eplay.com/cloudx/p/sport/csgo/country/d9749eaa939d680b32005c95ea9189d2.jpg,206,0,0,4,4,+59,+59,1776779230
hltv_team_13726,METANOIA Wolves,https://oss.5eplay.com/cloudx/p/sport/csgo/team/d768e1kconkpudhr3qcg.png,https://oss.5eplay.com/cloudx/p/sport/csgo/country/6fd36cae59655c447bc104cebc5f1a13.jpg,207,237,679,4,4,+6,+6,1776779230
hltv_team_13664,ex-KRÜ,https://oss.5eplay.com/sport/csgo/team/null.png,https://oss.5eplay.com/cloudx/p/sport/csgo/country/279e8764c2b6e94f21aae58c62f02cd8.jpg,208,197,752,4,4,+7,+7,1776779230
hltv_team_12366,Aurora YB,https://oss.5eplay.com/cloudx/p/sport/csgo/team/cm4jhasconkqks63d5jg.png,https://oss.5eplay.com/cloudx/p/sport/csgo/country/9d442d4b119b5bf52e18371d14a2f429.jpg,209,235,684,4,4,-,-,1776779230
hltv_team_13433,Last Bullet,https://oss.5eplay.com/cloudx/p/sport/csgo/team/d54fin4conkpudhr3fd0.png,https://oss.5eplay.com/cloudx/p/sport/csgo/country/42dc0827650dabd3274bdcaac0976a0a.jpg,210,213,735,4,4,-27,-27,1776779230
hltv_team_12164,Zomblers,https://oss.5eplay.com/cloudx/p/sport/csgo/team/merge_cjt8kmcconkqks63b81g.png,https://oss.5eplay.com/cloudx/p/sport/csgo/country/2df42f69e4220309f4cb1f27860caa65.jpg,211,216,717,4,4,-1,-1,1776779230
csgo_tm_11905,paiN.A,https://oss.5eplay.com/sport/csgo/team/merge_ceigi1f4nfq4334150ag.png,https://oss.5eplay.com/cloudx/p/sport/csgo/country/6fd36cae59655c447bc104cebc5f1a13.jpg,212,203,747,4,4,+4,+4,1776779230
hltv_team_12908,Aether,https://oss.5eplay.com/cloudx/p/sport/csgo/team/cqos43cconkotam806n0.png,https://oss.5eplay.com/cloudx/p/sport/csgo/country/2df42f69e4220309f4cb1f27860caa65.jpg,213,183,786,4,4,-37,-37,1776779230
hltv_team_13528,Misa,https://oss.5eplay.com/cloudx/p/sport/csgo/team/d52aqa4conkpudhr3ed0.png,https://oss.5eplay.com/cloudx/p/sport/csgo/country/f970ef129240d032f6e0991d1ad255b1.jpg,214,191,767,4,4,-12,-12,1776779230
hltv_team_12948,BP,https://oss.5eplay.com/cloudx/p/sport/csgo/team/merge_ct2qb7sconkotam81iog.png,https://oss.5eplay.com/cloudx/p/sport/csgo/country/42dc0827650dabd3274bdcaac0976a0a.jpg,215,247,660,4,4,-1,-1,1776779230
hltv_team_13634,METANOIA,https://oss.5eplay.com/sport/csgo/team/null.png,https://oss.5eplay.com/cloudx/p/sport/csgo/country/6fd36cae59655c447bc104cebc5f1a13.jpg,216,298,573,4,4,+3,+3,1776779230
csgo_tm_9139,Brute,https://oss.5eplay.com/cloudx/p/sport/csgo/team/merge_chdapmf4nfqe2nie51a0.png,https://oss.5eplay.com/sport/csgo/country/cervbihll806civqfshg.png,217,229,703,4,4,+4,+4,1776779230
hltv_team_4246,Enjoy,https://oss.5eplay.com/sport/csgo/team/4246.png,https://oss.5eplay.com/cloudx/p/sport/csgo/country/9d442d4b119b5bf52e18371d14a2f429.jpg,218,232,691,4,4,+5,+5,1776779230
csgo_tm_11218,okura,https://oss.5eplay.com/sport/csgo/team/null.png,https://oss.5eplay.com/cloudx/p/sport/csgo/country/9ae4c60cfb35d482d07fe7a841fa8705.jpg,219,0,0,3,3,+7,+7,1776779230
hltv_team_13735,Haunted House,https://oss.5eplay.com/sport/csgo/team/null.png,https://oss.5eplay.com/cloudx/p/sport/csgo/country/21c537d4d4f0b5dea81bb86628b21414.jpg,220,212,736,3,3,+7,+7,1776779230
hltv_team_13217,ScarX,https://oss.5eplay.com/cloudx/p/sport/csgo/team/cvrqf34conkt3lege3mg.png,https://oss.5eplay.com/cloudx/p/sport/csgo/country/9754a03c9276db8a69f9ce2f1d958336.jpg,221,340,496,3,3,+7,+7,1776779230
hltv_team_13582,NIC,https://oss.5eplay.com/cloudx/p/sport/csgo/team/d52an5sconkpudhr3ec0.png,https://oss.5eplay.com/sport/csgo/country/cervbihll806civqfshg.png,222,0,0,3,3,+7,+7,1776779230
hltv_team_12960,Fire Flux,https://oss.5eplay.com/cloudx/p/sport/csgo/team/crqfknkconkotam8124g.png,https://oss.5eplay.com/cloudx/p/sport/csgo/country/f970ef129240d032f6e0991d1ad255b1.jpg,223,284,746,3,3,+18,+18,1776779230
hltv_team_13705,Imperial Academy,https://oss.5eplay.com/cloudx/p/sport/csgo/team/d768o6sconkpudhr3qh0.png,https://oss.5eplay.com/sport/csgo/country/cervbihll806civqfshg.png,224,313,550,3,3,+7,+7,1776779230
hltv_team_13756,Alka,https://oss.5eplay.com/cloudx/p/sport/csgo/team/d768f5sconkpudhr3qd0.png,https://oss.5eplay.com/cloudx/p/sport/csgo/country/6fd36cae59655c447bc104cebc5f1a13.jpg,225,262,629,3,3,-5,-5,1776779230
hltv_team_13802,Eclipse,https://oss.5eplay.com/sport/csgo/team/null.png,https://oss.5eplay.com/cloudx/p/sport/csgo/country/d898280c32e0de60c8ec3e1ddface359.jpg,226,0,0,3,3,-,-,1776779230
csgo_tm_11711,Players,https://oss.5eplay.com/sport/csgo/team/null.png,https://oss.5eplay.com/cloudx/p/sport/csgo/country/6fd36cae59655c447bc104cebc5f1a13.jpg,227,234,684,3,3,-3,-3,1776779230
hltv_team_13745,Kuusamo,https://oss.5eplay.com/cloudx/p/sport/csgo/team/d7c4nlcconkpudhr3rtg.png,https://oss.5eplay.com/cloudx/p/sport/csgo/country/0d4853f7c7801dedf34ed7613d592351.jpg,228,241,670,3,3,+4,+4,1776779230
csgo_tm_11553,Dripmen,,https://oss.5eplay.com/cloudx/p/sport/csgo/country/9bdd94596203dd13bb9965f5225bc2b0.jpg,229,199,749,3,3,-38,-38,1776779230
csgo_tm_11275,NSN,https://oss.5eplay.com/sport/csgo/team/hz/cec3vkf4nfq43340vuq0.png,https://oss.5eplay.com/cloudx/p/sport/csgo/country/42dc0827650dabd3274bdcaac0976a0a.jpg,230,273,607,3,3,+3,+3,1776779230
hltv_team_13794,900FPSvsECO,https://oss.5eplay.com/sport/csgo/team/null.png,https://oss.5eplay.com/cloudx/p/sport/csgo/country/2df42f69e4220309f4cb1f27860caa65.jpg,231,253,644,3,3,-13,-13,1776779230
hltv_team_13413,Vasco,https://oss.5eplay.com/cloudx/p/sport/csgo/team/d3rf8gsconkqbk3bnu6g.png,https://oss.5eplay.com/cloudx/p/sport/csgo/country/6fd36cae59655c447bc104cebc5f1a13.jpg,232,223,700,3,3,+2,+2,1776779230
hltv_team_13695,CTRL,https://oss.5eplay.com/sport/csgo/team/null.png,https://oss.5eplay.com/cloudx/p/sport/csgo/country/9bdd94596203dd13bb9965f5225bc2b0.jpg,233,0,0,2,2,+7,+7,1776779230
hltv_team_12276,DXA,https://oss.5eplay.com/cloudx/p/sport/csgo/team/d7cpg7cconkpudhr3rug.png,https://oss.5eplay.com/cloudx/p/sport/csgo/country/6db7c10a10c4b1bfffd88b3a88b0cc36.jpg,234,281,599,2,2,-9,-9,1776779230
hltv_team_13591,ALTAY,https://oss.5eplay.com/cloudx/p/sport/csgo/team/d5a7lqkconkpudhr3fs0.png,https://oss.5eplay.com/cloudx/p/sport/csgo/country/d1ce599c5ea3ba5a063a1783fae8b8e1.jpg,235,0,0,2,2,+3,+3,1776779230
hltv_team_13661,mouse,https://oss.5eplay.com/cloudx/p/sport/csgo/team/d7cplrkconkpudhr3s50.png,https://oss.5eplay.com/cloudx/p/sport/csgo/country/af64db05f680bdf1e28617628204737d.jpg,236,310,555,2,2,-1,-1,1776779230
hltv_team_13457,OxinGame,https://oss.5eplay.com/sport/csgo/team/null.png,https://oss.5eplay.com/cloudx/p/sport/csgo/country/9754a03c9276db8a69f9ce2f1d958336.jpg,236,0,0,1,1,-3,-3,1776779230
hltv_team_13798,Clutchain,https://oss.5eplay.com/cloudx/p/sport/csgo/team/d7cphg4conkpudhr3rvg.png,https://oss.5eplay.com/cloudx/p/sport/csgo/country/c9d14053c27e52655034cd493f2a71e5.jpg,237,327,520,2,2,-,-,1776779230
hltv_team_13725,Guara,https://oss.5eplay.com/cloudx/p/sport/csgo/team/d6ua3mcconkpudhr3pkg.png,https://oss.5eplay.com/cloudx/p/sport/csgo/country/6fd36cae59655c447bc104cebc5f1a13.jpg,238,287,589,2,2,+4,+4,1776779230
hltv_team_13238,JUMBO,https://oss.5eplay.com/cloudx/p/sport/csgo/team/cvsvmjsconkt3lege50g.png,https://oss.5eplay.com/cloudx/p/sport/csgo/country/9d442d4b119b5bf52e18371d14a2f429.jpg,239,261,633,2,2,+4,+4,1776779230
hltv_team_13651,ReThink,https://oss.5eplay.com/sport/csgo/team/null.png,https://oss.5eplay.com/cloudx/p/sport/csgo/country/0e6f1ed44d7fb1961dc8d79e4cd894ae.jpg,240,324,525,2,2,+6,+6,1776779230
csgo_tm_9422,CarritoSpain,https://oss.5eplay.com/sport/csgo/team/null.png,https://oss.5eplay.com/cloudx/p/sport/csgo/country/ea9cba02a23386d77cb8df25b26bab29.jpg,241,0,0,2,2,+4,+4,1776779230
hltv_team_13718,100RA,https://oss.5eplay.com/cloudx/p/sport/csgo/team/d717e54conkpudhr3prg.png,https://oss.5eplay.com/cloudx/p/sport/csgo/country/d99a27a81fcad3217b239efd6663be66.jpg,242,0,0,2,2,+5,+5,1776779230
hltv_team_13731,The MongolZ Academy,https://oss.5eplay.com/cloudx/p/sport/csgo/team/d6sf2bkconkpudhr3opg.png,https://oss.5eplay.com/cloudx/p/sport/csgo/country/d99a27a81fcad3217b239efd6663be66.jpg,243,0,0,2,2,+5,+5,1776779230
hltv_team_13159,Prestige,https://oss.5eplay.com/cloudx/p/sport/csgo/team/d06samsconkt3lege6r0.png,https://oss.5eplay.com/cloudx/p/sport/csgo/country/d898280c32e0de60c8ec3e1ddface359.jpg,244,206,744,2,2,+5,+5,1776779230
hltv_team_12745,brazylijski luz,https://oss.5eplay.com/cloudx/p/sport/csgo/team/co8v014conklgsjvh3b0.png,https://oss.5eplay.com/cloudx/p/sport/csgo/country/d9749eaa939d680b32005c95ea9189d2.jpg,245,243,665,2,2,-8,-8,1776779230
hltv_team_13465,Dziuseppe,https://oss.5eplay.com/sport/csgo/team/null.png,https://oss.5eplay.com/cloudx/p/sport/csgo/country/d9749eaa939d680b32005c95ea9189d2.jpg,246,320,553,2,2,+5,+5,1776779230
hltv_team_13425,Reign Above,https://oss.5eplay.com/cloudx/p/sport/csgo/team/d69tidcconkpudhr3l70.webp,https://oss.5eplay.com/cloudx/p/sport/csgo/country/2df42f69e4220309f4cb1f27860caa65.jpg,247,312,553,2,2,+5,+5,1776779230
hltv_team_12855,HAVENs,https://oss.5eplay.com/cloudx/p/sport/csgo/team/ctdqc8sconkqmjpn7ev0.png,https://oss.5eplay.com/cloudx/p/sport/csgo/country/latuoweiya.png,248,0,0,2,2,+5,+5,1776779230
hltv_team_13687,Hermine,https://oss.5eplay.com/sport/csgo/team/null.png,https://oss.5eplay.com/sport/csgo/country/cervbihll806civqfshg.png,249,0,0,2,2,+6,+6,1776779230
hltv_team_13571,SINQU,https://oss.5eplay.com/cloudx/p/sport/csgo/team/d5a7nvsconkpudhr3ftg.png,https://oss.5eplay.com/cloudx/p/sport/csgo/country/0d4853f7c7801dedf34ed7613d592351.jpg,250,309,558,2,2,+4,+4,1776779230
hltv_team_13646,Fortress,https://oss.5eplay.com/sport/csgo/team/null.png,https://oss.5eplay.com/cloudx/p/sport/csgo/country/d898280c32e0de60c8ec3e1ddface359.jpg,251,0,0,2,2,+6,+6,1776779230
csgo_tm_10976,FURIA fe,https://oss.5eplay.com/sport/csgo/team/cgcl53pll806h1bg2n40.png,https://oss.5eplay.com/cloudx/p/sport/csgo/country/6fd36cae59655c447bc104cebc5f1a13.jpg,252,266,624,2,2,+6,+6,1776779230
hltv_team_12190,Shimmer,https://oss.5eplay.com/cloudx/p/sport/csgo/team/ckbmp84conkqks63bmbg.png,https://oss.5eplay.com/cloudx/p/sport/csgo/country/2df42f69e4220309f4cb1f27860caa65.jpg,253,295,575,2,2,+8,+8,1776779230
hltv_team_13702,The Continental,https://oss.5eplay.com/sport/csgo/team/null.png,https://oss.5eplay.com/cloudx/p/sport/csgo/country/d1ce599c5ea3ba5a063a1783fae8b8e1.jpg,254,0,0,2,2,+5,+5,1776779230
hltv_team_13763,MASQ,https://oss.5eplay.com/sport/csgo/team/null.png,https://oss.5eplay.com/cloudx/p/sport/csgo/country/d898280c32e0de60c8ec3e1ddface359.jpg,255,0,0,1,1,-16,-16,1776779230
csgo_tm_8488,INFURITY,https://oss.5eplay.com/cloudx/p/sport/csgo/team/cnr93jkconklgsjvgor0.png,https://oss.5eplay.com/sport/csgo/country/cervbihll806civqfshg.png,256,0,0,1,1,+6,+6,1776779230
hltv_team_13543,Time Waves,https://oss.5eplay.com/cloudx/p/sport/csgo/team/d7cpfhsconkpudhr3ru0.png,https://oss.5eplay.com/cloudx/p/sport/csgo/country/6db7c10a10c4b1bfffd88b3a88b0cc36.jpg,257,359,452,1,1,+3,+3,1776779230
hltv_team_13608,Fokus,https://oss.5eplay.com/sport/csgo/team/null.png,https://oss.5eplay.com/cloudx/p/sport/csgo/country/29f0c263e971ce6823c8d6b639152fe9.jpg,258,0,0,1,1,+6,+6,1776779230
hltv_team_13788,Clutchain,https://oss.5eplay.com/sport/csgo/team/null.png,https://oss.5eplay.com/sport/csgo/country/cervbihll806civqfshg.png,259,231,691,1,1,+4,+4,1776779230
hltv_team_13797,ZOTIX,https://oss.5eplay.com/sport/csgo/team/null.png,https://oss.5eplay.com/cloudx/p/sport/csgo/country/9ae4c60cfb35d482d07fe7a841fa8705.jpg,260,0,0,1,1,+6,+6,1776779230
hltv_team_13713,Evo Novo,https://oss.5eplay.com/sport/csgo/team/null.png,https://oss.5eplay.com/cloudx/p/sport/csgo/country/d898280c32e0de60c8ec3e1ddface359.jpg,261,0,0,1,1,+6,+6,1776779230
csgo_tm_10901,Overknight,https://oss.5eplay.com/sport/csgo/team/10901.png,https://oss.5eplay.com/cloudx/p/sport/csgo/country/8fb54266f68a874fdd424c11e4ad2385.jpg,262,337,499,1,1,+6,+6,1776779230
hltv_team_12301,FLY RED,https://oss.5eplay.com/cloudx/p/sport/csgo/team/merge_cilsutcconkqks63a330.png,https://oss.5eplay.com/cloudx/p/sport/csgo/country/2df42f69e4220309f4cb1f27860caa65.jpg,263,289,585,1,1,-7,-7,1776779230
csgo_tm_5479,Mythic,https://oss.5eplay.com/sport/csgo/team/hz/cec3psf4nfq43340urgg.png,https://oss.5eplay.com/cloudx/p/sport/csgo/country/2df42f69e4220309f4cb1f27860caa65.jpg,264,307,560,1,1,-28,-28,1776779230
hltv_team_13796,Young TigeRES,https://oss.5eplay.com/sport/csgo/team/null.png,https://oss.5eplay.com/cloudx/p/sport/csgo/country/9d442d4b119b5bf52e18371d14a2f429.jpg,265,0,0,1,1,+4,+4,1776779230
hltv_team_13694,THE UNIT,https://oss.5eplay.com/sport/csgo/team/null.png,https://oss.5eplay.com/cloudx/p/sport/csgo/country/11b4da771316962d3722dd7e8dc26e69.jpg,266,0,0,1,1,+7,+7,1776779230
hltv_team_13566,Exilium,https://oss.5eplay.com/sport/csgo/team/null.png,https://oss.5eplay.com/cloudx/p/sport/csgo/country/latuoweiya.png,267,0,0,1,1,+3,+3,1776779230
hltv_team_13733,Sicarios,https://oss.5eplay.com/sport/csgo/team/null.png,https://oss.5eplay.com/cloudx/p/sport/csgo/country/9ae4c60cfb35d482d07fe7a841fa8705.jpg,268,0,0,1,1,+3,+3,1776779230
hltv_team_13685,Skele,https://oss.5eplay.com/sport/csgo/team/null.png,https://oss.5eplay.com/cloudx/p/sport/csgo/country/6db7c10a10c4b1bfffd88b3a88b0cc36.jpg,269,293,579,1,1,-19,-19,1776779230
hltv_team_12568,EC BANGA,https://oss.5eplay.com/cloudx/p/sport/csgo/team/csmvbqsconkotam81dhg.png,https://oss.5eplay.com/cloudx/p/sport/csgo/country/latuoweiya.png,270,239,673,1,1,-26,-26,1776779230
csgo_tm_10864,VP.P,https://oss.5eplay.com/sport/csgo/team/hz/cec3v4n4nfq43340vru0.png,https://oss.5eplay.com/cloudx/p/sport/csgo/country/9d442d4b119b5bf52e18371d14a2f429.jpg,271,93,1088,1,1,-41,-41,1776779230
hltv_team_13476,VEXA,https://oss.5eplay.com/cloudx/p/sport/csgo/team/d6ua2c4conkpudhr3pf0.png,https://oss.5eplay.com/cloudx/p/sport/csgo/country/6fd36cae59655c447bc104cebc5f1a13.jpg,272,0,563,1,1,+2,+2,1776779230
hltv_team_12242,ClayMakers,https://oss.5eplay.com/sport/csgo/team/null.png,https://oss.5eplay.com/sport/csgo/country/cervbihll806civqfshg.png,273,0,641,1,1,+2,+2,1776779230
hltv_team_13471,ALZON,https://oss.5eplay.com/sport/csgo/team/null.png,https://oss.5eplay.com/cloudx/p/sport/csgo/country/6fd36cae59655c447bc104cebc5f1a13.jpg,274,356,457,1,1,+2,+2,1776779230
csgo_tm_10975,MIBR.fe,https://oss.5eplay.com/sport/csgo/team/merge_cgcl8r9ll806h1bg2nq0.png,https://oss.5eplay.com/cloudx/p/sport/csgo/country/6fd36cae59655c447bc104cebc5f1a13.jpg,275,201,748,1,1,+2,+2,1776779230
hltv_team_13732,B8 Academy,https://oss.5eplay.com/sport/csgo/team/null.png,https://oss.5eplay.com/cloudx/p/sport/csgo/country/9ae4c60cfb35d482d07fe7a841fa8705.jpg,276,0,0,1,1,+2,+2,1776779230
hltv_team_13722,Hacha,https://oss.5eplay.com/sport/csgo/team/null.png,https://oss.5eplay.com/cloudx/p/sport/csgo/country/279e8764c2b6e94f21aae58c62f02cd8.jpg,277,0,0,1,1,+2,+2,1776779230
hltv_team_13142,AKA HERO KAJO,https://oss.5eplay.com/sport/csgo/team/null.png,https://oss.5eplay.com/cloudx/p/sport/csgo/country/0d4853f7c7801dedf34ed7613d592351.jpg,278,317,542,1,1,+3,+3,1776779230
hltv_team_12457,RoundsGG,https://oss.5eplay.com/cloudx/p/sport/csgo/team/ckq9f3kconkqks63c24g.png,https://oss.5eplay.com/cloudx/p/sport/csgo/country/0d4853f7c7801dedf34ed7613d592351.jpg,279,0,0,1,1,+3,+3,1776779230
csgo_tm_11718,BIG.E,https://oss.5eplay.com/sport/csgo/team/merge_cgch9h9ll806h1bg2ln0.png,https://oss.5eplay.com/sport/csgo/country/cervbihll806civqfshg.png,280,227,697,0,0,+3,+3,1776779230
hltv_team_12731,LE-LUX,https://oss.5eplay.com/cloudx/p/sport/csgo/team/merge_d1o6mjkconkt3legeqrg.png,https://oss.5eplay.com/cloudx/p/sport/csgo/country/6db7c10a10c4b1bfffd88b3a88b0cc36.jpg,280,0,479,1,1,+4,+4,1776779230
hltv_team_13395,hindsight,https://oss.5eplay.com/sport/csgo/team/null.png,https://oss.5eplay.com/sport/csgo/country/cervbihll806civqfshg.png,281,292,582,0,0,+3,+3,1776779230
hltv_team_12533,Atrix,https://oss.5eplay.com/cloudx/p/sport/csgo/team/merge_crl975sconkotam80stg.png,https://oss.5eplay.com/cloudx/p/sport/csgo/country/6fd36cae59655c447bc104cebc5f1a13.jpg,282,246,661,0,0,+3,+3,1776779230
