match_id,slug,match_url,match_date,match_time,time_text,event_name,stage,team1,team1_country,team2,team2_country,score1,score2,winner,status,note,source,source_list_url,fetched_at
657970,mir-vs-natus-vincere-junior-challengers-2026-north-east-stage-2-ur3,https://www.vlr.gg/657970/mir-vs-natus-vincere-junior-challengers-2026-north-east-stage-2-ur3,2026-05-04,2026-05-04 23:00:00,11:00 PM,Challengers 2026: NORTH//EAST Stage 2,Playoffs–Upper Round 3,MIR,RU,Natus Vincere Junior,UN,0,2,,live,,vlr_experiment,https://www.vlr.gg/matches,2026-05-05 01:19:39
663062,ramboot-club-vs-kpi-gaming-challengers-2026-spain-rising-stage-3-phase-2-lr3,https://www.vlr.gg/663062/ramboot-club-vs-kpi-gaming-challengers-2026-spain-rising-stage-3-phase-2-lr3,2026-05-04,2026-05-04 23:00:00,11:00 PM,Challengers 2026: Spain Rising Stage 3,Phase 2–Lower Round 3,Ramboot Club,EU,KPI Gaming,ES,1,0,,live,,vlr_experiment,https://www.vlr.gg/matches,2026-05-05 01:19:39
666215,gentle-mates-gc-vs-g2-gozen-game-changers-2026-emea-stage-2-w2,https://www.vlr.gg/666215/gentle-mates-gc-vs-g2-gozen-game-changers-2026-emea-stage-2-w2,2026-05-04,2026-05-04 23:00:00,11:00 PM,Game Changers 2026: EMEA Stage 2,Group Stage–Week 2,Gentle Mates GC,EU,G2 Gozen,EU,1,1,,live,,vlr_experiment,https://www.vlr.gg/matches,2026-05-05 01:19:39
666216,alternate-attax-ruby-vs-zennit-orange-gc-game-changers-2026-emea-stage-2-w2,https://www.vlr.gg/666216/alternate-attax-ruby-vs-zennit-orange-gc-game-changers-2026-emea-stage-2-w2,2026-05-04,2026-05-04 23:00:00,11:00 PM,Game Changers 2026: EMEA Stage 2,Group Stage–Week 2,ALTERNATE aTTaX Ruby,DE,ZennIT Orange GC,EU,1,1,,live,,vlr_experiment,https://www.vlr.gg/matches,2026-05-05 01:19:39
661076,be-ikta-esports-vs-misa-esports-challengers-2026-t-rkiye-birlik-stage-2-lbf,https://www.vlr.gg/661076/be-ikta-esports-vs-misa-esports-challengers-2026-t-rkiye-birlik-stage-2-lbf,2026-05-04,2026-05-04 23:30:00,11:30 PM,Challengers 2026: Türkiye Birlik Stage 2,Playoffs–Lower Final,Beşiktaş Esports,TR,Misa Esports,TR,1,1,,live,,vlr_experiment,https://www.vlr.gg/matches,2026-05-05 01:19:39
649788,joblife-vs-mandatory-challengers-2026-france-revolution-stage-2-ubf,https://www.vlr.gg/649788/joblife-vs-mandatory-challengers-2026-france-revolution-stage-2-ubf,2026-05-05,2026-05-05 00:00:00,12:00 AM,Challengers 2026: France Revolution Stage 2,Playoffs–Upper Final,Joblife,EU,Mandatory,FR,0,1,,live,,vlr_experiment,https://www.vlr.gg/matches,2026-05-05 01:19:39
664806,gamax-esports-vs-ghools-esports-challengers-2026-mena-resilience-pulse-stage-north-africa-ubsf,https://www.vlr.gg/664806/gamax-esports-vs-ghools-esports-challengers-2026-mena-resilience-pulse-stage-north-africa-ubsf,2026-05-05,2026-05-05 00:00:00,12:00 AM,Challengers 2026: MENA Resilience Pulse Stage - North Africa,Playoffs–Upper Semifinals,Gamax Esports,EG,Ghools Esports,TN,1,0,,live,,vlr_experiment,https://www.vlr.gg/matches,2026-05-05 01:19:39
663063,bar-a-esports-vs-falke-esports-challengers-2026-spain-rising-stage-3-phase-2-lr3,https://www.vlr.gg/663063/bar-a-esports-vs-falke-esports-challengers-2026-spain-rising-stage-3-phase-2-lr3,2026-05-05,2026-05-05 02:00:00,2:00 AM,Challengers 2026: Spain Rising Stage 3,Phase 2–Lower Round 3,Barça eSports,ES,Falke Esports,ES,,,,scheduled,,vlr_experiment,https://www.vlr.gg/matches,2026-05-05 01:19:39
666217,sk-nebula-vs-fokus-sakura-game-changers-2026-emea-stage-2-w2,https://www.vlr.gg/666217/sk-nebula-vs-fokus-sakura-game-changers-2026-emea-stage-2-w2,2026-05-05,2026-05-05 02:00:00,2:00 AM,Game Changers 2026: EMEA Stage 2,Group Stage–Week 2,SK Nebula,EU,FOKUS Sakura,DE,,,,scheduled,,vlr_experiment,https://www.vlr.gg/matches,2026-05-05 01:19:39
666218,giantx-gc-vs-twisted-minds-orchid-game-changers-2026-emea-stage-2-w2,https://www.vlr.gg/666218/giantx-gc-vs-twisted-minds-orchid-game-changers-2026-emea-stage-2-w2,2026-05-05,2026-05-05 02:00:00,2:00 AM,Game Changers 2026: EMEA Stage 2,Group Stage–Week 2,GIANTX GC,EU,Twisted Minds Orchid,SA,,,,scheduled,,vlr_experiment,https://www.vlr.gg/matches,2026-05-05 01:19:39
664807,baam-esports-vs-team-raad-challengers-2026-mena-resilience-pulse-stage-north-africa-ubsf,https://www.vlr.gg/664807/baam-esports-vs-team-raad-challengers-2026-mena-resilience-pulse-stage-north-africa-ubsf,2026-05-05,2026-05-05 02:30:00,2:30 AM,Challengers 2026: MENA Resilience Pulse Stage - North Africa,Playoffs–Upper Semifinals,BAAM Esports,EG,Team RA'AD,EG,,,,scheduled,,vlr_experiment,https://www.vlr.gg/matches,2026-05-05 01:19:39
649790,wip-esports-vs-f9-eicar-challengers-2026-france-revolution-stage-2-lr1,https://www.vlr.gg/649790/wip-esports-vs-f9-eicar-challengers-2026-france-revolution-stage-2-lr1,2026-05-05,2026-05-05 03:00:00,3:00 AM,Challengers 2026: France Revolution Stage 2,Playoffs–Lower Round 1,WIP Esports,EU,F9 EICAR,FR,,,,scheduled,,vlr_experiment,https://www.vlr.gg/matches,2026-05-05 01:19:39
661115,evil-geniuses-academy-vs-division-one-challengers-2026-north-america-ace-stage-2-lr2,https://www.vlr.gg/661115/evil-geniuses-academy-vs-division-one-challengers-2026-north-america-ace-stage-2-lr2,2026-05-05,2026-05-05 04:00:00,4:00 AM,Challengers 2026: North America ACE Stage 2,Playoffs–Lower Round 2,Evil Geniuses Academy,US,Division One,US,,,,scheduled,,vlr_experiment,https://www.vlr.gg/matches,2026-05-05 01:19:39
661116,yfp-vs-flyquest-challengers-2026-north-america-ace-stage-2-lr2,https://www.vlr.gg/661116/yfp-vs-flyquest-challengers-2026-north-america-ace-stage-2-lr2,2026-05-05,2026-05-05 07:00:00,7:00 AM,Challengers 2026: North America ACE Stage 2,Playoffs–Lower Round 2,YFP,US,FlyQuest,US,,,,scheduled,,vlr_experiment,https://www.vlr.gg/matches,2026-05-05 01:19:39
666339,eoto-vs-fennel-gc-game-changers-2026-japan-split-1-ubf,https://www.vlr.gg/666339/eoto-vs-fennel-gc-game-changers-2026-japan-split-1-ubf,2026-05-05,2026-05-05 12:00:00,12:00 PM,Game Changers 2026: Japan Split 1,Main Stage–Upper Final,EOTO,JP,FENNEL GC,JP,,,,scheduled,,vlr_experiment,https://www.vlr.gg/matches,2026-05-05 01:19:39
666341,uwinks-vs-sasanqua-game-changers-2026-japan-split-1-lr1,https://www.vlr.gg/666341/uwinks-vs-sasanqua-game-changers-2026-japan-split-1-lr1,2026-05-05,2026-05-05 15:00:00,3:00 PM,Game Changers 2026: Japan Split 1,Main Stage–Lower Round 1,Uwinks,JP,Sasanqua,JP,,,,scheduled,,vlr_experiment,https://www.vlr.gg/matches,2026-05-05 01:19:39
659485,jdg-esports-vs-dragon-ranger-gaming-vct-2026-china-stage-1-lr2,https://www.vlr.gg/659485/jdg-esports-vs-dragon-ranger-gaming-vct-2026-china-stage-1-lr2,2026-05-05,2026-05-05 17:00:00,5:00 PM,VCT 2026: China Stage 1,Playoffs–Lower Round 2,JDG Esports,CN,Dragon Ranger Gaming,CN,,,,scheduled,,vlr_experiment,https://www.vlr.gg/matches,2026-05-05 01:19:39
666342,tbd-game-changers-2026-japan-split-1-lbf,https://www.vlr.gg/666342/tbd-game-changers-2026-japan-split-1-lbf,2026-05-05,2026-05-05 18:00:00,6:00 PM,Game Changers 2026: Japan Split 1,Main Stage–Lower Final,TBD,UN,TBD,UN,,,,scheduled,,vlr_experiment,https://www.vlr.gg/matches,2026-05-05 01:19:39
659484,all-gamers-vs-tyloo-vct-2026-china-stage-1-lr2,https://www.vlr.gg/659484/all-gamers-vs-tyloo-vct-2026-china-stage-1-lr2,2026-05-05,2026-05-05 19:00:00,7:00 PM,VCT 2026: China Stage 1,Playoffs–Lower Round 2,All Gamers,CN,TYLOO,CN,,,,scheduled,,vlr_experiment,https://www.vlr.gg/matches,2026-05-05 01:19:39
659569,boom-esports-vs-alter-ego-challengers-2026-sea-split-2-indonesia-qualifier-ubf,https://www.vlr.gg/659569/boom-esports-vs-alter-ego-challengers-2026-sea-split-2-indonesia-qualifier-ubf,2026-05-05,2026-05-05 19:00:00,7:00 PM,Challengers 2026: SEA Split 2 - Indonesia Qualifier,Regionals–Upper Final,BOOM Esports,ID,Alter Ego,ID,,,,scheduled,,vlr_experiment,https://www.vlr.gg/matches,2026-05-05 01:19:39
659591,rival-esports-vs-xlb-challengers-2026-sea-split-2-rest-of-sea-qualifier-lr3,https://www.vlr.gg/659591/rival-esports-vs-xlb-challengers-2026-sea-split-2-rest-of-sea-qualifier-lr3,2026-05-05,2026-05-05 19:00:00,7:00 PM,Challengers 2026: SEA Split 2 - Rest of SEA Qualifier,Regionals–Lower Round 3,Rival Esports,SG,XLB,TW,,,,scheduled,,vlr_experiment,https://www.vlr.gg/matches,2026-05-05 01:19:39
660442,oasis-gaming-vs-naos-challengers-2026-sea-split-2-philippines-qualifier-ubf,https://www.vlr.gg/660442/oasis-gaming-vs-naos-challengers-2026-sea-split-2-philippines-qualifier-ubf,2026-05-05,2026-05-05 19:00:00,7:00 PM,Challengers 2026: SEA Split 2 - Philippines Qualifier,Regionals–Upper Final,Oasis Gaming,PH,NAOS,PH,,,,scheduled,,vlr_experiment,https://www.vlr.gg/matches,2026-05-05 01:19:39
660475,fancy-united-esports-vs-god-chosen-challengers-2026-sea-split-2-vietnam-qualifier-ubsf,https://www.vlr.gg/660475/fancy-united-esports-vs-god-chosen-challengers-2026-sea-split-2-vietnam-qualifier-ubsf,2026-05-05,2026-05-05 19:00:00,7:00 PM,Challengers 2026: SEA Split 2 - Vietnam Qualifier,Regionals–Upper Semifinals,Fancy United Esports,VN,God Chosen,VN,,,,scheduled,,vlr_experiment,https://www.vlr.gg/matches,2026-05-05 01:19:39
660491,sharper-esports-vs-555-challengers-2026-sea-split-2-thailand-qualifier-ubf,https://www.vlr.gg/660491/sharper-esports-vs-555-challengers-2026-sea-split-2-thailand-qualifier-ubf,2026-05-05,2026-05-05 19:00:00,7:00 PM,Challengers 2026: SEA Split 2 - Thailand Qualifier,Regionals–Upper Final,Sharper Esports,TH,555,TH,,,,scheduled,,vlr_experiment,https://www.vlr.gg/matches,2026-05-05 01:19:39
659575,kertanegara-esports-vs-neverland713-challengers-2026-sea-split-2-indonesia-qualifier-lr3,https://www.vlr.gg/659575/kertanegara-esports-vs-neverland713-challengers-2026-sea-split-2-indonesia-qualifier-lr3,2026-05-05,2026-05-05 21:00:00,9:00 PM,Challengers 2026: SEA Split 2 - Indonesia Qualifier,Regionals–Lower Round 3,Kertanegara Esports,ID,NEVERLAND713,ID,,,,scheduled,,vlr_experiment,https://www.vlr.gg/matches,2026-05-05 01:19:39
659585,trinity-vs-unsigned5-challengers-2026-sea-split-2-rest-of-sea-qualifier-ubf,https://www.vlr.gg/659585/trinity-vs-unsigned5-challengers-2026-sea-split-2-rest-of-sea-qualifier-ubf,2026-05-05,2026-05-05 21:00:00,9:00 PM,Challengers 2026: SEA Split 2 - Rest of SEA Qualifier,Regionals–Upper Final,Trinity,MN,Unsigned5,MY,,,,scheduled,,vlr_experiment,https://www.vlr.gg/matches,2026-05-05 01:19:39
660448,zorvex-vs-jade-lions-challengers-2026-sea-split-2-philippines-qualifier-lr3,https://www.vlr.gg/660448/zorvex-vs-jade-lions-challengers-2026-sea-split-2-philippines-qualifier-lr3,2026-05-05,2026-05-05 21:00:00,9:00 PM,Challengers 2026: SEA Split 2 - Philippines Qualifier,Regionals–Lower Round 3,Zorvex,PH,Jade Lions,PH,,,,scheduled,,vlr_experiment,https://www.vlr.gg/matches,2026-05-05 01:19:39
660476,roy-esports-vs-1tap-esports-challengers-2026-sea-split-2-vietnam-qualifier-ubsf,https://www.vlr.gg/660476/roy-esports-vs-1tap-esports-challengers-2026-sea-split-2-vietnam-qualifier-ubsf,2026-05-05,2026-05-05 21:00:00,9:00 PM,Challengers 2026: SEA Split 2 - Vietnam Qualifier,Regionals–Upper Semifinals,ROY Esports,VN,1Tap Esports,VN,,,,scheduled,,vlr_experiment,https://www.vlr.gg/matches,2026-05-05 01:19:39
660497,xoxo-01-vs-team-nkt-challengers-2026-sea-split-2-thailand-qualifier-lr3,https://www.vlr.gg/660497/xoxo-01-vs-team-nkt-challengers-2026-sea-split-2-thailand-qualifier-lr3,2026-05-05,2026-05-05 21:00:00,9:00 PM,Challengers 2026: SEA Split 2 - Thailand Qualifier,Regionals–Lower Round 3,XOXO-01,TH,Team NKT,TH,,,,scheduled,,vlr_experiment,https://www.vlr.gg/matches,2026-05-05 01:19:39
657977,team-liquid-academy-vs-enterprise-esports-challengers-2026-north-east-stage-2-mr3,https://www.vlr.gg/657977/team-liquid-academy-vs-enterprise-esports-challengers-2026-north-east-stage-2-mr3,2026-05-05,2026-05-05 23:00:00,11:00 PM,Challengers 2026: NORTH//EAST Stage 2,Playoffs–Middle Round 3,Team Liquid Academy,EU,Enterprise Esports,CZ,,,,scheduled,,vlr_experiment,https://www.vlr.gg/matches,2026-05-05 01:19:39
663064,tbd-challengers-2026-spain-rising-stage-3-phase-2-lr4,https://www.vlr.gg/663064/tbd-challengers-2026-spain-rising-stage-3-phase-2-lr4,2026-05-05,2026-05-05 23:00:00,11:00 PM,Challengers 2026: Spain Rising Stage 3,Phase 2–Lower Round 4,TBD,UN,TBD,UN,,,,scheduled,,vlr_experiment,https://www.vlr.gg/matches,2026-05-05 01:19:39
666219,karmine-corp-gc-vs-zennit-orange-gc-game-changers-2026-emea-stage-2-w2,https://www.vlr.gg/666219/karmine-corp-gc-vs-zennit-orange-gc-game-changers-2026-emea-stage-2-w2,2026-05-05,2026-05-05 23:00:00,11:00 PM,Game Changers 2026: EMEA Stage 2,Group Stage–Week 2,Karmine Corp GC,EU,ZennIT Orange GC,EU,,,,scheduled,,vlr_experiment,https://www.vlr.gg/matches,2026-05-05 01:19:39
666220,sk-nebula-vs-bar-a-esports-gc-game-changers-2026-emea-stage-2-w2,https://www.vlr.gg/666220/sk-nebula-vs-bar-a-esports-gc-game-changers-2026-emea-stage-2-w2,2026-05-05,2026-05-05 23:00:00,11:00 PM,Game Changers 2026: EMEA Stage 2,Group Stage–Week 2,SK Nebula,EU,Barça eSports GC,ES,,,,scheduled,,vlr_experiment,https://www.vlr.gg/matches,2026-05-05 01:19:39
649791,tbd-challengers-2026-france-revolution-stage-2-lbf,https://www.vlr.gg/649791/tbd-challengers-2026-france-revolution-stage-2-lbf,2026-05-06,2026-05-06 00:00:00,12:00 AM,Challengers 2026: France Revolution Stage 2,Playoffs–Lower Final,TBD,UN,TBD,UN,,,,scheduled,,vlr_experiment,https://www.vlr.gg/matches,2026-05-05 01:19:39
664044,alqadsiah-esports-vs-villianarc-challengers-2026-mena-resilience-pulse-stage-middle-east-ubf,https://www.vlr.gg/664044/alqadsiah-esports-vs-villianarc-challengers-2026-mena-resilience-pulse-stage-middle-east-ubf,2026-05-06,2026-05-06 00:00:00,12:00 AM,Challengers 2026: MENA Resilience Pulse Stage - Middle East,Playoffs–Upper Final,AlQadsiah Esports,SA,VillianArc,SA,,,,scheduled,,vlr_experiment,https://www.vlr.gg/matches,2026-05-05 01:19:39
666221,giantx-gc-vs-fokus-sakura-game-changers-2026-emea-stage-2-w2,https://www.vlr.gg/666221/giantx-gc-vs-fokus-sakura-game-changers-2026-emea-stage-2-w2,2026-05-06,2026-05-06 02:00:00,2:00 AM,Game Changers 2026: EMEA Stage 2,Group Stage–Week 2,GIANTX GC,EU,FOKUS Sakura,DE,,,,scheduled,,vlr_experiment,https://www.vlr.gg/matches,2026-05-05 01:19:39
664046,team-spire-vs-stallions-esports-challengers-2026-mena-resilience-pulse-stage-middle-east-lr1,https://www.vlr.gg/664046/team-spire-vs-stallions-esports-challengers-2026-mena-resilience-pulse-stage-middle-east-lr1,2026-05-06,2026-05-06 02:30:00,2:30 AM,Challengers 2026: MENA Resilience Pulse Stage - Middle East,Playoffs–Lower Round 1,Team Spire,SA,Stallions Esports,SA,,,,scheduled,,vlr_experiment,https://www.vlr.gg/matches,2026-05-05 01:19:39
661111,m80-vs-shopify-rebellion-black-challengers-2026-north-america-ace-stage-2-ubf,https://www.vlr.gg/661111/m80-vs-shopify-rebellion-black-challengers-2026-north-america-ace-stage-2-ubf,2026-05-06,2026-05-06 04:00:00,4:00 AM,Challengers 2026: North America ACE Stage 2,Playoffs–Upper Final,M80,US,Shopify Rebellion Black,US,,,,scheduled,,vlr_experiment,https://www.vlr.gg/matches,2026-05-05 01:19:39
668470,team-solid-vs-tbk-esports-challengers-2026-brazil-gamers-club-stage-2-w1,https://www.vlr.gg/668470/team-solid-vs-tbk-esports-challengers-2026-brazil-gamers-club-stage-2-w1,2026-05-06,2026-05-06 04:00:00,4:00 AM,Challengers 2026: Brazil Gamers Club Stage 2,Regular Phase–Week 1,Team Solid,BR,TBK Esports,BR,,,,scheduled,,vlr_experiment,https://www.vlr.gg/matches,2026-05-05 01:19:39
668471,peek-vs-abacatudos-challengers-2026-brazil-gamers-club-stage-2-w1,https://www.vlr.gg/668471/peek-vs-abacatudos-challengers-2026-brazil-gamers-club-stage-2-w1,2026-05-06,2026-05-06 04:00:00,4:00 AM,Challengers 2026: Brazil Gamers Club Stage 2,Regular Phase–Week 1,PEEK,BR,ABACATUDOS,BR,,,,scheduled,,vlr_experiment,https://www.vlr.gg/matches,2026-05-05 01:19:39
661117,tbd-challengers-2026-north-america-ace-stage-2-lr3,https://www.vlr.gg/661117/tbd-challengers-2026-north-america-ace-stage-2-lr3,2026-05-06,2026-05-06 07:00:00,7:00 AM,Challengers 2026: North America ACE Stage 2,Playoffs–Lower Round 3,TBD,UN,TBD,UN,,,,scheduled,,vlr_experiment,https://www.vlr.gg/matches,2026-05-05 01:19:39
668472,furia-academy-vs-f4tality-challengers-2026-brazil-gamers-club-stage-2-w1,https://www.vlr.gg/668472/furia-academy-vs-f4tality-challengers-2026-brazil-gamers-club-stage-2-w1,2026-05-06,2026-05-06 07:00:00,7:00 AM,Challengers 2026: Brazil Gamers Club Stage 2,Regular Phase–Week 1,FURIA Academy,BR,F4TALITY,BR,,,,scheduled,,vlr_experiment,https://www.vlr.gg/matches,2026-05-05 01:19:39
654971,gen-g-gc-vs-meikai-dolls-game-changers-2026-korea-split-1-gf,https://www.vlr.gg/654971/gen-g-gc-vs-meikai-dolls-game-changers-2026-korea-split-1-gf,2026-05-06,2026-05-06 16:00:00,4:00 PM,Game Changers 2026: Korea Split 1,Playoffs–Grand Final,Gen.G GC,KR,Meikai Dolls,KR,,,,scheduled,,vlr_experiment,https://www.vlr.gg/matches,2026-05-05 01:19:39
666340,tbd-game-changers-2026-japan-split-1-gf,https://www.vlr.gg/666340/tbd-game-changers-2026-japan-split-1-gf,2026-05-06,2026-05-06 16:00:00,4:00 PM,Game Changers 2026: Japan Split 1,Main Stage–Grand Final,TBD,UN,TBD,UN,,,,scheduled,,vlr_experiment,https://www.vlr.gg/matches,2026-05-05 01:19:39
660481,tbd-challengers-2026-sea-split-2-vietnam-qualifier-lr2,https://www.vlr.gg/660481/tbd-challengers-2026-sea-split-2-vietnam-qualifier-lr2,2026-05-06,2026-05-06 19:00:00,7:00 PM,Challengers 2026: SEA Split 2 - Vietnam Qualifier,Regionals–Lower Round 2,TBD,UN,TBD,UN,,,,scheduled,,vlr_experiment,https://www.vlr.gg/matches,2026-05-05 01:19:39
660482,tbd-challengers-2026-sea-split-2-vietnam-qualifier-lr2,https://www.vlr.gg/660482/tbd-challengers-2026-sea-split-2-vietnam-qualifier-lr2,2026-05-06,2026-05-06 21:00:00,9:00 PM,Challengers 2026: SEA Split 2 - Vietnam Qualifier,Regionals–Lower Round 2,TBD,UN,TBD,UN,,,,scheduled,,vlr_experiment,https://www.vlr.gg/matches,2026-05-05 01:19:39
657982,tbd-challengers-2026-north-east-stage-2-lr3,https://www.vlr.gg/657982/tbd-challengers-2026-north-east-stage-2-lr3,2026-05-06,2026-05-06 23:00:00,11:00 PM,Challengers 2026: NORTH//EAST Stage 2,Playoffs–Lower Round 3,TBD,UN,TBD,UN,,,,scheduled,,vlr_experiment,https://www.vlr.gg/matches,2026-05-05 01:19:39
666222,karmine-corp-gc-vs-twisted-minds-orchid-game-changers-2026-emea-stage-2-w2,https://www.vlr.gg/666222/karmine-corp-gc-vs-twisted-minds-orchid-game-changers-2026-emea-stage-2-w2,2026-05-06,2026-05-06 23:00:00,11:00 PM,Game Changers 2026: EMEA Stage 2,Group Stage–Week 2,Karmine Corp GC,EU,Twisted Minds Orchid,SA,,,,scheduled,,vlr_experiment,https://www.vlr.gg/matches,2026-05-05 01:19:39
666223,giantx-gc-vs-sk-nebula-game-changers-2026-emea-stage-2-w2,https://www.vlr.gg/666223/giantx-gc-vs-sk-nebula-game-changers-2026-emea-stage-2-w2,2026-05-06,2026-05-06 23:00:00,11:00 PM,Game Changers 2026: EMEA Stage 2,Group Stage–Week 2,GIANTX GC,EU,SK Nebula,EU,,,,scheduled,,vlr_experiment,https://www.vlr.gg/matches,2026-05-05 01:19:39
664808,tbd-challengers-2026-mena-resilience-pulse-stage-north-africa-ubf,https://www.vlr.gg/664808/tbd-challengers-2026-mena-resilience-pulse-stage-north-africa-ubf,2026-05-07,2026-05-07 00:00:00,12:00 AM,Challengers 2026: MENA Resilience Pulse Stage - North Africa,Playoffs–Upper Final,TBD,UN,TBD,UN,,,,scheduled,,vlr_experiment,https://www.vlr.gg/matches,2026-05-05 01:19:39
666224,gentle-mates-gc-vs-alternate-attax-ruby-game-changers-2026-emea-stage-2-w2,https://www.vlr.gg/666224/gentle-mates-gc-vs-alternate-attax-ruby-game-changers-2026-emea-stage-2-w2,2026-05-07,2026-05-07 02:00:00,2:00 AM,Game Changers 2026: EMEA Stage 2,Group Stage–Week 2,Gentle Mates GC,EU,ALTERNATE aTTaX Ruby,DE,,,,scheduled,,vlr_experiment,https://www.vlr.gg/matches?page=2,2026-05-05 01:19:39
666225,g2-gozen-vs-zennit-orange-gc-game-changers-2026-emea-stage-2-w2,https://www.vlr.gg/666225/g2-gozen-vs-zennit-orange-gc-game-changers-2026-emea-stage-2-w2,2026-05-07,2026-05-07 02:00:00,2:00 AM,Game Changers 2026: EMEA Stage 2,Group Stage–Week 2,G2 Gozen,EU,ZennIT Orange GC,EU,,,,scheduled,,vlr_experiment,https://www.vlr.gg/matches?page=2,2026-05-05 01:19:39
664810,tbd-challengers-2026-mena-resilience-pulse-stage-north-africa-lr1,https://www.vlr.gg/664810/tbd-challengers-2026-mena-resilience-pulse-stage-north-africa-lr1,2026-05-07,2026-05-07 02:30:00,2:30 AM,Challengers 2026: MENA Resilience Pulse Stage - North Africa,Playoffs–Lower Round 1,TBD,UN,TBD,UN,,,,scheduled,,vlr_experiment,https://www.vlr.gg/matches?page=2,2026-05-05 01:19:39
661118,tbd-challengers-2026-north-america-ace-stage-2-lbf,https://www.vlr.gg/661118/tbd-challengers-2026-north-america-ace-stage-2-lbf,2026-05-07,2026-05-07 04:00:00,4:00 AM,Challengers 2026: North America ACE Stage 2,Playoffs–Lower Final,TBD,UN,TBD,UN,,,,scheduled,,vlr_experiment,https://www.vlr.gg/matches?page=2,2026-05-05 01:19:39
668473,2game-esports-vs-elevate-challengers-2026-brazil-gamers-club-stage-2-w1,https://www.vlr.gg/668473/2game-esports-vs-elevate-challengers-2026-brazil-gamers-club-stage-2-w1,2026-05-07,2026-05-07 04:00:00,4:00 AM,Challengers 2026: Brazil Gamers Club Stage 2,Regular Phase–Week 1,2Game Esports,BR,ELEVATE,BR,,,,scheduled,,vlr_experiment,https://www.vlr.gg/matches?page=2,2026-05-05 01:19:39
665735,shopify-rebellion-gold-vs-puppy-thieves-game-changers-2026-north-america-stage-1-swiss-stage-r4,https://www.vlr.gg/665735/shopify-rebellion-gold-vs-puppy-thieves-game-changers-2026-north-america-stage-1-swiss-stage-r4,2026-05-07,2026-05-07 05:00:00,5:00 AM,Game Changers 2026: North America Stage 1,Swiss Stage–Round 4 (3-0),Shopify Rebellion Gold,CA,Puppy Thieves,US,,,,scheduled,,vlr_experiment,https://www.vlr.gg/matches?page=2,2026-05-05 01:19:39
668475,la-masia-vs-team-ego-challengers-2026-brazil-gamers-club-stage-2-w1,https://www.vlr.gg/668475/la-masia-vs-team-ego-challengers-2026-brazil-gamers-club-stage-2-w1,2026-05-07,2026-05-07 07:00:00,7:00 AM,Challengers 2026: Brazil Gamers Club Stage 2,Regular Phase–Week 1,LA MASIA,BR,TEAM EGO,BR,,,,scheduled,,vlr_experiment,https://www.vlr.gg/matches?page=2,2026-05-05 01:19:39
665739,frost-white-vs-hyperspeed-golden-game-changers-2026-north-america-stage-1-swiss-stage-r4-0-3,https://www.vlr.gg/665739/frost-white-vs-hyperspeed-golden-game-changers-2026-north-america-stage-1-swiss-stage-r4-0-3,2026-05-07,2026-05-07 07:30:00,7:30 AM,Game Changers 2026: North America Stage 1,Swiss Stage–Round 4 (0-3),Frost White,US,HyperSpeed Golden,UN,,,,scheduled,,vlr_experiment,https://www.vlr.gg/matches?page=2,2026-05-05 01:19:39
666488,rex-regum-qeon-vs-global-esports-vct-2026-pacific-stage-1-ur1,https://www.vlr.gg/666488/rex-regum-qeon-vs-global-esports-vct-2026-pacific-stage-1-ur1,2026-05-07,2026-05-07 16:00:00,4:00 PM,VCT 2026: Pacific Stage 1,Playoffs–Upper Round 1,Rex Regum Qeon,ID,Global Esports,IN,,,,scheduled,,vlr_experiment,https://www.vlr.gg/matches?page=2,2026-05-05 01:19:39
666489,kiwoom-drx-vs-full-sense-vct-2026-pacific-stage-1-ur1,https://www.vlr.gg/666489/kiwoom-drx-vs-full-sense-vct-2026-pacific-stage-1-ur1,2026-05-07,2026-05-07 18:00:00,6:00 PM,VCT 2026: Pacific Stage 1,Playoffs–Upper Round 1,Kiwoom DRX,KR,FULL SENSE,TH,,,,scheduled,,vlr_experiment,https://www.vlr.gg/matches?page=2,2026-05-05 01:19:39
657978,tbd-challengers-2026-north-east-stage-2-mbf,https://www.vlr.gg/657978/tbd-challengers-2026-north-east-stage-2-mbf,2026-05-07,2026-05-07 23:00:00,11:00 PM,Challengers 2026: NORTH//EAST Stage 2,Playoffs–Middle Final,TBD,UN,TBD,UN,,,,scheduled,,vlr_experiment,https://www.vlr.gg/matches?page=2,2026-05-05 01:19:39
660381,eternal-fire-vs-team-heretics-vct-2026-emea-stage-1-ur1,https://www.vlr.gg/660381/eternal-fire-vs-team-heretics-vct-2026-emea-stage-1-ur1,2026-05-07,2026-05-07 23:00:00,11:00 PM,VCT 2026: EMEA Stage 1,Playoffs–Upper Round 1,Eternal Fire,TR,Team Heretics,EU,,,,scheduled,,vlr_experiment,https://www.vlr.gg/matches?page=2,2026-05-05 01:19:39
666226,twisted-minds-orchid-vs-bar-a-esports-gc-game-changers-2026-emea-stage-2-w2,https://www.vlr.gg/666226/twisted-minds-orchid-vs-bar-a-esports-gc-game-changers-2026-emea-stage-2-w2,2026-05-07,2026-05-07 23:00:00,11:00 PM,Game Changers 2026: EMEA Stage 2,Group Stage–Week 2,Twisted Minds Orchid,SA,Barça eSports GC,ES,,,,scheduled,,vlr_experiment,https://www.vlr.gg/matches?page=2,2026-05-05 01:19:39
666227,gentle-mates-gc-vs-sk-nebula-game-changers-2026-emea-stage-2-w2,https://www.vlr.gg/666227/gentle-mates-gc-vs-sk-nebula-game-changers-2026-emea-stage-2-w2,2026-05-07,2026-05-07 23:00:00,11:00 PM,Game Changers 2026: EMEA Stage 2,Group Stage–Week 2,Gentle Mates GC,EU,SK Nebula,EU,,,,scheduled,,vlr_experiment,https://www.vlr.gg/matches?page=2,2026-05-05 01:19:39
660382,team-liquid-vs-team-vitality-vct-2026-emea-stage-1-ur1,https://www.vlr.gg/660382/team-liquid-vs-team-vitality-vct-2026-emea-stage-1-ur1,2026-05-08,2026-05-08 02:00:00,2:00 AM,VCT 2026: EMEA Stage 1,Playoffs–Upper Round 1,Team Liquid,EU,Team Vitality,EU,,,,scheduled,,vlr_experiment,https://www.vlr.gg/matches?page=2,2026-05-05 01:19:39
666228,giantx-gc-vs-alternate-attax-ruby-game-changers-2026-emea-stage-2-w2,https://www.vlr.gg/666228/giantx-gc-vs-alternate-attax-ruby-game-changers-2026-emea-stage-2-w2,2026-05-08,2026-05-08 02:00:00,2:00 AM,Game Changers 2026: EMEA Stage 2,Group Stage–Week 2,GIANTX GC,EU,ALTERNATE aTTaX Ruby,DE,,,,scheduled,,vlr_experiment,https://www.vlr.gg/matches?page=2,2026-05-05 01:19:39
666229,zennit-orange-gc-vs-fokus-sakura-game-changers-2026-emea-stage-2-w2,https://www.vlr.gg/666229/zennit-orange-gc-vs-fokus-sakura-game-changers-2026-emea-stage-2-w2,2026-05-08,2026-05-08 02:00:00,2:00 AM,Game Changers 2026: EMEA Stage 2,Group Stage–Week 2,ZennIT Orange GC,EU,FOKUS Sakura,DE,,,,scheduled,,vlr_experiment,https://www.vlr.gg/matches?page=2,2026-05-05 01:19:39
661112,tbd-challengers-2026-north-america-ace-stage-2-gf,https://www.vlr.gg/661112/tbd-challengers-2026-north-america-ace-stage-2-gf,2026-05-08,2026-05-08 04:00:00,4:00 AM,Challengers 2026: North America ACE Stage 2,Playoffs–Grand Final,TBD,UN,TBD,UN,,,,scheduled,,vlr_experiment,https://www.vlr.gg/matches?page=2,2026-05-05 01:19:39
666490,paper-rex-vs-tbd-vct-2026-pacific-stage-1-ubsf,https://www.vlr.gg/666490/paper-rex-vs-tbd-vct-2026-pacific-stage-1-ubsf,2026-05-08,2026-05-08 16:00:00,4:00 PM,VCT 2026: Pacific Stage 1,Playoffs–Upper Semifinals,Paper Rex,SG,TBD,UN,,,,scheduled,,vlr_experiment,https://www.vlr.gg/matches?page=2,2026-05-05 01:19:39
659480,xi-lai-gaming-vs-edward-gaming-vct-2026-china-stage-1-ubf,https://www.vlr.gg/659480/xi-lai-gaming-vs-edward-gaming-vct-2026-china-stage-1-ubf,2026-05-08,2026-05-08 17:00:00,5:00 PM,VCT 2026: China Stage 1,Playoffs–Upper Final,Xi Lai Gaming,CN,EDward Gaming,CN,,,,scheduled,,vlr_experiment,https://www.vlr.gg/matches?page=2,2026-05-05 01:19:39
666491,t1-vs-tbd-vct-2026-pacific-stage-1-ubsf,https://www.vlr.gg/666491/t1-vs-tbd-vct-2026-pacific-stage-1-ubsf,2026-05-08,2026-05-08 18:00:00,6:00 PM,VCT 2026: Pacific Stage 1,Playoffs–Upper Semifinals,T1,KR,TBD,UN,,,,scheduled,,vlr_experiment,https://www.vlr.gg/matches?page=2,2026-05-05 01:19:39
659486,tbd-vct-2026-china-stage-1-lr3,https://www.vlr.gg/659486/tbd-vct-2026-china-stage-1-lr3,2026-05-08,2026-05-08 19:00:00,7:00 PM,VCT 2026: China Stage 1,Playoffs–Lower Round 3,TBD,UN,TBD,UN,,,,scheduled,,vlr_experiment,https://www.vlr.gg/matches?page=2,2026-05-05 01:19:39
660383,fut-esports-vs-tbd-vct-2026-emea-stage-1-ubsf,https://www.vlr.gg/660383/fut-esports-vs-tbd-vct-2026-emea-stage-1-ubsf,2026-05-08,2026-05-08 23:00:00,11:00 PM,VCT 2026: EMEA Stage 1,Playoffs–Upper Semifinals,FUT Esports,TR,TBD,UN,,,,scheduled,,vlr_experiment,https://www.vlr.gg/matches?page=2,2026-05-05 01:19:39
660384,fnatic-vs-tbd-vct-2026-emea-stage-1-ubsf,https://www.vlr.gg/660384/fnatic-vs-tbd-vct-2026-emea-stage-1-ubsf,2026-05-09,2026-05-09 02:00:00,2:00 AM,VCT 2026: EMEA Stage 1,Playoffs–Upper Semifinals,FNATIC,EU,TBD,UN,,,,scheduled,,vlr_experiment,https://www.vlr.gg/matches?page=2,2026-05-05 01:19:39
645498,kr-esports-vs-evil-geniuses-vct-2026-americas-stage-1-w5,https://www.vlr.gg/645498/kr-esports-vs-evil-geniuses-vct-2026-americas-stage-1-w5,2026-05-09,2026-05-09 05:00:00,5:00 AM,VCT 2026: Americas Stage 1,Group Stage–Week 5,KRÜ Esports,AR,Evil Geniuses,US,,,,scheduled,,vlr_experiment,https://www.vlr.gg/matches?page=2,2026-05-05 01:19:39
645499,furia-vs-100-thieves-vct-2026-americas-stage-1-w5,https://www.vlr.gg/645499/furia-vs-100-thieves-vct-2026-americas-stage-1-w5,2026-05-09,2026-05-09 08:00:00,8:00 AM,VCT 2026: Americas Stage 1,Group Stage–Week 5,FURIA,BR,100 Thieves,US,,,,scheduled,,vlr_experiment,https://www.vlr.gg/matches?page=2,2026-05-05 01:19:39
666494,detonation-focusme-vs-tbd-vct-2026-pacific-stage-1-lr1,https://www.vlr.gg/666494/detonation-focusme-vs-tbd-vct-2026-pacific-stage-1-lr1,2026-05-09,2026-05-09 16:00:00,4:00 PM,VCT 2026: Pacific Stage 1,Playoffs–Lower Round 1,TBD,UN,DetonatioN FocusMe,JP,,,,scheduled,,vlr_experiment,https://www.vlr.gg/matches?page=2,2026-05-05 01:19:39
659487,tbd-vct-2026-china-stage-1-lbf,https://www.vlr.gg/659487/tbd-vct-2026-china-stage-1-lbf,2026-05-09,2026-05-09 17:00:00,5:00 PM,VCT 2026: China Stage 1,Playoffs–Lower Final,TBD,UN,TBD,UN,,,,scheduled,,vlr_experiment,https://www.vlr.gg/matches?page=2,2026-05-05 01:19:39
666495,nongshim-redforce-vs-tbd-vct-2026-pacific-stage-1-lr1,https://www.vlr.gg/666495/nongshim-redforce-vs-tbd-vct-2026-pacific-stage-1-lr1,2026-05-09,2026-05-09 18:00:00,6:00 PM,VCT 2026: Pacific Stage 1,Playoffs–Lower Round 1,TBD,UN,Nongshim RedForce,KR,,,,scheduled,,vlr_experiment,https://www.vlr.gg/matches?page=2,2026-05-05 01:19:39
660387,bbl-esports-vs-tbd-vct-2026-emea-stage-1-lr1,https://www.vlr.gg/660387/bbl-esports-vs-tbd-vct-2026-emea-stage-1-lr1,2026-05-09,2026-05-09 23:00:00,11:00 PM,VCT 2026: EMEA Stage 1,Playoffs–Lower Round 1,TBD,UN,BBL Esports,TR,,,,scheduled,,vlr_experiment,https://www.vlr.gg/matches?page=2,2026-05-05 01:19:39
660388,gentle-mates-vs-tbd-vct-2026-emea-stage-1-lr1,https://www.vlr.gg/660388/gentle-mates-vs-tbd-vct-2026-emea-stage-1-lr1,2026-05-10,2026-05-10 02:00:00,2:00 AM,VCT 2026: EMEA Stage 1,Playoffs–Lower Round 1,TBD,UN,Gentle Mates,EU,,,,scheduled,,vlr_experiment,https://www.vlr.gg/matches?page=2,2026-05-05 01:19:39
645500,g2-esports-vs-cloud9-vct-2026-americas-stage-1-w5,https://www.vlr.gg/645500/g2-esports-vs-cloud9-vct-2026-americas-stage-1-w5,2026-05-10,2026-05-10 05:00:00,5:00 AM,VCT 2026: Americas Stage 1,Group Stage–Week 5,G2 Esports,US,Cloud9,US,,,,scheduled,,vlr_experiment,https://www.vlr.gg/matches?page=2,2026-05-05 01:19:39
645501,envy-vs-mibr-vct-2026-americas-stage-1-w5,https://www.vlr.gg/645501/envy-vs-mibr-vct-2026-americas-stage-1-w5,2026-05-10,2026-05-10 08:00:00,8:00 AM,VCT 2026: Americas Stage 1,Group Stage–Week 5,ENVY,US,MIBR,BR,,,,scheduled,,vlr_experiment,https://www.vlr.gg/matches?page=2,2026-05-05 01:19:39
666496,tbd-vct-2026-pacific-stage-1-lr2,https://www.vlr.gg/666496/tbd-vct-2026-pacific-stage-1-lr2,2026-05-10,2026-05-10 16:00:00,4:00 PM,VCT 2026: Pacific Stage 1,Playoffs–Lower Round 2,TBD,UN,TBD,UN,,,,scheduled,,vlr_experiment,https://www.vlr.gg/matches?page=2,2026-05-05 01:19:39
659481,tbd-vct-2026-china-stage-1-gf,https://www.vlr.gg/659481/tbd-vct-2026-china-stage-1-gf,2026-05-10,2026-05-10 17:00:00,5:00 PM,VCT 2026: China Stage 1,Playoffs–Grand Final,TBD,UN,TBD,UN,,,,scheduled,,vlr_experiment,https://www.vlr.gg/matches?page=2,2026-05-05 01:19:39
666497,tbd-vct-2026-pacific-stage-1-lr2,https://www.vlr.gg/666497/tbd-vct-2026-pacific-stage-1-lr2,2026-05-10,2026-05-10 18:00:00,6:00 PM,VCT 2026: Pacific Stage 1,Playoffs–Lower Round 2,TBD,UN,TBD,UN,,,,scheduled,,vlr_experiment,https://www.vlr.gg/matches?page=2,2026-05-05 01:19:39
661070,reborn-vs-tbd-challengers-2026-t-rkiye-birlik-stage-2-gf,https://www.vlr.gg/661070/reborn-vs-tbd-challengers-2026-t-rkiye-birlik-stage-2-gf,2026-05-10,2026-05-10 22:30:00,10:30 PM,Challengers 2026: Türkiye Birlik Stage 2,Playoffs–Grand Final,REBORN,TR,TBD,UN,,,,scheduled,,vlr_experiment,https://www.vlr.gg/matches?page=2,2026-05-05 01:19:39
660389,tbd-vct-2026-emea-stage-1-lr2,https://www.vlr.gg/660389/tbd-vct-2026-emea-stage-1-lr2,2026-05-10,2026-05-10 23:00:00,11:00 PM,VCT 2026: EMEA Stage 1,Playoffs–Lower Round 2,TBD,UN,TBD,UN,,,,scheduled,,vlr_experiment,https://www.vlr.gg/matches?page=2,2026-05-05 01:19:39
660390,tbd-vct-2026-emea-stage-1-lr2,https://www.vlr.gg/660390/tbd-vct-2026-emea-stage-1-lr2,2026-05-11,2026-05-11 02:00:00,2:00 AM,VCT 2026: EMEA Stage 1,Playoffs–Lower Round 2,TBD,UN,TBD,UN,,,,scheduled,,vlr_experiment,https://www.vlr.gg/matches?page=2,2026-05-05 01:19:39
645502,loud-vs-leviat-n-vct-2026-americas-stage-1-w5,https://www.vlr.gg/645502/loud-vs-leviat-n-vct-2026-americas-stage-1-w5,2026-05-11,2026-05-11 05:00:00,5:00 AM,VCT 2026: Americas Stage 1,Group Stage–Week 5,LOUD,BR,LEVIATÁN,AR,,,,scheduled,,vlr_experiment,https://www.vlr.gg/matches?page=2,2026-05-05 01:19:39
645503,sentinels-vs-nrg-vct-2026-americas-stage-1-w5,https://www.vlr.gg/645503/sentinels-vs-nrg-vct-2026-americas-stage-1-w5,2026-05-11,2026-05-11 08:00:00,8:00 AM,VCT 2026: Americas Stage 1,Group Stage–Week 5,Sentinels,US,NRG,US,,,,scheduled,,vlr_experiment,https://www.vlr.gg/matches?page=2,2026-05-05 01:19:39
659576,tbd-challengers-2026-sea-split-2-indonesia-qualifier-lbf,https://www.vlr.gg/659576/tbd-challengers-2026-sea-split-2-indonesia-qualifier-lbf,2026-05-11,2026-05-11 19:00:00,7:00 PM,Challengers 2026: SEA Split 2 - Indonesia Qualifier,Regionals–Lower Final,TBD,UN,TBD,UN,,,,scheduled,,vlr_experiment,https://www.vlr.gg/matches?page=2,2026-05-05 01:19:39
659592,tbd-challengers-2026-sea-split-2-rest-of-sea-qualifier-lbf,https://www.vlr.gg/659592/tbd-challengers-2026-sea-split-2-rest-of-sea-qualifier-lbf,2026-05-11,2026-05-11 19:00:00,7:00 PM,Challengers 2026: SEA Split 2 - Rest of SEA Qualifier,Regionals–Lower Final,TBD,UN,TBD,UN,,,,scheduled,,vlr_experiment,https://www.vlr.gg/matches?page=2,2026-05-05 01:19:39
660449,tbd-challengers-2026-sea-split-2-philippines-qualifier-lbf,https://www.vlr.gg/660449/tbd-challengers-2026-sea-split-2-philippines-qualifier-lbf,2026-05-11,2026-05-11 19:00:00,7:00 PM,Challengers 2026: SEA Split 2 - Philippines Qualifier,Regionals–Lower Final,TBD,UN,TBD,UN,,,,scheduled,,vlr_experiment,https://www.vlr.gg/matches?page=2,2026-05-05 01:19:39
660498,tbd-challengers-2026-sea-split-2-thailand-qualifier-lbf,https://www.vlr.gg/660498/tbd-challengers-2026-sea-split-2-thailand-qualifier-lbf,2026-05-11,2026-05-11 19:00:00,7:00 PM,Challengers 2026: SEA Split 2 - Thailand Qualifier,Regionals–Lower Final,TBD,UN,TBD,UN,,,,scheduled,,vlr_experiment,https://www.vlr.gg/matches?page=2,2026-05-05 01:19:39
657971,tbd-challengers-2026-north-east-stage-2-ubf,https://www.vlr.gg/657971/tbd-challengers-2026-north-east-stage-2-ubf,2026-05-11,2026-05-11 23:00:00,11:00 PM,Challengers 2026: NORTH//EAST Stage 2,Playoffs–Upper Final,TBD,UN,TBD,UN,,,,scheduled,,vlr_experiment,https://www.vlr.gg/matches?page=2,2026-05-05 01:19:39
663065,otakar-esports-vs-tbd-challengers-2026-spain-rising-stage-3-phase-2-lbf,https://www.vlr.gg/663065/otakar-esports-vs-tbd-challengers-2026-spain-rising-stage-3-phase-2-lbf,2026-05-11,2026-05-11 23:00:00,11:00 PM,Challengers 2026: Spain Rising Stage 3,Phase 2–Lower Final,TBD,UN,Otakar Esports,ES,,,,scheduled,,vlr_experiment,https://www.vlr.gg/matches?page=2,2026-05-05 01:19:39
659570,tbd-challengers-2026-sea-split-2-indonesia-qualifier-gf,https://www.vlr.gg/659570/tbd-challengers-2026-sea-split-2-indonesia-qualifier-gf,2026-05-12,2026-05-12 19:00:00,7:00 PM,Challengers 2026: SEA Split 2 - Indonesia Qualifier,Regionals–Grand Final,TBD,UN,TBD,UN,,,,scheduled,,vlr_experiment,https://www.vlr.gg/matches?page=2,2026-05-05 01:19:39
659586,tbd-challengers-2026-sea-split-2-rest-of-sea-qualifier-gf,https://www.vlr.gg/659586/tbd-challengers-2026-sea-split-2-rest-of-sea-qualifier-gf,2026-05-12,2026-05-12 19:00:00,7:00 PM,Challengers 2026: SEA Split 2 - Rest of SEA Qualifier,Regionals–Grand Final,TBD,UN,TBD,UN,,,,scheduled,,vlr_experiment,https://www.vlr.gg/matches?page=2,2026-05-05 01:19:39
660443,tbd-challengers-2026-sea-split-2-philippines-qualifier-gf,https://www.vlr.gg/660443/tbd-challengers-2026-sea-split-2-philippines-qualifier-gf,2026-05-12,2026-05-12 19:00:00,7:00 PM,Challengers 2026: SEA Split 2 - Philippines Qualifier,Regionals–Grand Final,TBD,UN,TBD,UN,,,,scheduled,,vlr_experiment,https://www.vlr.gg/matches?page=2,2026-05-05 01:19:39
660492,tbd-challengers-2026-sea-split-2-thailand-qualifier-gf,https://www.vlr.gg/660492/tbd-challengers-2026-sea-split-2-thailand-qualifier-gf,2026-05-12,2026-05-12 19:00:00,7:00 PM,Challengers 2026: SEA Split 2 - Thailand Qualifier,Regionals–Grand Final,TBD,UN,TBD,UN,,,,scheduled,,vlr_experiment,https://www.vlr.gg/matches?page=3,2026-05-05 01:19:39
657983,tbd-challengers-2026-north-east-stage-2-lr4,https://www.vlr.gg/657983/tbd-challengers-2026-north-east-stage-2-lr4,2026-05-12,2026-05-12 23:00:00,11:00 PM,Challengers 2026: NORTH//EAST Stage 2,Playoffs–Lower Round 4,TBD,UN,TBD,UN,,,,scheduled,,vlr_experiment,https://www.vlr.gg/matches?page=3,2026-05-05 01:19:39
663057,ucam-esports-club-vs-tbd-challengers-2026-spain-rising-stage-3-phase-2-gf,https://www.vlr.gg/663057/ucam-esports-club-vs-tbd-challengers-2026-spain-rising-stage-3-phase-2-gf,2026-05-12,2026-05-12 23:00:00,11:00 PM,Challengers 2026: Spain Rising Stage 3,Phase 2–Grand Final,UCAM Esports Club,EU,TBD,UN,,,,scheduled,,vlr_experiment,https://www.vlr.gg/matches?page=3,2026-05-05 01:19:39
649789,tbd-challengers-2026-france-revolution-stage-2-gf,https://www.vlr.gg/649789/tbd-challengers-2026-france-revolution-stage-2-gf,2026-05-13,2026-05-13 00:00:00,12:00 AM,Challengers 2026: France Revolution Stage 2,Playoffs–Grand Final,TBD,UN,TBD,UN,,,,scheduled,,vlr_experiment,https://www.vlr.gg/matches?page=3,2026-05-05 01:19:39
664047,tbd-challengers-2026-mena-resilience-pulse-stage-middle-east-lbf,https://www.vlr.gg/664047/tbd-challengers-2026-mena-resilience-pulse-stage-middle-east-lbf,2026-05-13,2026-05-13 00:00:00,12:00 AM,Challengers 2026: MENA Resilience Pulse Stage - Middle East,Playoffs–Lower Final,TBD,UN,TBD,UN,,,,scheduled,,vlr_experiment,https://www.vlr.gg/matches?page=3,2026-05-05 01:19:39
664811,tbd-challengers-2026-mena-resilience-pulse-stage-north-africa-lbf,https://www.vlr.gg/664811/tbd-challengers-2026-mena-resilience-pulse-stage-north-africa-lbf,2026-05-13,2026-05-13 00:00:00,12:00 AM,Challengers 2026: MENA Resilience Pulse Stage - North Africa,Playoffs–Lower Final,TBD,UN,TBD,UN,,,,scheduled,,vlr_experiment,https://www.vlr.gg/matches?page=3,2026-05-05 01:19:39
668478,team-solid-vs-mibr-academy-challengers-2026-brazil-gamers-club-stage-2-w2,https://www.vlr.gg/668478/team-solid-vs-mibr-academy-challengers-2026-brazil-gamers-club-stage-2-w2,2026-05-13,2026-05-13 04:00:00,4:00 AM,Challengers 2026: Brazil Gamers Club Stage 2,Regular Phase–Week 2,Team Solid,BR,MIBR Academy,BR,,,,scheduled,,vlr_experiment,https://www.vlr.gg/matches?page=3,2026-05-05 01:19:39
668479,tbk-esports-vs-peek-challengers-2026-brazil-gamers-club-stage-2-w2,https://www.vlr.gg/668479/tbk-esports-vs-peek-challengers-2026-brazil-gamers-club-stage-2-w2,2026-05-13,2026-05-13 04:00:00,4:00 AM,Challengers 2026: Brazil Gamers Club Stage 2,Regular Phase–Week 2,TBK Esports,BR,PEEK,BR,,,,scheduled,,vlr_experiment,https://www.vlr.gg/matches?page=3,2026-05-05 01:19:39
668480,f4tality-vs-abacatudos-challengers-2026-brazil-gamers-club-stage-2-w2,https://www.vlr.gg/668480/f4tality-vs-abacatudos-challengers-2026-brazil-gamers-club-stage-2-w2,2026-05-13,2026-05-13 07:00:00,7:00 AM,Challengers 2026: Brazil Gamers Club Stage 2,Regular Phase–Week 2,F4TALITY,BR,ABACATUDOS,BR,,,,scheduled,,vlr_experiment,https://www.vlr.gg/matches?page=3,2026-05-05 01:19:39
657984,tbd-challengers-2026-north-east-stage-2-lbf,https://www.vlr.gg/657984/tbd-challengers-2026-north-east-stage-2-lbf,2026-05-13,2026-05-13 23:00:00,11:00 PM,Challengers 2026: NORTH//EAST Stage 2,Playoffs–Lower Final,TBD,UN,TBD,UN,,,,scheduled,,vlr_experiment,https://www.vlr.gg/matches?page=3,2026-05-05 01:19:39
664045,tbd-challengers-2026-mena-resilience-pulse-stage-middle-east-gf,https://www.vlr.gg/664045/tbd-challengers-2026-mena-resilience-pulse-stage-middle-east-gf,2026-05-14,2026-05-14 00:00:00,12:00 AM,Challengers 2026: MENA Resilience Pulse Stage - Middle East,Playoffs–Grand Final,TBD,UN,TBD,UN,,,,scheduled,,vlr_experiment,https://www.vlr.gg/matches?page=3,2026-05-05 01:19:39
668481,2game-esports-vs-intz-challengers-2026-brazil-gamers-club-stage-2-w2,https://www.vlr.gg/668481/2game-esports-vs-intz-challengers-2026-brazil-gamers-club-stage-2-w2,2026-05-14,2026-05-14 04:00:00,4:00 AM,Challengers 2026: Brazil Gamers Club Stage 2,Regular Phase–Week 2,2Game Esports,BR,INTZ,BR,,,,scheduled,,vlr_experiment,https://www.vlr.gg/matches?page=3,2026-05-05 01:19:39
668482,elevate-vs-red-canids-challengers-2026-brazil-gamers-club-stage-2-w2,https://www.vlr.gg/668482/elevate-vs-red-canids-challengers-2026-brazil-gamers-club-stage-2-w2,2026-05-14,2026-05-14 04:00:00,4:00 AM,Challengers 2026: Brazil Gamers Club Stage 2,Regular Phase–Week 2,ELEVATE,BR,RED Canids,BR,,,,scheduled,,vlr_experiment,https://www.vlr.gg/matches?page=3,2026-05-05 01:19:39
668483,team-ego-vs-team-liquid-brazil-challengers-2026-brazil-gamers-club-stage-2-w2,https://www.vlr.gg/668483/team-ego-vs-team-liquid-brazil-challengers-2026-brazil-gamers-club-stage-2-w2,2026-05-14,2026-05-14 07:00:00,7:00 AM,Challengers 2026: Brazil Gamers Club Stage 2,Regular Phase–Week 2,TEAM EGO,BR,Team Liquid Brazil,BR,,,,scheduled,,vlr_experiment,https://www.vlr.gg/matches?page=3,2026-05-05 01:19:39
657972,tbd-challengers-2026-north-east-stage-2-gf,https://www.vlr.gg/657972/tbd-challengers-2026-north-east-stage-2-gf,2026-05-14,2026-05-14 23:00:00,11:00 PM,Challengers 2026: NORTH//EAST Stage 2,Playoffs–Grand Final,TBD,UN,TBD,UN,,,,scheduled,,vlr_experiment,https://www.vlr.gg/matches?page=3,2026-05-05 01:19:39
664809,tbd-challengers-2026-mena-resilience-pulse-stage-north-africa-gf,https://www.vlr.gg/664809/tbd-challengers-2026-mena-resilience-pulse-stage-north-africa-gf,2026-05-15,2026-05-15 00:00:00,12:00 AM,Challengers 2026: MENA Resilience Pulse Stage - North Africa,Playoffs–Grand Final,TBD,UN,TBD,UN,,,,scheduled,,vlr_experiment,https://www.vlr.gg/matches?page=3,2026-05-05 01:19:39
660369,tbd-vct-2026-americas-stage-1-ur1,https://www.vlr.gg/660369/tbd-vct-2026-americas-stage-1-ur1,2026-05-15,2026-05-15 05:00:00,5:00 AM,VCT 2026: Americas Stage 1,Playoffs–Upper Round 1,TBD,UN,TBD,UN,,,,scheduled,,vlr_experiment,https://www.vlr.gg/matches?page=3,2026-05-05 01:19:39
660370,tbd-vct-2026-americas-stage-1-ur1,https://www.vlr.gg/660370/tbd-vct-2026-americas-stage-1-ur1,2026-05-15,2026-05-15 08:00:00,8:00 AM,VCT 2026: Americas Stage 1,Playoffs–Upper Round 1,TBD,UN,TBD,UN,,,,scheduled,,vlr_experiment,https://www.vlr.gg/matches?page=3,2026-05-05 01:19:39
660385,tbd-vct-2026-emea-stage-1-ubf,https://www.vlr.gg/660385/tbd-vct-2026-emea-stage-1-ubf,2026-05-15,2026-05-15 23:00:00,11:00 PM,VCT 2026: EMEA Stage 1,Playoffs–Upper Final,TBD,UN,TBD,UN,,,,scheduled,,vlr_experiment,https://www.vlr.gg/matches?page=3,2026-05-05 01:19:39
666498,tbd-vct-2026-pacific-stage-1-lr3,https://www.vlr.gg/666498/tbd-vct-2026-pacific-stage-1-lr3,2026-05-15,2026-05-15 00:00:00,TBD,VCT 2026: Pacific Stage 1,Playoffs–Lower Round 3,TBD,UN,TBD,UN,,,,scheduled,,vlr_experiment,https://www.vlr.gg/matches?page=3,2026-05-05 01:19:39
666492,tbd-vct-2026-pacific-stage-1-ubf,https://www.vlr.gg/666492/tbd-vct-2026-pacific-stage-1-ubf,2026-05-15,2026-05-15 00:00:00,TBD,VCT 2026: Pacific Stage 1,Playoffs–Upper Final,TBD,UN,TBD,UN,,,,scheduled,,vlr_experiment,https://www.vlr.gg/matches?page=3,2026-05-05 01:19:39
660391,tbd-vct-2026-emea-stage-1-lr3,https://www.vlr.gg/660391/tbd-vct-2026-emea-stage-1-lr3,2026-05-16,2026-05-16 02:00:00,2:00 AM,VCT 2026: EMEA Stage 1,Playoffs–Lower Round 3,TBD,UN,TBD,UN,,,,scheduled,,vlr_experiment,https://www.vlr.gg/matches?page=3,2026-05-05 01:19:39
660375,tbd-vct-2026-americas-stage-1-lr1,https://www.vlr.gg/660375/tbd-vct-2026-americas-stage-1-lr1,2026-05-16,2026-05-16 05:00:00,5:00 AM,VCT 2026: Americas Stage 1,Playoffs–Lower Round 1,TBD,UN,TBD,UN,,,,scheduled,,vlr_experiment,https://www.vlr.gg/matches?page=3,2026-05-05 01:19:39
660376,tbd-vct-2026-americas-stage-1-lr1,https://www.vlr.gg/660376/tbd-vct-2026-americas-stage-1-lr1,2026-05-16,2026-05-16 08:00:00,8:00 AM,VCT 2026: Americas Stage 1,Playoffs–Lower Round 1,TBD,UN,TBD,UN,,,,scheduled,,vlr_experiment,https://www.vlr.gg/matches?page=3,2026-05-05 01:19:39
666499,tbd-vct-2026-pacific-stage-1-lbf,https://www.vlr.gg/666499/tbd-vct-2026-pacific-stage-1-lbf,2026-05-16,2026-05-16 18:00:00,6:00 PM,VCT 2026: Pacific Stage 1,Playoffs–Lower Final,TBD,UN,TBD,UN,,,,scheduled,,vlr_experiment,https://www.vlr.gg/matches?page=3,2026-05-05 01:19:39
660392,tbd-vct-2026-emea-stage-1-lbf,https://www.vlr.gg/660392/tbd-vct-2026-emea-stage-1-lbf,2026-05-17,2026-05-17 00:00:00,12:00 AM,VCT 2026: EMEA Stage 1,Playoffs–Lower Final,TBD,UN,TBD,UN,,,,scheduled,,vlr_experiment,https://www.vlr.gg/matches?page=3,2026-05-05 01:19:39
660371,tbd-vct-2026-americas-stage-1-ubsf,https://www.vlr.gg/660371/tbd-vct-2026-americas-stage-1-ubsf,2026-05-17,2026-05-17 05:00:00,5:00 AM,VCT 2026: Americas Stage 1,Playoffs–Upper Semifinals,TBD,UN,TBD,UN,,,,scheduled,,vlr_experiment,https://www.vlr.gg/matches?page=3,2026-05-05 01:19:39
660372,tbd-vct-2026-americas-stage-1-ubsf,https://www.vlr.gg/660372/tbd-vct-2026-americas-stage-1-ubsf,2026-05-17,2026-05-17 08:00:00,8:00 AM,VCT 2026: Americas Stage 1,Playoffs–Upper Semifinals,TBD,UN,TBD,UN,,,,scheduled,,vlr_experiment,https://www.vlr.gg/matches?page=3,2026-05-05 01:19:39
666493,tbd-vct-2026-pacific-stage-1-gf,https://www.vlr.gg/666493/tbd-vct-2026-pacific-stage-1-gf,2026-05-17,2026-05-17 18:00:00,6:00 PM,VCT 2026: Pacific Stage 1,Playoffs–Grand Final,TBD,UN,TBD,UN,,,,scheduled,,vlr_experiment,https://www.vlr.gg/matches?page=3,2026-05-05 01:19:39
660386,tbd-vct-2026-emea-stage-1-gf,https://www.vlr.gg/660386/tbd-vct-2026-emea-stage-1-gf,2026-05-18,2026-05-18 00:00:00,12:00 AM,VCT 2026: EMEA Stage 1,Playoffs–Grand Final,TBD,UN,TBD,UN,,,,scheduled,,vlr_experiment,https://www.vlr.gg/matches?page=3,2026-05-05 01:19:39
660377,tbd-vct-2026-americas-stage-1-lr2,https://www.vlr.gg/660377/tbd-vct-2026-americas-stage-1-lr2,2026-05-18,2026-05-18 05:00:00,5:00 AM,VCT 2026: Americas Stage 1,Playoffs–Lower Round 2,TBD,UN,TBD,UN,,,,scheduled,,vlr_experiment,https://www.vlr.gg/matches?page=3,2026-05-05 01:19:39
660378,tbd-vct-2026-americas-stage-1-lr2,https://www.vlr.gg/660378/tbd-vct-2026-americas-stage-1-lr2,2026-05-18,2026-05-18 08:00:00,8:00 AM,VCT 2026: Americas Stage 1,Playoffs–Lower Round 2,TBD,UN,TBD,UN,,,,scheduled,,vlr_experiment,https://www.vlr.gg/matches?page=3,2026-05-05 01:19:39
660477,tbd-challengers-2026-sea-split-2-vietnam-qualifier-ubf,https://www.vlr.gg/660477/tbd-challengers-2026-sea-split-2-vietnam-qualifier-ubf,2026-05-18,2026-05-18 19:00:00,7:00 PM,Challengers 2026: SEA Split 2 - Vietnam Qualifier,Regionals–Upper Final,TBD,UN,TBD,UN,,,,scheduled,,vlr_experiment,https://www.vlr.gg/matches?page=3,2026-05-05 01:19:39
660483,tbd-challengers-2026-sea-split-2-vietnam-qualifier-lr3,https://www.vlr.gg/660483/tbd-challengers-2026-sea-split-2-vietnam-qualifier-lr3,2026-05-18,2026-05-18 21:00:00,9:00 PM,Challengers 2026: SEA Split 2 - Vietnam Qualifier,Regionals–Lower Round 3,TBD,UN,TBD,UN,,,,scheduled,,vlr_experiment,https://www.vlr.gg/matches?page=3,2026-05-05 01:19:39
660484,tbd-challengers-2026-sea-split-2-vietnam-qualifier-lbf,https://www.vlr.gg/660484/tbd-challengers-2026-sea-split-2-vietnam-qualifier-lbf,2026-05-19,2026-05-19 19:00:00,7:00 PM,Challengers 2026: SEA Split 2 - Vietnam Qualifier,Regionals–Lower Final,TBD,UN,TBD,UN,,,,scheduled,,vlr_experiment,https://www.vlr.gg/matches?page=3,2026-05-05 01:19:39
660478,tbd-challengers-2026-sea-split-2-vietnam-qualifier-gf,https://www.vlr.gg/660478/tbd-challengers-2026-sea-split-2-vietnam-qualifier-gf,2026-05-20,2026-05-20 19:00:00,7:00 PM,Challengers 2026: SEA Split 2 - Vietnam Qualifier,Regionals–Grand Final,TBD,UN,TBD,UN,,,,scheduled,,vlr_experiment,https://www.vlr.gg/matches?page=3,2026-05-05 01:19:39
660373,tbd-vct-2026-americas-stage-1-ubf,https://www.vlr.gg/660373/tbd-vct-2026-americas-stage-1-ubf,2026-05-23,2026-05-23 05:00:00,5:00 AM,VCT 2026: Americas Stage 1,Playoffs–Upper Final,TBD,UN,TBD,UN,,,,scheduled,,vlr_experiment,https://www.vlr.gg/matches?page=3,2026-05-05 01:19:39
660379,tbd-vct-2026-americas-stage-1-lr3,https://www.vlr.gg/660379/tbd-vct-2026-americas-stage-1-lr3,2026-05-23,2026-05-23 08:00:00,8:00 AM,VCT 2026: Americas Stage 1,Playoffs–Lower Round 3,TBD,UN,TBD,UN,,,,scheduled,,vlr_experiment,https://www.vlr.gg/matches?page=3,2026-05-05 01:19:39
660380,tbd-vct-2026-americas-stage-1-lbf,https://www.vlr.gg/660380/tbd-vct-2026-americas-stage-1-lbf,2026-05-24,2026-05-24 05:00:00,5:00 AM,VCT 2026: Americas Stage 1,Playoffs–Lower Final,TBD,UN,TBD,UN,,,,scheduled,,vlr_experiment,https://www.vlr.gg/matches?page=3,2026-05-05 01:19:39
660374,tbd-vct-2026-americas-stage-1-gf,https://www.vlr.gg/660374/tbd-vct-2026-americas-stage-1-gf,2026-05-25,2026-05-25 05:00:00,5:00 AM,VCT 2026: Americas Stage 1,Playoffs–Grand Final,TBD,UN,TBD,UN,,,,scheduled,,vlr_experiment,https://www.vlr.gg/matches?page=3,2026-05-05 01:19:39
668474,red-canids-vs-team-liquid-brazil-challengers-2026-brazil-gamers-club-stage-2-w1,https://www.vlr.gg/668474/red-canids-vs-team-liquid-brazil-challengers-2026-brazil-gamers-club-stage-2-w1,2026-06-07,2026-06-07 04:00:00,4:00 AM,Challengers 2026: Brazil Gamers Club Stage 2,Regular Phase–Week 1,RED Canids,BR,Team Liquid Brazil,BR,,,,scheduled,,vlr_experiment,https://www.vlr.gg/matches?page=3,2026-05-05 01:19:39
