player_id,player_name,team_id,team_name,role,avatar,source,fetched_at
perfect,PerfecT,kt_rolster,kt Rolster,TOP,https://static.lolesports.com/players/1769088904650_LCK_KT_PerfecT_F.png,merged,2026-05-01 18:39:18
cuzz,Cuzz,kt_rolster,kt Rolster,JUG,https://static.lolesports.com/players/1769088880566_LCK_KT_Cuzz_F.PNG,merged,2026-05-01 18:39:18
bdd,Bdd,kt_rolster,kt Rolster,MID,https://static.lolesports.com/players/1769088894551_LCK_KT_Bdd_F.PNG,merged,2026-05-01 18:39:18
deokdam,deokdam,dn_soopers,DN SOOPers,BOT,https://static.lolesports.com/players/1769090748726_LCK_DNS_deokdam_F.PNG,merged,2026-05-01 18:39:18
peter,Peter,dn_soopers,DN SOOPers,SUP,https://static.lolesports.com/players/1769090762247_LCK_DNS_Peter_F.PNG,merged,2026-05-01 18:39:18
doran,Doran,t1,T1,TOP,https://static.lolesports.com/players/1769087520664_LCK_T1_Doran_F.PNG,merged,2026-05-01 18:39:18
oner,Oner,t1,T1,JUG,https://static.lolesports.com/players/1769087509929_LCK_T1_Oner_F.PNG,merged,2026-05-01 18:39:18
faker,Faker,t1,T1,MID,https://static.lolesports.com/players/1769087499078_LCK_T1_Faker_F.PNG,merged,2026-05-01 18:39:18
gumayusi,Gumayusi,hanwha_life_esports,Hanwha Life Esports,BOT,https://static.lolesports.com/players/1769089421483_LCK_HLE_Gumayusi_F.PNG,merged,2026-05-01 18:39:18
keria,Keria,t1,T1,SUP,https://static.lolesports.com/players/1769087515444_LCK_T1_Keria_F.PNG,merged,2026-05-01 18:39:18
369,369,top_esports,TOP ESPORTS,TOP,https://static.lolesports.com/players/1768347704727_369.png,merged,2026-05-01 18:39:18
kanavi,Kanavi,hanwha_life_esports,Hanwha Life Esports,JUG,https://static.lolesports.com/players/1769089425886_LCK_HLE_Kanavi_F.PNG,merged,2026-05-01 18:39:18
creme,Creme,top_esports,TOP ESPORTS,MID,https://static.lolesports.com/players/1768347880178_creme.png,merged,2026-05-01 18:39:18
jackeylove,JackeyLove,top_esports,TOP ESPORTS,BOT,https://static.lolesports.com/players/1768348354504_jackeylove.png,merged,2026-05-01 18:39:18
hang,Hang,weibogaming,WeiboGaming,SUP,https://static.lolesports.com/players/1775225609143_hang.png,merged,2026-05-01 18:39:18
kiin,Kiin,gen_g_esports,Gen.G Esports,TOP,https://static.lolesports.com/players/1769089994377_LCK_GEN_Kiin_F.PNG,merged,2026-05-01 18:39:18
canyon,Canyon,gen_g_esports,Gen.G Esports,JUG,https://static.lolesports.com/players/1769090003713_LCK_GEN_Canyon_F.PNG,merged,2026-05-01 18:39:18
chovy,Chovy,gen_g_esports,Gen.G Esports,MID,https://static.lolesports.com/players/1769089983865_LCK_GEN_Chovy_F.PNG,merged,2026-05-01 18:39:18
ruler,Ruler,gen_g_esports,Gen.G Esports,BOT,https://static.lolesports.com/players/1769089998972_LCK_GEN_Ruler_F.PNG,merged,2026-05-01 18:39:18
duro,Duro,gen_g_esports,Gen.G Esports,SUP,https://static.lolesports.com/players/1769089989727_LCK_GEN_Duro_F.PNG,merged,2026-05-01 18:39:18
flandre,Flandre,anyone_s_legend,Anyone's Legend,TOP,https://static.lolesports.com/players/1768348080942_flandre.png,merged,2026-05-01 18:39:18
tarzan,Tarzan,anyone_s_legend,Anyone's Legend,JUG,https://static.lolesports.com/players/1768349186102_tarzan.png,merged,2026-05-01 18:39:18
shanks,Shanks,anyone_s_legend,Anyone's Legend,MID,https://static.lolesports.com/players/1768349057032_shanks.png,merged,2026-05-01 18:39:18
hope,Hope,anyone_s_legend,Anyone's Legend,BOT,https://static.lolesports.com/players/1768348315588_hope.png,merged,2026-05-01 18:39:18
kael,Kael,anyone_s_legend,Anyone's Legend,SUP,https://static.lolesports.com/players/1768348497910_kael.png,merged,2026-05-01 18:39:18
brokenblade,BrokenBlade,g2_esports,G2 Esports,TOP,https://static.lolesports.com/players/1768550002850_BrokenBlade-01.png,merged,2026-05-01 18:39:18
skewmond,SkewMond,g2_esports,G2 Esports,JUG,https://static.lolesports.com/players/1768549980779_Skewmond-01.png,merged,2026-05-01 18:39:18
caps,Caps,g2_esports,G2 Esports,MID,https://static.lolesports.com/players/1768549998426_Caps-01.png,merged,2026-05-01 18:39:18
hans_sama,Hans Sama,g2_esports,G2 Esports,BOT,https://static.lolesports.com/players/1768549994123_HansSama-01.png,merged,2026-05-01 18:39:18
labrov,Labrov,g2_esports,G2 Esports,SUP,https://static.lolesports.com/players/1768549989298_Labrov-01.png,merged,2026-05-01 18:39:18
driver,Driver,ctbc_flying_oyster,CTBC Flying Oyster,,,merged,2026-05-01 18:39:18
junjia,JunJia,beijing_jdg_esports,Beijing JDG Esports,JUG,https://static.lolesports.com/players/1768348461257_junjia.png,merged,2026-05-01 18:39:18
hongq,HongQ,beijing_jdg_esports,Beijing JDG Esports,MID,https://static.lolesports.com/players/1768348294988_hongq.png,merged,2026-05-01 18:39:18
doggo,Doggo,ctbc_flying_oyster,CTBC Flying Oyster,BOT,https://static.lolesports.com/players/1769232306480_Doggo.png,merged,2026-05-01 18:39:18
kaiwing,Kaiwing,vivo_keyd_stars,Vivo Keyd Stars,SUP,https://static.lolesports.com/players/1768376659562_image6141.png,merged,2026-05-01 18:39:18
rest,Rest,ctbc_flying_oyster,CTBC Flying Oyster,TOP,https://static.lolesports.com/players/1769232185565_Rest.png,merged,2026-05-01 18:39:18
zeus,Zeus,hanwha_life_esports,Hanwha Life Esports,TOP,https://static.lolesports.com/players/1769089435131_LCK_HLE_Zeus_F.PNG,merged,2026-05-01 18:39:18
peanut,Peanut,hanwha_life_esports,Hanwha Life eSports,,,merged,2026-05-01 18:39:18
zeka,Zeka,hanwha_life_esports,Hanwha Life Esports,MID,https://static.lolesports.com/players/1769089430303_LCK_HLE_Zeka_F.PNG,merged,2026-05-01 18:39:18
viper,Viper,bilibili_gaming,BILIBILI GAMING,BOT,https://static.lolesports.com/players/1768349250531_viper.png,merged,2026-05-01 18:39:18
delight,Delight,hanwha_life_esports,Hanwha Life Esports,SUP,https://static.lolesports.com/players/1769089417110_LCK_HLE_Delight_F.PNG,merged,2026-05-01 18:39:18
myrwn,Myrwn,movistar_koi,Movistar KOI,TOP,https://static.lolesports.com/players/1774652336923_myrwn.png,merged,2026-05-01 18:39:18
elyoya,Elyoya,movistar_koi,Movistar KOI,JUG,https://static.lolesports.com/players/1774651428253_elyoya.png,merged,2026-05-01 18:39:18
jojopyun,Jojopyun,movistar_koi,Movistar KOI,MID,https://static.lolesports.com/players/1774651666226_jojopyun.png,merged,2026-05-01 18:39:18
supa,Supa,movistar_koi,Movistar KOI,BOT,https://static.lolesports.com/players/1774652617630_supa.png,merged,2026-05-01 18:39:18
alvaro,Alvaro,movistar_koi,Movistar KOI,SUP,https://static.lolesports.com/players/1774651304778_alvaro.png,merged,2026-05-01 18:39:18
bin,Bin,bilibili_gaming,BILIBILI GAMING,TOP,https://static.lolesports.com/players/1768347827679_bin.png,merged,2026-05-01 18:39:18
shad0w,Shad0w,ctbc_flying_oyster,CTBC Flying Oyster,JUG,https://static.lolesports.com/players/1769232218550_Shad0w.png,merged,2026-05-01 18:39:18
knight,Knight,bilibili_gaming,BILIBILI GAMING,MID,https://static.lolesports.com/players/1768348559860_knight.png,merged,2026-05-01 18:39:18
elk,Elk,weibogaming,WeiboGaming,BOT,https://static.lolesports.com/players/1768347950403_elk.png,merged,2026-05-01 18:39:18
on,ON,bilibili_gaming,BILIBILI GAMING,SUP,https://static.lolesports.com/players/1768348897219_on.png,merged,2026-05-01 18:39:18
beichuan,Beichuan,bilibili_gaming,Bilibili Gaming,,,merged,2026-05-01 18:39:18
bwipo,Bwipo,flyquest,FlyQuest,,,merged,2026-05-01 18:39:18
inspired,Inspired,lyon,LYON,JUG,https://static.lolesports.com/players/1769150137024_AME_LCS26S1_LYON_INSPIRED.png,merged,2026-05-01 18:39:18
quad,Quad,flyquest,FlyQuest,MID,https://static.lolesports.com/players/1769150064862_AME_LCS26S1_FLY_QUAD.png,merged,2026-05-01 18:39:18
massu,Massu,flyquest,FlyQuest,BOT,https://static.lolesports.com/players/1769150023296_AME_LCS26S1_FLY_MASSU.png,merged,2026-05-01 18:39:18
busio,Busio,karmine_corp,Karmine Corp,SUP,https://static.lolesports.com/players/1774651329556_busio.png,merged,2026-05-01 18:39:18
dhokla,Dhokla,lyon,LYON,TOP,https://static.lolesports.com/players/1769150098659_AME_LCS26S1_LYON_DHOKLA.png,merged,2026-05-01 18:39:18
river,River,100_thieves,100 Thieves,,,merged,2026-05-01 18:39:18
quid,Quid,team_liquid_alienware,Team Liquid Alienware,MID,https://static.lolesports.com/players/1769150548420_AME_LCS26S1_TL_QUID.png,merged,2026-05-01 18:39:18
fbi,FBI,dignitas,Dignitas,BOT,https://static.lolesports.com/players/1753349110894_image6224.png,merged,2026-05-01 18:39:18
eyla,Eyla,100_thieves,100 Thieves,,,merged,2026-05-01 18:39:18
boal,Boal,pain_gaming,paiN Gaming,TOP,https://static.lolesports.com/players/1777612808966_BoalpaiN.png,merged,2026-05-01 18:39:18
disamis,Disamis,vivo_keyd_stars,Vivo Keyd Stars,JUG,https://static.lolesports.com/players/1754037442082_disamis.png,merged,2026-05-01 18:39:18
mireu,Mireu,vivo_keyd_stars,Vivo Keyd Stars,MID,https://static.lolesports.com/players/1754037358233_mireu.png,merged,2026-05-01 18:39:18
morttheus,Morttheus,red_canids_kalunga,RED Canids Kalunga,BOT,https://static.lolesports.com/players/1754037391847_morttheus.png,merged,2026-05-01 18:39:18
trymbi,Trymbi,shifters,Shifters,SUP,https://static.lolesports.com/players/1768550915779_Trymbi-01.png,merged,2026-05-01 18:39:18
pun,Pun,team_secret_whales,Team Secret Whales,TOP,https://static.lolesports.com/players/1775221968161_Pun.png,merged,2026-05-01 18:39:18
hizto,Hizto,team_secret_whales,Team Secret Whales,JUG,https://static.lolesports.com/players/1775221973791_Hizto.png,merged,2026-05-01 18:39:18
dire,Dire,team_secret_whales,Team Secret Whales,MID,https://static.lolesports.com/players/1775221979037_Dire.png,merged,2026-05-01 18:39:18
eddie,Eddie,team_secret_whales,Team Secret Whales,BOT,https://static.lolesports.com/players/1775221984176_Eddie.png,merged,2026-05-01 18:39:18
taki,Taki,gam_esports,GAM Esports,SUP,https://static.lolesports.com/players/1769231527706_Taki.png,merged,2026-05-01 18:39:18
hiro02,Hiro02,team_secret_whales,Team Secret Whales,TOP,https://static.lolesports.com/players/1775221962636_Hiro02.png,merged,2026-05-01 18:39:18
oscarinin,Oscarinin,fnatic,Fnatic,,,merged,2026-05-01 18:39:18
razork,Razork,fnatic,Fnatic,JUG,https://static.lolesports.com/players/1774652486277_razork.png,merged,2026-05-01 18:39:18
poby,Poby,natus_vincere,Natus Vincere,MID,https://static.lolesports.com/players/1774652447812_poby.png,merged,2026-05-01 18:39:18
upset,Upset,fnatic,Fnatic,BOT,https://static.lolesports.com/players/1774652671712_upset.png,merged,2026-05-01 18:39:18
mikyx,Mikyx,sk_gaming,SK Gaming,SUP,https://static.lolesports.com/players/1774652311878_mikyx.png,merged,2026-05-01 18:39:18
azhi,Azhi,psg_talon,PSG Talon,,,merged,2026-05-01 18:39:18
karsa,Karsa,psg_talon,PSG Talon,,,merged,2026-05-01 18:39:18
maple,Maple,psg_talon,PSG Talon,,,merged,2026-05-01 18:39:18
betty,Betty,psg_talon,PSG Talon,,,merged,2026-05-01 18:39:18
woody,Woody,detonation_focusme,DetonatioN FocusMe,SUP,https://static.lolesports.com/players/1775222058551_Woody.png,merged,2026-05-01 18:39:18
kemish,Kemish,gen_g_esports,Gen.G Esports,MID,https://static.lolesports.com/players/1769088100524_image6-2026-01-22T142115.940.png,merged,2026-05-01 18:39:18
siriuss,SIRIUSS,gen_g_esports,Gen.G Esports,SUP,https://static.lolesports.com/players/1769087912320_image6-2026-01-22T141807.421.png,merged,2026-05-01 18:39:18
ripple,Ripple,gen_g_esports,Gen.G Esports,TOP,https://static.lolesports.com/players/1769087975904_image6-2026-01-22T141912.328.png,merged,2026-05-01 18:39:18
courage,Courage,gen_g_esports,Gen.G Esports,JUG,https://static.lolesports.com/players/1769088040791_image6-2026-01-22T142015.564.png,merged,2026-05-01 18:39:18
mudai,MUDAI,gen_g_esports,Gen.G Esports,BOT,https://static.lolesports.com/players/1769088228177_image6-2026-01-22T142317.010.png,merged,2026-05-01 18:39:18
lumos,Lumos,gen_g_esports,Gen.G Esports,SUP,https://static.lolesports.com/players/1769088159344_image6-2026-01-22T142218.990.png,merged,2026-05-01 18:39:18
cracker,Cracker,hanwha_life_esports,Hanwha Life Esports,MID,https://static.lolesports.com/players/1769086419226_image6-2026-01-22T135315.938.png,merged,2026-05-01 18:39:18
valiant,Valiant,hanwha_life_esports,Hanwha Life Esports,MID,https://static.lolesports.com/players/1769086142550_image6-2026-01-22T134839.572.png,merged,2026-05-01 18:39:18
panther,Panther,hanwha_life_esports,Hanwha Life Esports,TOP,https://static.lolesports.com/players/1769086291531_image6-2026-01-22T135105.756.png,merged,2026-05-01 18:39:18
bluffing,Bluffing,hanwha_life_esports,Hanwha Life Esports,SUP,https://static.lolesports.com/players/1769086484481_image6-2026-01-22T135420.093.png,merged,2026-05-01 18:39:18
jackal,Jackal,hanwha_life_esports,Hanwha Life Esports,JUG,https://static.lolesports.com/players/1769086354742_image6-2026-01-22T135205.457.png,merged,2026-05-01 18:39:18
pyeonsik,Pyeonsik,hanwha_life_esports,Hanwha Life Esports,BOT,https://static.lolesports.com/players/1769086215440_image6-2026-01-22T134944.828.png,merged,2026-05-01 18:39:18
tatu,Tatu,furia,FURIA,JUG,https://static.lolesports.com/players/1768377973487_image6432.png,merged,2026-05-01 18:39:18
guigo,Guigo,furia,FURIA,TOP,https://static.lolesports.com/players/1768377882077_image6339.png,merged,2026-05-01 18:39:18
jojo,JoJo,furia,FURIA,SUP,https://static.lolesports.com/players/1768378248120_image692.png,merged,2026-05-01 18:39:18
tutsz,Tutsz,furia,FURIA,MID,https://static.lolesports.com/players/1768378048091_image6433.png,merged,2026-05-01 18:39:18
ayu,Ayu,furia,FURIA,BOT,https://static.lolesports.com/players/1768378148557_image6712.png,merged,2026-05-01 18:39:18
kakkun,Kakkun,detonation_focusme,DetonatioN FocusMe,BOT,https://static.lolesports.com/players/1769232593112_Kakkun.png,merged,2026-05-01 18:39:18
rayfarky,RayFarky,detonation_focusme,DetonatioN FocusMe,TOP,https://static.lolesports.com/players/1769232447148_RayFarky.png,merged,2026-05-01 18:39:18
citrus,Citrus,detonation_focusme,DetonatioN FocusMe,JUG,https://static.lolesports.com/players/1769232495781_Citrus.png,merged,2026-05-01 18:39:18
momo,Momo,detonation_focusme,DetonatioN FocusMe,TOP,https://static.lolesports.com/players/1775222047156_Momo.png,merged,2026-05-01 18:39:18
fisher,Fisher,detonation_focusme,DetonatioN FocusMe,MID,https://static.lolesports.com/players/1775222053402_Fisher.png,merged,2026-05-01 18:39:18
showmaker,ShowMaker,dplus_kia,Dplus KIA,MID,https://static.lolesports.com/players/1769090991978_LCK_DK_Showmaker_F.PNG,merged,2026-05-01 18:39:18
wayne,Wayne,dplus_kia,Dplus KIA,BOT,https://static.lolesports.com/players/1769089494861_image6-2026-01-22T144431.139.png,merged,2026-05-01 18:39:18
siwoo,Siwoo,dplus_kia,Dplus KIA,TOP,https://static.lolesports.com/players/1769090987431_LCK_DK_Siwoo_F.PNG,merged,2026-05-01 18:39:18
loopy,Loopy,dplus_kia,Dplus KIA,SUP,https://static.lolesports.com/players/1769089723144_image6-2026-01-22T144756.107.png,merged,2026-05-01 18:39:18
lucid,Lucid,dplus_kia,Dplus KIA,JUG,https://static.lolesports.com/players/1769090996535_LCK_DK_Lucid_F.PNG,merged,2026-05-01 18:39:18
sharvel,Sharvel,dplus_kia,Dplus KIA,JUG,https://static.lolesports.com/players/1769089838090_image6-2026-01-22T145017.335.png,merged,2026-05-01 18:39:18
smash,Smash,dplus_kia,Dplus KIA,BOT,https://static.lolesports.com/players/1769090981842_LCK_DK_Smash_F.PNG,merged,2026-05-01 18:39:18
career,Career,dplus_kia,Dplus KIA,SUP,https://static.lolesports.com/players/1769091001046_LCK_DK_Career_F.PNG,merged,2026-05-01 18:39:18
nevid,Nevid,dplus_kia,Dplus KIA,TOP,https://static.lolesports.com/players/1769089783078_image6-2026-01-22T144919.671.png,merged,2026-05-01 18:39:18
jaehyuk,Jaehyuk,dplus_kia,Dplus KIA,TOP,https://static.lolesports.com/players/1769089631457_image6-2026-01-22T144643.456.png,merged,2026-05-01 18:39:18
garden,Garden,dplus_kia,Dplus KIA,MID,https://static.lolesports.com/players/1769089555344_image6-2026-01-22T144534.879.png,merged,2026-05-01 18:39:18
vicla,VicLa,bnk_fearx,BNK FEARX,MID,https://static.lolesports.com/players/1769091444387_LCK_BFX_VicLa_F.PNG,merged,2026-05-01 18:39:18
kellin,Kellin,bnk_fearx,BNK FEARX,SUP,https://static.lolesports.com/players/1769091436066_LCK_BFX_Kellin_F.PNG,merged,2026-05-01 18:39:18
kangin,Kangin,bnk_fearx,BNK FEARX,TOP,https://static.lolesports.com/players/1769090667320_image6-2026-01-22T150401.262.png,merged,2026-05-01 18:39:18
zephyr,Zephyr,bnk_fearx,BNK FEARX,JUG,https://static.lolesports.com/players/1769090492602_image6-2026-01-22T150110.156.png,merged,2026-05-01 18:39:18
fiesta,FIESTA,bnk_fearx,BNK FEARX,MID,https://static.lolesports.com/players/1769090609618_image6-2026-01-22T150306.535.png,merged,2026-05-01 18:39:18
slayer,Slayer,bnk_fearx,BNK FEARX,BOT,https://static.lolesports.com/players/1769090556098_image6-2026-01-22T150207.367.png,merged,2026-05-01 18:39:18
luon,Luon,bnk_fearx,BNK FEARX,SUP,https://static.lolesports.com/players/1769090720455_image6-2026-01-22T150458.891.png,merged,2026-05-01 18:39:18
taeyoon,Taeyoon,bnk_fearx,BNK FEARX,BOT,https://static.lolesports.com/players/1769088320525_LCK_NS_Taeyoon_F.PNG,merged,2026-05-01 18:39:18
daystar,Daystar,bnk_fearx,BNK FEARX,MID,https://static.lolesports.com/players/1769091448891_LCK_BFX_Daystar_F.PNG,merged,2026-05-01 18:39:18
clear,Clear,bnk_fearx,BNK FEARX,TOP,https://static.lolesports.com/players/1769091426725_LCK_BFX_Clear_F.png,merged,2026-05-01 18:39:18
raptor,Raptor,bnk_fearx,BNK FEARX,JUG,https://static.lolesports.com/players/1769091440054_LCK_BFX_Raptor_F.PNG,merged,2026-05-01 18:39:18
eanz,eanz,sk_gaming,SK Gaming,JUG,https://static.lolesports.com/players/1774652595033_skeanz.png,merged,2026-05-01 18:39:18
wunder,Wunder,sk_gaming,SK Gaming,TOP,https://static.lolesports.com/players/1774652747959_wunder.png,merged,2026-05-01 18:39:18
lider,LIDER,sk_gaming,SK Gaming,MID,https://static.lolesports.com/players/1774652028497_lider.png,merged,2026-05-01 18:39:18
jopa,Jopa,sk_gaming,SK Gaming,BOT,https://static.lolesports.com/players/1774651949013_jopa.png,merged,2026-05-01 18:39:18
jackies,Jackies,giantx,GIANTX,MID,https://static.lolesports.com/players/1774651628897_jackies.png,merged,2026-05-01 18:39:18
isma,ISMA,giantx,GIANTX,JUG,https://static.lolesports.com/players/1774651596907_isma.png,merged,2026-05-01 18:39:18
lot,Lot,giantx,GIANTX,TOP,https://static.lolesports.com/players/1774652144804_lot.png,merged,2026-05-01 18:39:18
noah,Noah,giantx,GIANTX,BOT,https://static.lolesports.com/players/1774652391494_noah.png,merged,2026-05-01 18:39:18
jun,Jun,giantx,GIANTX,SUP,https://static.lolesports.com/players/1774651978347_jun.png,merged,2026-05-01 18:39:18
junhao,Junhao,thunder_talk_gaming,THUNDER TALK GAMING,JUG,https://static.lolesports.com/players/1768348442737_junhao.png,merged,2026-05-01 18:39:18
ryan3,Ryan3,thunder_talk_gaming,THUNDER TALK GAMING,BOT,https://static.lolesports.com/players/1768348970908_ryan3.png,merged,2026-05-01 18:39:18
keshi,Keshi,thunder_talk_gaming,THUNDER TALK GAMING,TOP,https://static.lolesports.com/players/1768348535779_keshi.png,merged,2026-05-01 18:39:18
heru,Heru,thunder_talk_gaming,THUNDER TALK GAMING,MID,https://static.lolesports.com/players/1768348275758_heru.png,merged,2026-05-01 18:39:18
feather,Feather,thunder_talk_gaming,THUNDER TALK GAMING,SUP,https://static.lolesports.com/players/1768347992987_feather.png,merged,2026-05-01 18:39:18
ahn,Ahn,thunder_talk_gaming,THUNDER TALK GAMING,BOT,https://static.lolesports.com/players/1775225468701_ahn.png,merged,2026-05-01 18:39:18
hoya,Hoya,shenzhen_ninjas_in_pyjamas,Shenzhen NINJAS IN PYJAMAS,TOP,https://static.lolesports.com/players/1768348332479_hoya.png,merged,2026-05-01 18:39:18
assum,Assum,shenzhen_ninjas_in_pyjamas,Shenzhen NINJAS IN PYJAMAS,BOT,https://static.lolesports.com/players/1768347811166_assum.png,merged,2026-05-01 18:39:18
zhuo,Zhuo,shenzhen_ninjas_in_pyjamas,Shenzhen NINJAS IN PYJAMAS,SUP,https://static.lolesports.com/players/1768349462733_zhuo.png,merged,2026-05-01 18:39:18
care,Care,shenzhen_ninjas_in_pyjamas,Shenzhen NINJAS IN PYJAMAS,MID,https://static.lolesports.com/players/1768347863404_care.png,merged,2026-05-01 18:39:18
guwon,Guwon,shenzhen_ninjas_in_pyjamas,Shenzhen NINJAS IN PYJAMAS,JUG,https://static.lolesports.com/players/1768348142810_guwon.png,merged,2026-05-01 18:39:18
89,89,v3_esports,V3 Esports,JUG,https://static.lolesports.com/players/default-headshot.png,merged,2026-05-01 18:39:18
ezman,ezman,v3_esports,V3 Esports,BOT,https://static.lolesports.com/players/1727472117204_default-headshot.png,merged,2026-05-01 18:39:18
sh1vq,Sh1vq,v3_esports,V3 Esports,SUP,https://static.lolesports.com/players/default-headshot.png,merged,2026-05-01 18:39:18
sucuranbul,sucuranbul,v3_esports,V3 Esports,MID,https://static.lolesports.com/players/default-headshot.png,merged,2026-05-01 18:39:18
taicho,Taicho,v3_esports,V3 Esports,TOP,https://static.lolesports.com/players/default-headshot.png,merged,2026-05-01 18:39:18
acee,Acee,v3_esports,V3 Esports,NONE,https://static.lolesports.com/players/1713340587727_LJL_Portraits_lolesports_V3_ACEE.png,merged,2026-05-01 18:39:18
awaker,Awaker,v3_esports,V3 Esports,NONE,https://static.lolesports.com/players/1630064593878_darkimage_1.png,merged,2026-05-01 18:39:18
calix,Calix,nongshim_red_force,NONGSHIM RED FORCE,MID,https://static.lolesports.com/players/1769088332489_LCK_NS_Calix_F.png,merged,2026-05-01 18:39:18
lehends,Lehends,nongshim_red_force,NONGSHIM RED FORCE,SUP,https://static.lolesports.com/players/1769088308486_LCK_NS_Lehends_F.PNG,merged,2026-05-01 18:39:18
lucy,Lucy,nongshim_red_force,NONGSHIM RED FORCE,BOT,https://static.lolesports.com/players/1769084487004_image6-2026-01-22T132101.252.png,merged,2026-05-01 18:39:18
pleata,Pleata,nongshim_red_force,NONGSHIM RED FORCE,SUP,https://static.lolesports.com/players/1769084677995_image6-2026-01-22T132347.123.png,merged,2026-05-01 18:39:18
kingen,Kingen,nongshim_red_force,NONGSHIM RED FORCE,TOP,https://static.lolesports.com/players/1769088303035_LCK_NS_Kingen_F.PNG,merged,2026-05-01 18:39:18
sponge,Sponge,nongshim_red_force,NONGSHIM RED FORCE,JUG,https://static.lolesports.com/players/1769088325879_LCK_NS_Sponge_F.PNG,merged,2026-05-01 18:39:18
scout,Scout,nongshim_red_force,NONGSHIM RED FORCE,MID,https://static.lolesports.com/players/1769088313446_LCK_NS_Scout_F.png,merged,2026-05-01 18:39:18
janus,Janus,nongshim_red_force,NONGSHIM RED FORCE,TOP,https://static.lolesports.com/players/1769084399354_image6-2026-01-22T131901.879.png,merged,2026-05-01 18:39:18
setab,SeTab,nongshim_red_force,NONGSHIM RED FORCE,MID,https://static.lolesports.com/players/1769084751769_image6-2026-01-22T132525.809.png,merged,2026-05-01 18:39:18
mihawk,MihawK,nongshim_red_force,NONGSHIM RED FORCE,JUG,https://static.lolesports.com/players/1769084566201_image6-2026-01-22T132214.656.png,merged,2026-05-01 18:39:18
diable,Diable,nongshim_red_force,NONGSHIM RED FORCE,BOT,https://static.lolesports.com/players/1769091431467_LCK_BFX_Diable_F.PNG,merged,2026-05-01 18:39:18
hena,Hena,ultra_prime,Ultra Prime,BOT,https://static.lolesports.com/players/1768348186744_hena.png,merged,2026-05-01 18:39:18
sasii,sasii,ultra_prime,Ultra Prime,TOP,https://static.lolesports.com/players/1775225838229_sasi.png,merged,2026-05-01 18:39:18
climber,climber,ultra_prime,Ultra Prime,JUG,https://static.lolesports.com/players/1775225552923_climber.png,merged,2026-05-01 18:39:18
xiaoxia,Xiaoxia,ultra_prime,Ultra Prime,SUP,https://static.lolesports.com/players/1768349338912_xiaoxia.png,merged,2026-05-01 18:39:18
saber,Saber,ultra_prime,Ultra Prime,MID,https://static.lolesports.com/players/1768348992461_saber.png,merged,2026-05-01 18:39:18
marble,Marble,fukuoka_softbank_hawks_gaming,Fukuoka SoftBank HAWKS gaming,BOT,https://static.lolesports.com/players/1769232849627_Marble.png,merged,2026-05-01 18:39:18
aria,Aria,fukuoka_softbank_hawks_gaming,Fukuoka SoftBank HAWKS gaming,MID,https://static.lolesports.com/players/1769232791302_Aria.png,merged,2026-05-01 18:39:18
vsta,Vsta,fukuoka_softbank_hawks_gaming,Fukuoka SoftBank HAWKS gaming,SUP,https://static.lolesports.com/players/1769232878116_Vsta.png,merged,2026-05-01 18:39:18
evi,Evi,fukuoka_softbank_hawks_gaming,Fukuoka SoftBank HAWKS gaming,TOP,https://static.lolesports.com/players/1769232705840_Evi.png,merged,2026-05-01 18:39:18
van1,Van1,fukuoka_softbank_hawks_gaming,Fukuoka SoftBank HAWKS gaming,JUG,https://static.lolesports.com/players/1769232750898_Van1.png,merged,2026-05-01 18:39:18
supercleber,SuperCleber,estral_esports,Estral Esports,TOP,https://static.lolesports.com/players/1717083988539_SuperCleber.png,merged,2026-05-01 18:39:18
sinatra,Sinatra,estral_esports,Estral Esports,JUG,https://static.lolesports.com/players/default-headshot.png,merged,2026-05-01 18:39:18
kisee,Kisee,estral_esports,Estral Esports,MID,https://static.lolesports.com/players/1754037520290_kise.png,merged,2026-05-01 18:39:18
telas,Telas,estral_esports,Estral Esports,SUP,https://static.lolesports.com/players/1717438500900_Telas.png,merged,2026-05-01 18:39:18
brance,Brance,estral_esports,Estral Esports,BOT,https://static.lolesports.com/players/1737725848249_image635.png,merged,2026-05-01 18:39:18
uzent,uZent,loud,LOUD,SUP,https://static.lolesports.com/players/1777199256090_uzent.png,merged,2026-05-01 18:39:18
envy,Envy,loud,LOUD,MID,https://static.lolesports.com/players/1774567356581_envy.png,merged,2026-05-01 18:39:18
xyno,Xyno,loud,LOUD,TOP,https://static.lolesports.com/players/1774567306146_xyno.png,merged,2026-05-01 18:39:18
youngjae,YoungJae,loud,LOUD,JUG,https://static.lolesports.com/players/1774567330012_youngjae.png,merged,2026-05-01 18:39:18
mago,Mago,loud,LOUD,MID,https://static.lolesports.com/players/1768377459812_image6618.png,merged,2026-05-01 18:39:18
bull,Bull,loud,LOUD,BOT,https://static.lolesports.com/players/1774567376820_bull.png,merged,2026-05-01 18:39:18
loki,Loki,hanjin_brion,HANJIN BRION,MID,https://static.lolesports.com/players/default-headshot.png,merged,2026-05-01 18:39:18
ddahyuk,DDahyuk,hanjin_brion,HANJIN BRION,TOP,https://static.lolesports.com/players/1769090323253_image6-2026-01-22T145701.864.png,merged,2026-05-01 18:39:18
casting,Casting,hanjin_brion,HANJIN BRION,TOP,https://static.lolesports.com/players/1769091238011_LCK_BRO_Casting_F.png,merged,2026-05-01 18:39:18
gideon,GIDEON,hanjin_brion,HANJIN BRION,JUG,https://static.lolesports.com/players/1769091233026_LCK_BRO_GIDEON_F.PNG,merged,2026-05-01 18:39:18
teddy,Teddy,hanjin_brion,HANJIN BRION,BOT,https://static.lolesports.com/players/1769091213345_LCK_BRO_Teddy_F.PNG,merged,2026-05-01 18:39:18
namgung,Namgung,hanjin_brion,HANJIN BRION,SUP,https://static.lolesports.com/players/1769091222686_LCK_BRO_Namgung_F.PNG,merged,2026-05-01 18:39:18
planb,PlanB,hanjin_brion,HANJIN BRION,SUP,https://static.lolesports.com/players/1769090048813_image6-2026-01-22T145347.864.png,merged,2026-05-01 18:39:18
dinai,Dinai,hanjin_brion,HANJIN BRION,JUG,https://static.lolesports.com/players/1769090179597_image6-2026-01-22T145555.391.png,merged,2026-05-01 18:39:18
oddeye,OddEye,hanjin_brion,HANJIN BRION,BOT,https://static.lolesports.com/players/1769090109251_image6-2026-01-22T145445.080.png,merged,2026-05-01 18:39:18
tempester,Tempester,hanjin_brion,HANJIN BRION,MID,https://static.lolesports.com/players/1769089985671_image6-2026-01-22T145216.586.png,merged,2026-05-01 18:39:18
roamer,Roamer,hanjin_brion,HANJIN BRION,MID,https://static.lolesports.com/players/1769091227250_LCK_BRO_Roamer_F.PNG,merged,2026-05-01 18:39:18
tao,Tao,karmine_corp_blue,Karmine Corp Blue,TOP,https://static.lolesports.com/players/1768550248273_Tao-01.png,merged,2026-05-01 18:39:18
kamiloo,Kamiloo,karmine_corp_blue,Karmine Corp Blue,MID,https://static.lolesports.com/players/1768550239653_Kamiloo-01.png,merged,2026-05-01 18:39:18
hazel,Hazel,karmine_corp_blue,Karmine Corp Blue,BOT,https://static.lolesports.com/players/1768550235305_Hazel-01.png,merged,2026-05-01 18:39:18
prime,Prime,karmine_corp_blue,Karmine Corp Blue,SUP,https://static.lolesports.com/players/1768550244013_Prime-01.png,merged,2026-05-01 18:39:18
yukino,Yukino,karmine_corp_blue,Karmine Corp Blue,JUG,https://static.lolesports.com/players/1768550253363_Yukino-01.png,merged,2026-05-01 18:39:18
taizan,Taizan,impunity_esports,Impunity Esports,JUG,https://static.lolesports.com/players/1676538436906_IMPTaizan.png,merged,2026-05-01 18:39:18
atlen,Atlen,impunity_esports,Impunity Esports,BOT,https://static.lolesports.com/players/1675251823563_IMPAtlen.png,merged,2026-05-01 18:39:18
ljw,LJW,impunity_esports,Impunity Esports,TOP,https://static.lolesports.com/players/1688257198751_IMPLJW.png,merged,2026-05-01 18:39:18
arashi,Arashi,impunity_esports,Impunity Esports,JUG,https://static.lolesports.com/players/1688257229502_IMPArashi.png,merged,2026-05-01 18:39:18
shera,Shera,impunity_esports,Impunity Esports,MID,https://static.lolesports.com/players/1688257272045_IMPShera.png,merged,2026-05-01 18:39:18
blaze,Blaze,impunity_esports,Impunity Esports,BOT,https://static.lolesports.com/players/1688257295964_IMPBlaze.png,merged,2026-05-01 18:39:18
smerv,Smerv,impunity_esports,Impunity Esports,SUP,https://static.lolesports.com/players/1688257319084_IMPSmerv.png,merged,2026-05-01 18:39:18
felia,Felia,impunity_esports,Impunity Esports,SUP,https://static.lolesports.com/players/1688257341039_IMPFelia.png,merged,2026-05-01 18:39:18
nper,Nper,sbtc_esports,SBTC ESPORTS,TOP,https://static.lolesports.com/players/1675846229676_placeholder.png,merged,2026-05-01 18:39:18
dnk,DNK,sbtc_esports,SBTC ESPORTS,JUG,https://lolstatic-a.akamaihd.net/esports-assets/production/player/dnk-e9spoha5.png,merged,2026-05-01 18:39:18
dia1,Dia1,sbtc_esports,SBTC ESPORTS,MID,https://lolstatic-a.akamaihd.net/esports-assets/production/player/dia1-ajffcbr.png,merged,2026-05-01 18:39:18
vinboiz,Vinboiz,sbtc_esports,SBTC ESPORTS,BOT,https://static.lolesports.com/players/1675846486698_placeholder.png,merged,2026-05-01 18:39:18
penguin,Penguin,sbtc_esports,SBTC ESPORTS,JUG,https://static.lolesports.com/players/1675848201955_placeholder.png,merged,2026-05-01 18:39:18
palette,Palette,sbtc_esports,SBTC ESPORTS,SUP,https://static.lolesports.com/players/1695367771848_GAM_Palette.png,merged,2026-05-01 18:39:18
harky,Harky,mvk_esports,MVK Esports,BOT,https://static.lolesports.com/players/1775222116165_Harky.png,merged,2026-05-01 18:39:18
steller,Steller,mvk_esports,MVK Esports,BOT,https://static.lolesports.com/players/1775222121391_Steller.png,merged,2026-05-01 18:39:18
siuloong,SiuLoong,mvk_esports,MVK Esports,SUP,https://static.lolesports.com/players/1775222126505_SiuLoong.png,merged,2026-05-01 18:39:18
npc,NPC,mvk_esports,MVK Esports,JUG,https://static.lolesports.com/players/1775222131362_NPC.png,merged,2026-05-01 18:39:18
chika,Chika,mvk_esports,MVK Esports,MID,https://static.lolesports.com/players/1775222135365_Chika.png,merged,2026-05-01 18:39:18
kratos,Kratos,mvk_esports,MVK Esports,TOP,https://static.lolesports.com/players/1769231608754_Kratos.png,merged,2026-05-01 18:39:18
sofm,SofM,mvk_esports,MVK Esports,JUG,https://static.lolesports.com/players/1769231650093_SofM.png,merged,2026-05-01 18:39:18
gury,Gury,mvk_esports,MVK Esports,JUG,https://static.lolesports.com/players/1769231815740_Gury.png,merged,2026-05-01 18:39:18
seany,Seany,mvk_esports,MVK Esports,MID,https://static.lolesports.com/players/1769231863779_Seany.png,merged,2026-05-01 18:39:18
meliodas,Meliodas,cerberus_esports,CERBERUS ESPORTS,JUG,https://lolstatic-a.akamaihd.net/esports-assets/production/player/meliodas-e0crauc9.png,merged,2026-05-01 18:39:18
yume,Yume,cerberus_esports,CERBERUS ESPORTS,SUP,https://s3.us-west-2.amazonaws.com/static.lolesports.com/players/default-headshot.png,merged,2026-05-01 18:39:18
hieu3,Hieu3,cerberus_esports,CERBERUS ESPORTS,SUP,https://lolstatic-a.akamaihd.net/esports-assets/production/player/hieu3-2x0x59oa.png,merged,2026-05-01 18:39:18
slowz,Slowz,cerberus_esports,CERBERUS ESPORTS,BOT,https://static.lolesports.com/players/1675849893974_placeholder.png,merged,2026-05-01 18:39:18
tahahy,Tahahy,cerberus_esports,CERBERUS ESPORTS,SUP,https://s3.us-west-2.amazonaws.com/static.lolesports.com/players/default-headshot.png,merged,2026-05-01 18:39:18
richard_i,Richard I,cerberus_esports,CERBERUS ESPORTS,MID,https://static.lolesports.com/players/1675846735121_placeholder.png,merged,2026-05-01 18:39:18
tt789,TT789,cerberus_esports,CERBERUS ESPORTS,MID,https://static.lolesports.com/players/1685938788818_placeholder.png,merged,2026-05-01 18:39:18
sheo,Sheo,shifters,Shifters,JUG,https://static.lolesports.com/players/1774652573563_sheo.png,merged,2026-05-01 18:39:18
rooster,Rooster,shifters,Shifters,TOP,https://static.lolesports.com/players/1768550928914_Rooster-01.png,merged,2026-05-01 18:39:18
boukada,Boukada,shifters,Shifters,JUG,https://static.lolesports.com/players/1768550943317_Boukada-01.png,merged,2026-05-01 18:39:18
nuc,nuc,shifters,Shifters,MID,https://static.lolesports.com/players/1768550938446_Nuc-01.png,merged,2026-05-01 18:39:18
paduck,Paduck,shifters,Shifters,BOT,https://static.lolesports.com/players/1768550934005_Paduck-01.png,merged,2026-05-01 18:39:18
jujutw0,JuJuTw0,shifters,Shifters,NONE,https://static.lolesports.com/players/1639647042551_placeholder.png,merged,2026-05-01 18:39:18
5kid,5kid,six_karma,Six Karma,BOT,https://static.lolesports.com/players/1718124810535_5KID.png,merged,2026-05-01 18:39:18
chinx,ChinX,six_karma,Six Karma,NONE,https://static.lolesports.com/players/1704994604580_EMP.png,merged,2026-05-01 18:39:18
ignavilu,IgnaVilu,six_karma,Six Karma,SUP,https://static.lolesports.com/players/1718124927918_IgnaVilu.png,merged,2026-05-01 18:39:18
dimitry,Dimitry,six_karma,Six Karma,NONE,https://static.lolesports.com/players/1718124873090_Dimitry.png,merged,2026-05-01 18:39:18
ben01,Ben01,the_kings,The Kings,NONE,https://s3.us-west-2.amazonaws.com/static.lolesports.com/players/default-headshot.png,merged,2026-05-01 18:39:18
devost,Devost,leviat_n,LEVIATÁN,TOP,https://static.lolesports.com/players/1768664004723_devost2.png,merged,2026-05-01 18:39:18
booki,Booki,leviat_n,LEVIATÁN,JUG,https://static.lolesports.com/players/1768376900789_image6337.png,merged,2026-05-01 18:39:18
enga,Enga,leviat_n,LEVIATÁN,MID,https://static.lolesports.com/players/1768376990466_image6431.png,merged,2026-05-01 18:39:18
toplop,TopLop,leviat_n,LEVIATÁN,SUP,https://static.lolesports.com/players/1768377168621_image6142.png,merged,2026-05-01 18:39:18
snaker,Snaker,leviat_n,LEVIATÁN,BOT,https://static.lolesports.com/players/1774567061318_snaker.png,merged,2026-05-01 18:39:18
pungyeon,Pungyeon,ctbc_flying_oyster,CTBC Flying Oyster,MID,https://static.lolesports.com/players/1769232251135_Pungyeon.png,merged,2026-05-01 18:39:18
kino,Kino,ctbc_flying_oyster,CTBC Flying Oyster,SUP,https://static.lolesports.com/players/default-headshot.png,merged,2026-05-01 18:39:18
pout,POUT,ctbc_flying_oyster,CTBC Flying Oyster,MID,https://static.lolesports.com/players/default-headshot.png,merged,2026-05-01 18:39:18
feng,Feng,relove_deep_cross_gaming,Relove Deep Cross Gaming,BOT,https://static.lolesports.com/players/1769233007340_Feng.png,merged,2026-05-01 18:39:18
pop9,Pop9,relove_deep_cross_gaming,Relove Deep Cross Gaming,JUG,https://static.lolesports.com/players/1769232940755_Pop9.png,merged,2026-05-01 18:39:18
flauren,Flauren,relove_deep_cross_gaming,Relove Deep Cross Gaming,TOP,https://static.lolesports.com/players/1769232909918_Flauren.png,merged,2026-05-01 18:39:18
hongsuo,HongSuo,relove_deep_cross_gaming,Relove Deep Cross Gaming,MID,https://static.lolesports.com/players/1769232968075_HongSuo.png,merged,2026-05-01 18:39:18
shiauc,ShiauC,relove_deep_cross_gaming,Relove Deep Cross Gaming,SUP,https://static.lolesports.com/players/1769233035363_ShiauC.png,merged,2026-05-01 18:39:18
xiaoxiang,XiaoXiang,relove_deep_cross_gaming,Relove Deep Cross Gaming,MID,https://static.lolesports.com/players/1769233082016_XiaoXiang.png,merged,2026-05-01 18:39:18
pretender,Pretender,frank_esports,Frank Esports,MID,https://static.lolesports.com/players/1705749359359_FAKPretender.png,merged,2026-05-01 18:39:18
mnm,MnM,frank_esports,Frank Esports,SUP,https://static.lolesports.com/players/1705749389479_FAKMnM.png,merged,2026-05-01 18:39:18
yskm,YSKM,frank_esports,Frank Esports,TOP,https://static.lolesports.com/players/1656574350705_YSKM.png,merged,2026-05-01 18:39:18
holo,Holo,frank_esports,Frank Esports,JUG,https://static.lolesports.com/players/1687502435333_FAKHolo.png,merged,2026-05-01 18:39:18
kingpo54,kingpo54,frank_esports,Frank Esports,BOT,https://static.lolesports.com/players/default-headshot.png,merged,2026-05-01 18:39:18
wsl,WSL,dewish_team,Dewish Team,JUG,https://static.lolesports.com/players/1687502104022_DWTWSL.png,merged,2026-05-01 18:39:18
xiaotu,xiaotu,dewish_team,Dewish Team,MID,https://static.lolesports.com/players/1687502199126_DWTxiaotu.png,merged,2026-05-01 18:39:18
pepero,Pepero,dewish_team,Dewish Team,BOT,https://static.lolesports.com/players/1687502213991_DWTPepero.png,merged,2026-05-01 18:39:18
jp6ru8,JP6RU8,dewish_team,Dewish Team,TOP,https://static.lolesports.com/players/1687502087095_DWTJP6RU8.png,merged,2026-05-01 18:39:18
hako,Hako,dewish_team,Dewish Team,BOT,https://static.lolesports.com/players/1687502233582_DWTHako.png,merged,2026-05-01 18:39:18
curty,curty,fluxo,Fluxo,TOP,https://static.lolesports.com/players/1768375100964_image6236.png,merged,2026-05-01 18:39:18
prodelta,ProDelta,fluxo,Fluxo,SUP,https://static.lolesports.com/players/1768376111969_image6336.png,merged,2026-05-01 18:39:18
cody,cody,fluxo,Fluxo,MID,https://static.lolesports.com/players/1774567014809_cody.png,merged,2026-05-01 18:39:18
momochi,Momochi,fluxo,Fluxo,SUP,https://static.lolesports.com/players/1774567039243_momochi.png,merged,2026-05-01 18:39:18
peach,Peach,fluxo,Fluxo,JUG,https://static.lolesports.com/players/1768376276609_image6529.png,merged,2026-05-01 18:39:18
hauz,hauz,fluxo,Fluxo,MID,https://static.lolesports.com/players/1768376412875_image6617.png,merged,2026-05-01 18:39:18
bao,BAO,fluxo,Fluxo,BOT,https://static.lolesports.com/players/1768376535849_image6710.png,merged,2026-05-01 18:39:18
zest,Zest,los,LOS,TOP,https://static.lolesports.com/players/1768374329454_image6139.png,merged,2026-05-01 18:39:18
drakehero,Drakehero,los,LOS,JUG,https://static.lolesports.com/players/1768374651170_image6235.png,merged,2026-05-01 18:39:18
feisty,Feisty,los,LOS,MID,https://static.lolesports.com/players/1768374806053_image6335.png,merged,2026-05-01 18:39:18
duduhh,Duduhh,los,LOS,BOT,https://static.lolesports.com/players/1768374902908_image6528.png,merged,2026-05-01 18:39:18
ackerman,Ackerman,los,LOS,SUP,https://static.lolesports.com/players/1768375001544_image6140.png,merged,2026-05-01 18:39:18
curse,Curse,los,LOS,JUG,https://static.lolesports.com/players/1777612791246_CurseLOS.png,merged,2026-05-01 18:39:18
tracyn,Tracyn,team_heretics,Team Heretics,TOP,https://static.lolesports.com/players/1774652650240_tracyn.png,merged,2026-05-01 18:39:18
ice,Ice,team_heretics,Team Heretics,BOT,https://static.lolesports.com/players/1774651565551_ice.png,merged,2026-05-01 18:39:18
serin,Serin,team_heretics,Team Heretics,MID,https://static.lolesports.com/players/1774652550234_serin.png,merged,2026-05-01 18:39:18
daglas,Daglas,team_heretics,Team Heretics,JUG,https://static.lolesports.com/players/1776934226952_Daglas-01.png,merged,2026-05-01 18:39:18
way,Way,team_heretics,Team Heretics,SUP,https://static.lolesports.com/players/1774652723449_way.png,merged,2026-05-01 18:39:18
biopanther,BioPanther,team_bliss,Team Bliss,TOP,https://static.lolesports.com/players/1744279244788_CHF_BioPanther.png,merged,2026-05-01 18:39:18
kevy,Kevy,team_bliss,Team Bliss,JUG,https://static.lolesports.com/players/1674831789460_CLG_KEVY.png,merged,2026-05-01 18:39:18
haeri,Haeri,team_bliss,Team Bliss,MID,https://static.lolesports.com/players/1674834089549_TL_HAERI.png,merged,2026-05-01 18:39:18
violet,Violet,team_bliss,Team Bliss,BOT,https://static.lolesports.com/players/1745997118665_CHF_Violet.png,merged,2026-05-01 18:39:18
aladoric,Aladoric,team_bliss,Team Bliss,SUP,https://static.lolesports.com/players/1633539119343_pce-aladoric-w21.png,merged,2026-05-01 18:39:18
decoy,Decoy,team_bliss,Team Bliss,SUP,https://static.lolesports.com/players/1643226868369_Decoycopy.png,merged,2026-05-01 18:39:18
1jiang,1Jiang,ground_zero_gaming,Ground Zero Gaming,TOP,https://static.lolesports.com/players/1775222062914_1Jiang.png,merged,2026-05-01 18:39:18
husha,Husha,ground_zero_gaming,Ground Zero Gaming,JUG,https://static.lolesports.com/players/1775222067056_Husha.png,merged,2026-05-01 18:39:18
jimien,JimieN,ground_zero_gaming,Ground Zero Gaming,MID,https://static.lolesports.com/players/1775222072149_JimieN.png,merged,2026-05-01 18:39:18
shunn,Shunn,ground_zero_gaming,Ground Zero Gaming,BOT,https://static.lolesports.com/players/1775222077946_Shunn.png,merged,2026-05-01 18:39:18
orca,Orca,ground_zero_gaming,Ground Zero Gaming,SUP,https://static.lolesports.com/players/1775222082817_Orca.png,merged,2026-05-01 18:39:18
sailuo,Sailuo,hellpigs,HELLPIGS,TOP,https://static.lolesports.com/players/default-headshot.png,merged,2026-05-01 18:39:18
ta0,TA0,hellpigs,HELLPIGS,JUG,https://static.lolesports.com/players/default-headshot.png,merged,2026-05-01 18:39:18
godfan,godfan,hellpigs,HELLPIGS,MID,https://static.lolesports.com/players/default-headshot.png,merged,2026-05-01 18:39:18
xiaoyang,XiaoYang,hellpigs,HELLPIGS,BOT,https://static.lolesports.com/players/default-headshot.png,merged,2026-05-01 18:39:18
enhoa,EnHoa,hellpigs,HELLPIGS,SUP,https://static.lolesports.com/players/1687502249476_DWTEnHoa.png,merged,2026-05-01 18:39:18
bulukaka,BuLuKaKa,west_point_esports,West Point Esports,MID,https://static.lolesports.com/players/default-headshot.png,merged,2026-05-01 18:39:18
hasu7,Hasu7,west_point_esports,West Point Esports,TOP,https://static.lolesports.com/players/default-headshot.png,merged,2026-05-01 18:39:18
whisper,whisper,west_point_esports,West Point Esports,JUG,https://static.lolesports.com/players/default-headshot.png,merged,2026-05-01 18:39:18
chich1,ChiCh1,west_point_esports,West Point Esports,BOT,https://s3.us-west-2.amazonaws.com/static.lolesports.com/players/default-headshot.png,merged,2026-05-01 18:39:18
tns,TNS,west_point_esports,West Point Esports,SUP,https://static.lolesports.com/players/silhouette.png,merged,2026-05-01 18:39:18
plume,Plume,west_point_esports,West Point Esports,SUP,https://static.lolesports.com/players/default-headshot.png,merged,2026-05-01 18:39:18
rigel,Rigel,mgn_blue_esports,MGN Blue Esports,NONE,https://s3.us-west-2.amazonaws.com/static.lolesports.com/players/default-headshot.png,merged,2026-05-01 18:39:18
sparda,Sparda,mgn_blue_esports,MGN Blue Esports,TOP,https://static.lolesports.com/players/1695367984382_TW_Sparda.png,merged,2026-05-01 18:39:18
phuc1,Phuc1,mgn_blue_esports,MGN Blue Esports,JUG,https://static.lolesports.com/players/1675849125283_placeholder.png,merged,2026-05-01 18:39:18
tq,TQ,mgn_blue_esports,MGN Blue Esports,SUP,https://static.lolesports.com/players/1675849633985_placeholder.png,merged,2026-05-01 18:39:18
vin,Vin,mgn_blue_esports,MGN Blue Esports,MID,https://static.lolesports.com/players/default-headshot.png,merged,2026-05-01 18:39:18
nogo,Nogo,mgn_blue_esports,MGN Blue Esports,MID,https://static.lolesports.com/players/download.png,merged,2026-05-01 18:39:18
sty1e,Sty1e,mgn_blue_esports,MGN Blue Esports,BOT,https://static.lolesports.com/players/1755156873661_MVKE_Sty1e.png,merged,2026-05-01 18:39:18
zodiac,Zodiac,mgn_blue_esports,MGN Blue Esports,SUP,https://static.lolesports.com/players/1644676229363_1599762334741_silhouette.png,merged,2026-05-01 18:39:18
lyonz,Lyonz,disguised,Disguised,SUP,https://static.lolesports.com/players/1769149764464_AME_LCS26S1_DSG_LYONZ.png,merged,2026-05-01 18:39:18
kryra,KryRa,disguised,Disguised,JUG,https://static.lolesports.com/players/1675150271520_placeholder.png,merged,2026-05-01 18:39:18
callme,Callme,disguised,Disguised,MID,https://static.lolesports.com/players/1769752706388_callme.png,merged,2026-05-01 18:39:18
sajed,sajed,disguised,Disguised,BOT,https://static.lolesports.com/players/1769149802626_AME_LCS26S1_DSG_SAJED.png,merged,2026-05-01 18:39:18
castle,Castle,disguised,Disguised,TOP,https://static.lolesports.com/players/1769752685127_castle.png,merged,2026-05-01 18:39:18
bvoy,Bvoy,shopify_rebellion,Shopify Rebellion,BOT,https://static.lolesports.com/players/1769150366030_AME_LCS26S1_SR_BVOY.png,merged,2026-05-01 18:39:18
zinie,Zinie,shopify_rebellion,Shopify Rebellion,MID,https://static.lolesports.com/players/1769752584631_zinie.png,merged,2026-05-01 18:39:18
fudge,Fudge,shopify_rebellion,Shopify Rebellion,TOP,https://static.lolesports.com/players/1769150456468_AME_LCS26S1_SR_FUDGE.png,merged,2026-05-01 18:39:18
contractz,Contractz,shopify_rebellion,Shopify Rebellion,JUG,https://static.lolesports.com/players/1769150425299_AME_LCS26S1_SR_CONTRACTZ.png,merged,2026-05-01 18:39:18
ceos,Ceos,shopify_rebellion,Shopify Rebellion,SUP,https://static.lolesports.com/players/1769150396974_AME_LCS26S1_SR_CEOS.png,merged,2026-05-01 18:39:18
zin,Zin,rainbow_warriors,Rainbow Warriors,SUP,https://static.lolesports.com/players/1695367851415_GAM_Zin.png,merged,2026-05-01 18:39:18
n0way,N0way,rainbow_warriors,Rainbow Warriors,BOT,https://lolstatic-a.akamaihd.net/esports-assets/production/player/noway-24zsozyn.png,merged,2026-05-01 18:39:18
sjw,SJW,rainbow_warriors,Rainbow Warriors,SUP,https://s3.us-west-2.amazonaws.com/static.lolesports.com/players/default-headshot.png,merged,2026-05-01 18:39:18
destiny,destiny,antic_esports,Antic Esports,SUP,https://static.lolesports.com/players/1655452721610_DESTINY.png,merged,2026-05-01 18:39:18
swip3rr,Swip3rR,antic_esports,Antic Esports,TOP,https://lolstatic-a.akamaihd.net/esports-assets/production/player/swip3rr-4tfyo7vi.png,merged,2026-05-01 18:39:18
ryoma,Ryoma,antic_esports,Antic Esports,MID,https://s3.us-west-2.amazonaws.com/static.lolesports.com/players/default-headshot.png,merged,2026-05-01 18:39:18
k1ng,k1ng,antic_esports,Antic Esports,BOT,https://static.lolesports.com/players/1655452740634_K1NG.png,merged,2026-05-01 18:39:18
dragku,Dragku,antic_esports,Antic Esports,SUP,https://lolstatic-a.akamaihd.net/esports-assets/production/player/dragku-9znhn75e.png,merged,2026-05-01 18:39:18
toppy,Toppy,antic_esports,Antic Esports,TOP,https://static.lolesports.com/players/download.png,merged,2026-05-01 18:39:18
incursio,Incursio,antic_esports,Antic Esports,MID,https://static.lolesports.com/players/silhouette.png,merged,2026-05-01 18:39:18
raes,Raes,antic_esports,Antic Esports,BOT,https://static.lolesports.com/players/imt-raes-2021.png,merged,2026-05-01 18:39:18
canna,Canna,karmine_corp,Karmine Corp,TOP,https://static.lolesports.com/players/1774651372836_canna.png,merged,2026-05-01 18:39:18
kyeahoo,kyeahoo,karmine_corp,Karmine Corp,MID,https://static.lolesports.com/players/1774652002153_kyeahoo.png,merged,2026-05-01 18:39:18
yike,Yike,karmine_corp,Karmine Corp,JUG,https://static.lolesports.com/players/1768550195190_Yike-01.png,merged,2026-05-01 18:39:18
caliste,Caliste,karmine_corp,Karmine Corp,BOT,https://static.lolesports.com/players/1774651348279_caliste.png,merged,2026-05-01 18:39:18
bie,Bie,team_secret_whales,Team Secret Whales,SUP,https://static.lolesports.com/players/1775221988811_Bie.png,merged,2026-05-01 18:39:18
baus,Baus,los_ratones,Los Ratones,TOP,https://static.lolesports.com/players/1768550521387_Baus-01.png,merged,2026-05-01 18:39:18
velja,Velja,los_ratones,Los Ratones,JUG,https://static.lolesports.com/players/1768550369073_Velja-01.png,merged,2026-05-01 18:39:18
nemesis,Nemesis,los_ratones,Los Ratones,MID,https://static.lolesports.com/players/1768550503842_Nemesis-01.png,merged,2026-05-01 18:39:18
crownie,Crownie,los_ratones,Los Ratones,BOT,https://static.lolesports.com/players/1768550516258_Crownie-01.png,merged,2026-05-01 18:39:18
rekkles,Rekkles,los_ratones,Los Ratones,SUP,https://static.lolesports.com/players/1768550499548_Rekkles-01.png,merged,2026-05-01 18:39:18
aomine,Aomine,saigon_hyper_vortex_esports,Saigon Hyper Vortex Esports,BOT,https://static.lolesports.com/players/download.png,merged,2026-05-01 18:39:18
tomrio,Tomrio,saigon_hyper_vortex_esports,Saigon Hyper Vortex Esports,NONE,https://static.lolesports.com/players/1726481512973_VKE_TomRio.png,merged,2026-05-01 18:39:18
choso,Choso,saigon_dino,Saigon Dino,TOP,https://static.lolesports.com/players/default-headshot.png,merged,2026-05-01 18:39:18
tt1,tt1,saigon_dino,Saigon Dino,TOP,https://static.lolesports.com/players/default-headshot.png,merged,2026-05-01 18:39:18
anoker,ANOKER,saigon_dino,Saigon Dino,JUG,https://static.lolesports.com/players/default-headshot.png,merged,2026-05-01 18:39:18
kzt,Kzt,saigon_dino,Saigon Dino,JUG,https://static.lolesports.com/players/default-headshot.png,merged,2026-05-01 18:39:18
peka,peka,saigon_dino,Saigon Dino,MID,https://static.lolesports.com/players/default-headshot.png,merged,2026-05-01 18:39:18
okyu,Okyu,saigon_dino,Saigon Dino,BOT,https://static.lolesports.com/players/default-headshot.png,merged,2026-05-01 18:39:18
dotmm,Dotmm,psg_talon_academy,PSG TALON ACADEMY,BOT,https://static.lolesports.com/players/default-headshot.png,merged,2026-05-01 18:39:18
weizhe,Weizhe,psg_talon_academy,PSG TALON ACADEMY,TOP,https://static.lolesports.com/players/download.png,merged,2026-05-01 18:39:18
adiogs,Adiogs,psg_talon_academy,PSG TALON ACADEMY,MID,https://static.lolesports.com/players/1687502993471_HPSAdiogs.png,merged,2026-05-01 18:39:18
zkai,Zkai,ctbc_flying_oyster_academy,CTBC Flying Oyster Academy,TOP,https://static.lolesports.com/players/default-headshot.png,merged,2026-05-01 18:39:18
xin,Xin,ctbc_flying_oyster_academy,CTBC Flying Oyster Academy,JUG,https://static.lolesports.com/players/default-headshot.png,merged,2026-05-01 18:39:18
2274,2274,ctbc_flying_oyster_academy,CTBC Flying Oyster Academy,SUP,https://static.lolesports.com/players/1769232340898_2274.png,merged,2026-05-01 18:39:18
yuhe,Yuhe,ctbc_flying_oyster_academy,CTBC Flying Oyster Academy,MID,https://static.lolesports.com/players/default-headshot.png,merged,2026-05-01 18:39:18
tracy,Tracy,ctbc_flying_oyster_academy,CTBC Flying Oyster Academy,BOT,https://static.lolesports.com/players/default-headshot.png,merged,2026-05-01 18:39:18
leowei,Leowei,ctbc_flying_oyster_academy,CTBC Flying Oyster Academy,SUP,https://static.lolesports.com/players/default-headshot.png,merged,2026-05-01 18:39:18
luther,Luther,tp_hcm_sn_cybercore_esports,TP.HCM SN CyberCore Esports,SUP,https://static.lolesports.com/players/default-headshot.png,merged,2026-05-01 18:39:18
solis,Solis,tp_hcm_sn_cybercore_esports,TP.HCM SN CyberCore Esports,TOP,https://static.lolesports.com/players/default-headshot.png,merged,2026-05-01 18:39:18
p9,P9,tp_hcm_sn_cybercore_esports,TP.HCM SN CyberCore Esports,JUG,https://static.lolesports.com/players/default-headshot.png,merged,2026-05-01 18:39:18
hustle,Hustle,tp_hcm_sn_cybercore_esports,TP.HCM SN CyberCore Esports,MID,https://static.lolesports.com/players/default-headshot.png,merged,2026-05-01 18:39:18
arrietty,Arrietty,tp_hcm_sn_cybercore_esports,TP.HCM SN CyberCore Esports,BOT,https://static.lolesports.com/players/1636600632300_silhouette.png,merged,2026-05-01 18:39:18
rbow,Rbow,wangting,WangTing,TOP,https://static.lolesports.com/players/default-headshot.png,merged,2026-05-01 18:39:18
cid,Cid,wangting,WangTing,MID,https://static.lolesports.com/players/default-headshot.png,merged,2026-05-01 18:39:18
feng55,Feng55,wangting,WangTing,SUP,https://static.lolesports.com/players/default-headshot.png,merged,2026-05-01 18:39:18
killer2,Killer2,wangting,WangTing,JUG,https://static.lolesports.com/players/default-headshot.png,merged,2026-05-01 18:39:18
yukin0,yukin0,wangting,WangTing,BOT,https://static.lolesports.com/players/default-headshot.png,merged,2026-05-01 18:39:18
xiaomi,xiaomi,wangting,WangTing,JUG,https://static.lolesports.com/players/default-headshot.png,merged,2026-05-01 18:39:18
callian,Callian,saigon_mvke_academy,Saigon MVKE Academy,SUP,https://static.lolesports.com/players/default-headshot.png,merged,2026-05-01 18:39:18
sansan,SanSan,saigon_mvke_academy,Saigon MVKE Academy,JUG,https://static.lolesports.com/players/1757232173771_MVKE_SanSan.png,merged,2026-05-01 18:39:18
puddin,Puddin,saigon_mvke_academy,Saigon MVKE Academy,BOT,https://static.lolesports.com/players/default-headshot.png,merged,2026-05-01 18:39:18
samd,SamD,natus_vincere,Natus Vincere,BOT,https://static.lolesports.com/players/1774652529720_samd.png,merged,2026-05-01 18:39:18
maynter,Maynter,natus_vincere,Natus Vincere,TOP,https://static.lolesports.com/players/1774652211219_maynter.png,merged,2026-05-01 18:39:18
rhilech,Rhilech,natus_vincere,Natus Vincere,JUG,https://static.lolesports.com/players/1774652507939_rhilech.png,merged,2026-05-01 18:39:18
parus,Parus,natus_vincere,Natus Vincere,SUP,https://static.lolesports.com/players/1774652426360_parus.png,merged,2026-05-01 18:39:18
larssen,Larssen,natus_vincere,Natus Vincere,MID,https://static.lolesports.com/players/1754473073908_image6331.png,merged,2026-05-01 18:39:18
doraemon,doraemon,saving_oce,Saving OCE,TOP,https://s3.us-west-2.amazonaws.com/static.lolesports.com/players/default-headshot.png,merged,2026-05-01 18:39:18
foreigner,foreigner,saving_oce,Saving OCE,JUG,https://static.lolesports.com/players/download.png,merged,2026-05-01 18:39:18
kyose,Kyose,saving_oce,Saving OCE,MID,https://static.lolesports.com/players/silhouette.png,merged,2026-05-01 18:39:18
scxtt,Scxtt,saving_oce,Saving OCE,SUP,https://static.lolesports.com/players/1685433939151_placeholder.png,merged,2026-05-01 18:39:18
1jw,1jw,inferno_esports,Inferno Esports,TOP,https://static.lolesports.com/players/default-headshot.png,merged,2026-05-01 18:39:18
bornthisway,BornThisWay,inferno_esports,Inferno Esports,JUG,https://static.lolesports.com/players/1642596776128_placeholder.png,merged,2026-05-01 18:39:18
krimson,Krimson,inferno_esports,Inferno Esports,MID,https://static.lolesports.com/players/default-headshot.png,merged,2026-05-01 18:39:18
austerity,Austerity,inferno_esports,Inferno Esports,BOT,https://static.lolesports.com/players/default-headshot.png,merged,2026-05-01 18:39:18
moopz,Moopz,inferno_esports,Inferno Esports,SUP,https://static.lolesports.com/players/default-headshot.png,merged,2026-05-01 18:39:18
aiman,Aiman,inferno_esports,Inferno Esports,SUP,https://static.lolesports.com/players/default-headshot.png,merged,2026-05-01 18:39:18
celest,Celest,inferno_esports,Inferno Esports,MID,https://static.lolesports.com/players/default-headshot.png,merged,2026-05-01 18:39:18
hambak,HamBak,sentinels,Sentinels,JUG,https://static.lolesports.com/players/1769752624889_hambak.png,merged,2026-05-01 18:39:18
huhi,huhi,sentinels,Sentinels,SUP,https://static.lolesports.com/players/1769150288234_AME_LCS26S1_SEN_HUHI.png,merged,2026-05-01 18:39:18
rahel,Rahel,sentinels,Sentinels,BOT,https://static.lolesports.com/players/1769752604733_rahel.png,merged,2026-05-01 18:39:18
darkwings,DARKWINGS,sentinels,Sentinels,MID,https://static.lolesports.com/players/1769150251794_AME_LCS26S1_SEN_DARKWINGS.png,merged,2026-05-01 18:39:18
impact,Impact,sentinels,Sentinels,TOP,https://static.lolesports.com/players/1769150328282_AME_LCS26S1_SEN_IMPACT.png,merged,2026-05-01 18:39:18
nanaue,Nanaue,saigon_9gaming,Saigon 9Gaming,TOP,https://static.lolesports.com/players/1726481490908_VKE_Nanaue.png,merged,2026-05-01 18:39:18
nuna,Nuna,saigon_9gaming,Saigon 9Gaming,BOT,https://static.lolesports.com/players/default-headshot.png,merged,2026-05-01 18:39:18
baymaxxx,Baymaxxx,saigon_9gaming,Saigon 9Gaming,MID,https://static.lolesports.com/players/default-headshot.png,merged,2026-05-01 18:39:18
666,666,saigon_9gaming,Saigon 9Gaming,JUG,https://static.lolesports.com/players/default-headshot.png,merged,2026-05-01 18:39:18
umi,Umi,saigon_9gaming,Saigon 9Gaming,NONE,https://static.lolesports.com/players/default-headshot.png,merged,2026-05-01 18:39:18
dara67,Dara67,saigon_9gaming,Saigon 9Gaming,SUP,https://static.lolesports.com/players/default-headshot.png,merged,2026-05-01 18:39:18
tisad,TiSaD,hanoi_ngua_hi_esport,Hanoi Ngua Hi Esport,TOP,https://static.lolesports.com/players/default-headshot.png,merged,2026-05-01 18:39:18
ntnt,NtNt,hanoi_ngua_hi_esport,Hanoi Ngua Hi Esport,MID,https://static.lolesports.com/players/default-headshot.png,merged,2026-05-01 18:39:18
hung_two,Hung Two,hanoi_ngua_hi_esport,Hanoi Ngua Hi Esport,BOT,https://static.lolesports.com/players/default-headshot.png,merged,2026-05-01 18:39:18
viet_thanh,Viet Thanh,hanoi_ngua_hi_esport,Hanoi Ngua Hi Esport,TOP,https://static.lolesports.com/players/default-headshot.png,merged,2026-05-01 18:39:18
kairi,Kairi,saigon_warrior,Saigon Warrior,SUP,https://s3.us-west-2.amazonaws.com/static.lolesports.com/players/default-headshot.png,merged,2026-05-01 18:39:18
nern,Nern,saigon_warrior,Saigon Warrior,TOP,https://static.lolesports.com/players/default-headshot.png,merged,2026-05-01 18:39:18
tiphat,tiphat,saigon_warrior,Saigon Warrior,JUG,https://static.lolesports.com/players/default-headshot.png,merged,2026-05-01 18:39:18
tt,TT,saigon_warrior,Saigon Warrior,MID,https://static.lolesports.com/players/default-headshot.png,merged,2026-05-01 18:39:18
ldk,LDK,saigon_warrior,Saigon Warrior,SUP,https://static.lolesports.com/players/default-headshot.png,merged,2026-05-01 18:39:18
monkey0,monkey0,saigon_warrior,Saigon Warrior,JUG,https://static.lolesports.com/players/default-headshot.png,merged,2026-05-01 18:39:18
aisyl,AisyL,saigon_warrior,Saigon Warrior,MID,https://static.lolesports.com/players/default-headshot.png,merged,2026-05-01 18:39:18
tianzhen,Tianzhen,sillysilly_gaming,SillySilly Gaming,JUG,https://static.lolesports.com/players/1686825766713_placeholder.png,merged,2026-05-01 18:39:18
xzz,Xzz,sillysilly_gaming,SillySilly Gaming,MID,https://static.lolesports.com/players/1641805365529_placeholder.png,merged,2026-05-01 18:39:18
hermes,Hermes,sillysilly_gaming,SillySilly Gaming,BOT,https://static.lolesports.com/players/default-headshot.png,merged,2026-05-01 18:39:18
en,En,sillysilly_gaming,SillySilly Gaming,SUP,https://static.lolesports.com/players/default-headshot.png,merged,2026-05-01 18:39:18
adizai,Adizai,gz_academy,GZ Academy,TOP,https://static.lolesports.com/players/default-headshot.png,merged,2026-05-01 18:39:18
renye,RenYe,gz_academy,GZ Academy,JUG,https://static.lolesports.com/players/1705750837340_WPRenYe.png,merged,2026-05-01 18:39:18
chain1,Chain1,gz_academy,GZ Academy,MID,https://static.lolesports.com/players/default-headshot.png,merged,2026-05-01 18:39:18
0131,0131,gz_academy,GZ Academy,BOT,https://static.lolesports.com/players/default-headshot.png,merged,2026-05-01 18:39:18
emok1ng,Emok1ng,gz_academy,GZ Academy,JUG,https://static.lolesports.com/players/default-headshot.png,merged,2026-05-01 18:39:18
sabisu,Sabisu,gz_academy,GZ Academy,TOP,https://static.lolesports.com/players/default-headshot.png,merged,2026-05-01 18:39:18
peanutcoco,PeanutCoco,gz_academy,GZ Academy,SUP,https://static.lolesports.com/players/default-headshot.png,merged,2026-05-01 18:39:18
yuji,Yuji,equinox_core,Equinox Core,TOP,https://static.lolesports.com/players/default-headshot.png,merged,2026-05-01 18:39:18
epic,Epic,equinox_core,Equinox Core,JUG,https://lolstatic-a.akamaihd.net/esports-assets/production/player/epic-gavu4acd.png,merged,2026-05-01 18:39:18
zoey,Zoey,equinox_core,Equinox Core,MID,https://static.lolesports.com/players/default-headshot.png,merged,2026-05-01 18:39:18
lucifer,Lucifer,equinox_core,Equinox Core,BOT,https://static.lolesports.com/players/default-headshot.png,merged,2026-05-01 18:39:18
mese,Mese,equinox_core,Equinox Core,SUP,https://static.lolesports.com/players/default-headshot.png,merged,2026-05-01 18:39:18
xi_lai,XI LAI,equinox_core,Equinox Core,TOP,https://static.lolesports.com/players/default-headshot.png,merged,2026-05-01 18:39:18
hanli,Hanli,equinox_core,Equinox Core,SUP,https://static.lolesports.com/players/default-headshot.png,merged,2026-05-01 18:39:18
hedonist,Hedonist,xu_ji_basalt,Xu Ji Basalt,TOP,https://static.lolesports.com/players/default-headshot.png,merged,2026-05-01 18:39:18
raon,Raon,xu_ji_basalt,Xu Ji Basalt,JUG,https://static.lolesports.com/players/default-headshot.png,merged,2026-05-01 18:39:18
roger,Roger,xu_ji_basalt,Xu Ji Basalt,MID,https://static.lolesports.com/players/default-headshot.png,merged,2026-05-01 18:39:18
x1aochiao,X1aoCHiao,xu_ji_basalt,Xu Ji Basalt,BOT,https://static.lolesports.com/players/default-headshot.png,merged,2026-05-01 18:39:18
acheron,Acheron,xu_ji_basalt,Xu Ji Basalt,SUP,https://static.lolesports.com/players/default-headshot.png,merged,2026-05-01 18:39:18
sylus,Sylus,xu_ji_basalt,Xu Ji Basalt,SUP,https://static.lolesports.com/players/default-headshot.png,merged,2026-05-01 18:39:18
zartheit1,Zartheit1,viper_night_raider,Viper Night Raider,TOP,https://static.lolesports.com/players/default-headshot.png,merged,2026-05-01 18:39:18
anks,ANKS,viper_night_raider,Viper Night Raider,JUG,https://static.lolesports.com/players/default-headshot.png,merged,2026-05-01 18:39:18
maddogg9,MadDogg9,viper_night_raider,Viper Night Raider,BOT,https://static.lolesports.com/players/default-headshot.png,merged,2026-05-01 18:39:18
keres,Keres,viper_night_raider,Viper Night Raider,SUP,https://static.lolesports.com/players/1687500575896_BYGKeres.png,merged,2026-05-01 18:39:18
masuhana,Masuhana,viper_night_raider,Viper Night Raider,TOP,https://static.lolesports.com/players/default-headshot.png,merged,2026-05-01 18:39:18
listo,Listo,viper_night_raider,Viper Night Raider,JUG,https://static.lolesports.com/players/download.png,merged,2026-05-01 18:39:18
sorrymbggff,Sorrymbggff,one_round_specialists,One Round Specialists,TOP,https://static.lolesports.com/players/default-headshot.png,merged,2026-05-01 18:39:18
liang,Liang,one_round_specialists,One Round Specialists,NONE,https://static.lolesports.com/players/default-headshot.png,merged,2026-05-01 18:39:18
k_b,K B,one_round_specialists,One Round Specialists,MID,https://static.lolesports.com/players/default-headshot.png,merged,2026-05-01 18:39:18
micinb,Micinb,one_round_specialists,One Round Specialists,BOT,https://static.lolesports.com/players/default-headshot.png,merged,2026-05-01 18:39:18
redamntion,RedamnTion,one_round_specialists,One Round Specialists,SUP,https://static.lolesports.com/players/default-headshot.png,merged,2026-05-01 18:39:18
foreverlim,ForeverLim,one_round_specialists,One Round Specialists,SUP,https://static.lolesports.com/players/default-headshot.png,merged,2026-05-01 18:39:18
ner4,ner4,one_round_specialists,One Round Specialists,JUG,https://static.lolesports.com/players/default-headshot.png,merged,2026-05-01 18:39:18
cedric,Cedric,shadow_keepers_esports,Shadow Keepers Esports,JUG,https://static.lolesports.com/players/default-headshot.png,merged,2026-05-01 18:39:18
1116,1116,shadow_keepers_esports,Shadow Keepers Esports,MID,https://static.lolesports.com/players/1705751335855_BYG1116.png,merged,2026-05-01 18:39:18
prage,Prage,shadow_keepers_esports,Shadow Keepers Esports,BOT,https://static.lolesports.com/players/1705751150159_HPSPrage.png,merged,2026-05-01 18:39:18
ashlomailma,Ashlomailma,shadow_keepers_esports,Shadow Keepers Esports,SUP,https://static.lolesports.com/players/default-headshot.png,merged,2026-05-01 18:39:18
jinbeom,Jinbeom,t1,T1,BOT,https://static.lolesports.com/players/default-headshot.png,merged,2026-05-01 18:39:18
cloud,Cloud,t1,T1,SUP,https://static.lolesports.com/players/1769083077918_image6144.png,merged,2026-05-01 18:39:18
painter,Painter,t1,T1,JUG,https://static.lolesports.com/players/1769084021546_image6-2026-01-22T131032.591.png,merged,2026-05-01 18:39:18
cypher,Cypher,t1,T1,BOT,https://static.lolesports.com/players/1769083165855_image6-2026-01-22T125855.379.png,merged,2026-05-01 18:39:18
guardian,Guardian,t1,T1,TOP,https://static.lolesports.com/players/1769083424311_image6-2026-01-22T130312.532.png,merged,2026-05-01 18:39:18
peyz,Peyz,t1,T1,BOT,https://static.lolesports.com/players/1769087491906_LCK_T1_Peyz_F.PNG,merged,2026-05-01 18:39:18
haetae,Haetae,t1,T1,TOP,https://static.lolesports.com/players/1769083792191_image6-2026-01-22T130909.603.png,merged,2026-05-01 18:39:18
guti,Guti,t1,T1,MID,https://static.lolesports.com/players/1769083583495_image6-2026-01-22T130511.010.png,merged,2026-05-01 18:39:18
vladi,Vladi,fnatic,Fnatic,MID,https://static.lolesports.com/players/1774652694212_vladi.png,merged,2026-05-01 18:39:18
lospa,Lospa,fnatic,Fnatic,SUP,https://static.lolesports.com/players/1774652050575_lospa.png,merged,2026-05-01 18:39:18
empyros,Empyros,fnatic,Fnatic,TOP,https://static.lolesports.com/players/1774651449505_empyros.png,merged,2026-05-01 18:39:18
apa,APA,cloud9_kia,Cloud9 Kia,MID,https://static.lolesports.com/players/1769149345623_AME_LCS26S1_C9_APA.png,merged,2026-05-01 18:39:18
zven,Zven,cloud9_kia,Cloud9 Kia,BOT,https://static.lolesports.com/players/1769149577599_AME_LCS26S1_C9_ZVEN.png,merged,2026-05-01 18:39:18
vulcan,Vulcan,cloud9_kia,Cloud9 Kia,SUP,https://static.lolesports.com/players/1769149513772_AME_LCS26S1_C9_VULCAN.png,merged,2026-05-01 18:39:18
blaber,Blaber,cloud9_kia,Cloud9 Kia,JUG,https://static.lolesports.com/players/1769149391904_AME_LCS26S1_C9_BLABER.png,merged,2026-05-01 18:39:18
thanatos,Thanatos,cloud9_kia,Cloud9 Kia,TOP,https://static.lolesports.com/players/1769149468221_AME_LCS26S1_C9_THANATOS.png,merged,2026-05-01 18:39:18
zdz,Zdz,edward_gaming,EDWARD GAMING,TOP,https://static.lolesports.com/players/1772232892468_zdz-Photoroom.png,merged,2026-05-01 18:39:18
xiaohao,Xiaohao,edward_gaming,EDWARD GAMING,JUG,https://static.lolesports.com/players/1768349300073_xiaohao.png,merged,2026-05-01 18:39:18
angel,Angel,edward_gaming,EDWARD GAMING,MID,https://static.lolesports.com/players/1768347791801_angel.png,merged,2026-05-01 18:39:18
parukia,Parukia,edward_gaming,EDWARD GAMING,SUP,https://static.lolesports.com/players/1768348863818_parukia.png,merged,2026-05-01 18:39:18
leave,Leave,edward_gaming,EDWARD GAMING,BOT,https://static.lolesports.com/players/1772232334521_leave-Photoroom.png,merged,2026-05-01 18:39:18
jwei,Jwei,edward_gaming,EDWARD GAMING,SUP,https://static.lolesports.com/players/1768348478468_jwei.png,merged,2026-05-01 18:39:18
dorian,Dorian,xi_an_team_we,Xi'an Team WE,SUP,https://static.lolesports.com/players/1775225398026_dorian.png,merged,2026-05-01 18:39:18
tyrion,Tyrion,xi_an_team_we,Xi'an Team WE,JUG,https://static.lolesports.com/players/default-headshot.png,merged,2026-05-01 18:39:18
erha,Erha,xi_an_team_we,Xi'an Team WE,SUP,https://static.lolesports.com/players/1775225577413_erha.png,merged,2026-05-01 18:39:18
monki,Monki,xi_an_team_we,Xi'an Team WE,JUG,https://static.lolesports.com/players/1768348759598_monki.png,merged,2026-05-01 18:39:18
cube,Cube,xi_an_team_we,Xi'an Team WE,TOP,https://static.lolesports.com/players/1768347927566_cube.png,merged,2026-05-01 18:39:18
about,About,xi_an_team_we,Xi'an Team WE,BOT,https://static.lolesports.com/players/1768347747815_about.png,merged,2026-05-01 18:39:18
karis,Karis,xi_an_team_we,Xi'an Team WE,MID,https://static.lolesports.com/players/1768348517805_karis.png,merged,2026-05-01 18:39:18
lele,Lele,royal_never_give_up,Royal Never Give Up,SUP,https://static.lolesports.com/players/silhouette.png,merged,2026-05-01 18:39:18
tangyuan,Tangyuan,royal_never_give_up,Royal Never Give Up,MID,https://static.lolesports.com/players/1768349168321_tangyuan.png,merged,2026-05-01 18:39:18
rodrigo,Rodrigo,g2_esports,G2 Esports,NONE,https://static.lolesports.com/players/default-headshot.png,merged,2026-05-01 18:39:18
summit,Summit,movistar_r7,Movistar R7,TOP,https://static.lolesports.com/players/1745996322736_templkatka21heads.png,merged,2026-05-01 18:39:18
nothing,Nothing,movistar_r7,Movistar R7,NONE,https://static.lolesports.com/players/1718125814382_Nothing.png,merged,2026-05-01 18:39:18
gloryy,Gloryy,gam_esports,GAM Esports,MID,https://static.lolesports.com/players/default-headshot.png,merged,2026-05-01 18:39:18
aress,Aress,gam_esports,GAM Esports,MID,https://static.lolesports.com/players/1769231411774_Aress.png,merged,2026-05-01 18:39:18
artemis,Artemis,gam_esports,GAM Esports,BOT,https://static.lolesports.com/players/1769231486961_Artemis.png,merged,2026-05-01 18:39:18
draktharr,Draktharr,gam_esports,GAM Esports,JUG,https://static.lolesports.com/players/1769231353199_Draktharr.png,merged,2026-05-01 18:39:18
kiaya,Kiaya,gam_esports,GAM Esports,TOP,https://static.lolesports.com/players/1769231292377_Kiaya.png,merged,2026-05-01 18:39:18
photon,Photon,dignitas,Dignitas,TOP,https://static.lolesports.com/players/1769149727754_AME_LCS26S1_DIG_PHOTON.png,merged,2026-05-01 18:39:18
exyu,eXyu,dignitas,Dignitas,JUG,https://static.lolesports.com/players/1769149626619_AME_LCS26S1_DIG_EXYU.png,merged,2026-05-01 18:39:18
palafox,Palafox,dignitas,Dignitas,MID,https://static.lolesports.com/players/1769149668465_AME_LCS26S1_DIG_PALAFOX.png,merged,2026-05-01 18:39:18
ignar,IgNar,dignitas,Dignitas,SUP,https://static.lolesports.com/players/1705026333045_ignar.png,merged,2026-05-01 18:39:18
josedeodo,Josedeodo,team_liquid_alienware,Team Liquid Alienware,JUG,https://static.lolesports.com/players/1769150518581_AME_LCS26S1_TL_JOSEDEODO.png,merged,2026-05-01 18:39:18
morgan,Morgan,team_liquid_alienware,Team Liquid Alienware,TOP,https://static.lolesports.com/players/1769752562927_morgan.png,merged,2026-05-01 18:39:18
yeon,Yeon,team_liquid_alienware,Team Liquid Alienware,BOT,https://static.lolesports.com/players/1769150607307_AME_LCS26S1_TL_YEON.png,merged,2026-05-01 18:39:18
corejj,CoreJJ,team_liquid_alienware,Team Liquid Alienware,SUP,https://static.lolesports.com/players/1769150483053_AME_LCS26S1_TL_COREJJ.png,merged,2026-05-01 18:39:18
gryffinn,Gryffinn,flyquest,FlyQuest,JUG,https://static.lolesports.com/players/1769149987501_AME_LCS26S1_FLY_GRYFFINN.png,merged,2026-05-01 18:39:18
cryogen,Cryogen,flyquest,FlyQuest,SUP,https://static.lolesports.com/players/1769149918320_AME_LCS26S1_FLY_CRYOGEN.png,merged,2026-05-01 18:39:18
gakgos,Gakgos,flyquest,FlyQuest,TOP,https://static.lolesports.com/players/1769149952615_AME_LCS26S1_FLY_GAKGOS.png,merged,2026-05-01 18:39:18
fleshy,Fleshy,team_vitality,Team Vitality,SUP,https://static.lolesports.com/players/1774651476897_fleshy.png,merged,2026-05-01 18:39:18
naak_nako,Naak Nako,team_vitality,Team Vitality,TOP,https://static.lolesports.com/players/1774652368701_naaknako.png,merged,2026-05-01 18:39:18
lyncas,Lyncas,team_vitality,Team Vitality,JUG,https://static.lolesports.com/players/1774652185682_lyncas.png,merged,2026-05-01 18:39:18
carzzy,Carzzy,team_vitality,Team Vitality,BOT,https://static.lolesports.com/players/1774651395852_carzzy.png,merged,2026-05-01 18:39:18
humanoid,Humanoid,team_vitality,Team Vitality,MID,https://static.lolesports.com/players/1774651500920_humanoid.png,merged,2026-05-01 18:39:18
lukezy,Lukezy,team_vitality,Team Vitality,NONE,https://static.lolesports.com/players/download.png,merged,2026-05-01 18:39:18
aiming,Aiming,kt_rolster,kt Rolster,BOT,https://static.lolesports.com/players/1769088886678_LCK_KT_Aiming_F.PNG,merged,2026-05-01 18:39:18
ghost,Ghost,kt_rolster,kt Rolster,SUP,https://static.lolesports.com/players/1769088899654_LCK_KT_Ghost_F.PNG,merged,2026-05-01 18:39:18
pollu,Pollu,kt_rolster,kt Rolster,SUP,https://static.lolesports.com/players/1769088909540_LCK_KT_Pollu_F.png,merged,2026-05-01 18:39:18
sylvie,Sylvie,kt_rolster,kt Rolster,JUG,https://static.lolesports.com/players/1769085457796_image6-2026-01-22T133710.328.png,merged,2026-05-01 18:39:18
effort,Effort,kt_rolster,kt Rolster,SUP,https://static.lolesports.com/players/1769085556949_image6-2026-01-22T133848.159.png,merged,2026-05-01 18:39:18
hwichan,Hwichan,kt_rolster,kt Rolster,MID,https://static.lolesports.com/players/1769085699169_image6-2026-01-22T134118.726.png,merged,2026-05-01 18:39:18
fenrir,FenRir,kt_rolster,kt Rolster,BOT,https://static.lolesports.com/players/1769085625159_image6-2026-01-22T133959.277.png,merged,2026-05-01 18:39:18
sero,Sero,kt_rolster,kt Rolster,TOP,https://static.lolesports.com/players/1769085767741_image6-2026-01-22T134220.704.png,merged,2026-05-01 18:39:18
quantum,Quantum,dn_soopers,DN SOOPers,SUP,https://static.lolesports.com/players/1769088918397_image6-2026-01-22T143449.651.png,merged,2026-05-01 18:39:18
lancer,Lancer,dn_soopers,DN SOOPers,TOP,https://static.lolesports.com/players/1769088987064_image6-2026-01-22T143604.524.png,merged,2026-05-01 18:39:18
dudu,DuDu,dn_soopers,DN SOOPers,TOP,https://static.lolesports.com/players/1769090757762_LCK_DNS_DuDu_F.PNG,merged,2026-05-01 18:39:18
ddoiv,DDoiV,dn_soopers,DN SOOPers,JUG,https://static.lolesports.com/players/1769089231683_image6-2026-01-22T143929.578.png,merged,2026-05-01 18:39:18
life,Life,dn_soopers,DN SOOPers,SUP,https://static.lolesports.com/players/1769090753765_LCK_DNS_Life_F.PNG,merged,2026-05-01 18:39:18
pyosik,Pyosik,dn_soopers,DN SOOPers,JUG,https://static.lolesports.com/players/1769090766931_LCK_DNS_Pyosik_F.png,merged,2026-05-01 18:39:18
clozer,Clozer,dn_soopers,DN SOOPers,MID,https://static.lolesports.com/players/1769090740623_LCK_DNS_Clozer_F.PNG,merged,2026-05-01 18:39:18
enosh,Enosh,dn_soopers,DN SOOPers,BOT,https://static.lolesports.com/players/1769089101112_image6-2026-01-22T143756.610.png,merged,2026-05-01 18:39:18
flip,Flip,dn_soopers,DN SOOPers,MID,https://static.lolesports.com/players/1769089040652_image6-2026-01-22T143659.183.png,merged,2026-05-01 18:39:18
vincenzo,Vincenzo,kiwoom_drx,KIWOOM DRX,JUG,https://static.lolesports.com/players/1769090502630_LCK_DRX_Vincenzo_F.PNG,merged,2026-05-01 18:39:18
willer,Willer,kiwoom_drx,KIWOOM DRX,JUG,https://static.lolesports.com/players/1769090507756_LCK_DRX_Willer_F.PNG,merged,2026-05-01 18:39:18
minous,Minous,kiwoom_drx,KIWOOM DRX,SUP,https://static.lolesports.com/players/1769088440171_image6-2026-01-22T142652.779.png,merged,2026-05-01 18:39:18
winner,Winner,kiwoom_drx,KIWOOM DRX,JUG,https://static.lolesports.com/players/1769088522766_image6-2026-01-22T142810.865.png,merged,2026-05-01 18:39:18
jiwoo,Jiwoo,kiwoom_drx,KIWOOM DRX,BOT,https://static.lolesports.com/players/1769090488607_LCK_DRX_Jiwoo_F.PNG,merged,2026-05-01 18:39:18
frog,Frog,kiwoom_drx,KIWOOM DRX,TOP,https://static.lolesports.com/players/1769088684062_image6-2026-01-22T143101.541.png,merged,2026-05-01 18:39:18
akaje,AKaJe,kiwoom_drx,KIWOOM DRX,MID,https://static.lolesports.com/players/1769088738370_image6-2026-01-22T143158.433.png,merged,2026-05-01 18:39:18
rich,Rich,kiwoom_drx,KIWOOM DRX,TOP,https://static.lolesports.com/players/1769090493039_LCK_DRX_Rich_F.PNG,merged,2026-05-01 18:39:18
ucal,Ucal,kiwoom_drx,KIWOOM DRX,MID,https://static.lolesports.com/players/1769090497876_LCK_DRX_Ucal_F.PNG,merged,2026-05-01 18:39:18
andil,Andil,kiwoom_drx,KIWOOM DRX,SUP,https://static.lolesports.com/players/1769090483396_LCK_DRX_Andil_F.PNG,merged,2026-05-01 18:39:18
lazyfeel,LazyFeel,kiwoom_drx,KIWOOM DRX,BOT,https://static.lolesports.com/players/1769088600339_image6-2026-01-22T142919.845.png,merged,2026-05-01 18:39:18
moham,Moham,oh_my_god,Oh My God,SUP,https://static.lolesports.com/players/1768348738615_moham.png,merged,2026-05-01 18:39:18
photic,Photic,oh_my_god,Oh My God,BOT,https://static.lolesports.com/players/1768348885435_photic.png,merged,2026-05-01 18:39:18
juhan,Juhan,oh_my_god,Oh My God,JUG,https://static.lolesports.com/players/1768348418681_juhan.png,merged,2026-05-01 18:39:18
haichao,haichao,oh_my_god,Oh My God,MID,https://static.lolesports.com/players/1768348163781_haichao.png,merged,2026-05-01 18:39:18
re0,re0,oh_my_god,Oh My God,JUG,https://static.lolesports.com/players/1768348909352_re0.png,merged,2026-05-01 18:39:18
starry,Starry,oh_my_god,Oh My God,BOT,https://static.lolesports.com/players/1768349148844_starry.png,merged,2026-05-01 18:39:18
hery,Hery,oh_my_god,Oh My God,TOP,https://static.lolesports.com/players/1768348254609_hery.png,merged,2026-05-01 18:39:18
ycx,Ycx,lgd_gaming,LGD GAMING,SUP,https://static.lolesports.com/players/1768349425414_ycx.png,merged,2026-05-01 18:39:18
heng,Heng,lgd_gaming,LGD GAMING,JUG,https://static.lolesports.com/players/1768348231639_heng.png,merged,2026-05-01 18:39:18
shaoye,Shaoye,lgd_gaming,LGD GAMING,BOT,https://static.lolesports.com/players/1772232629920_shaoye.png,merged,2026-05-01 18:39:18
burdol,Burdol,lgd_gaming,LGD GAMING,TOP,https://static.lolesports.com/players/1775225525681_burdol.png,merged,2026-05-01 18:39:18
breathe,Breathe,invictus_gaming,Invictus Gaming,TOP,https://static.lolesports.com/players/1775225499864_breathe.png,merged,2026-05-01 18:39:18
jiaqi,JiaQi,invictus_gaming,Invictus Gaming,BOT,https://static.lolesports.com/players/1775225631369_jiaqi.png,merged,2026-05-01 18:39:18
soboro,Soboro,invictus_gaming,Invictus Gaming,TOP,https://static.lolesports.com/players/1775225869529_soboro.png,merged,2026-05-01 18:39:18
renard,Renard,invictus_gaming,Invictus Gaming,MID,https://static.lolesports.com/players/1775225756049_renard.png,merged,2026-05-01 18:39:18
rookie,Rookie,invictus_gaming,Invictus Gaming,MID,https://static.lolesports.com/players/1775225799612_rookie.png,merged,2026-05-01 18:39:18
meiko,Meiko,invictus_gaming,Invictus Gaming,SUP,https://static.lolesports.com/players/1775225723214_meiko.png,merged,2026-05-01 18:39:18
wei,Wei,invictus_gaming,Invictus Gaming,JUG,https://static.lolesports.com/players/1775225991291_wei.png,merged,2026-05-01 18:39:18
missing,MISSING,suzhou_lng_esports,Suzhou LNG Esports,SUP,https://static.lolesports.com/players/1768348695392_missing.png,merged,2026-05-01 18:39:18
1xn,1xn,suzhou_lng_esports,Suzhou LNG Esports,BOT,https://static.lolesports.com/players/1768347726528_1xn.png,merged,2026-05-01 18:39:18
sheer,sheer,suzhou_lng_esports,Suzhou LNG Esports,TOP,https://static.lolesports.com/players/1768349102228_sheer.png,merged,2026-05-01 18:39:18
croco,Croco,suzhou_lng_esports,Suzhou LNG Esports,JUG,https://static.lolesports.com/players/1768347904257_croco.png,merged,2026-05-01 18:39:18
bulldog,BuLLDoG,suzhou_lng_esports,Suzhou LNG Esports,MID,https://static.lolesports.com/players/1768347844999_bulldog.png,merged,2026-05-01 18:39:18
gala,GALA,beijing_jdg_esports,Beijing JDG Esports,BOT,https://static.lolesports.com/players/1768348104959_gala.png,merged,2026-05-01 18:39:18
vampire,Vampire,beijing_jdg_esports,Beijing JDG Esports,SUP,https://static.lolesports.com/players/1768349226496_vampire.png,merged,2026-05-01 18:39:18
xiaoxu,Xiaoxu,beijing_jdg_esports,Beijing JDG Esports,TOP,https://static.lolesports.com/players/1772232812105_xiaoxu.png,merged,2026-05-01 18:39:18
xiaohu,Xiaohu,weibogaming,WeiboGaming,MID,https://static.lolesports.com/players/1768349320124_xiaohu.png,merged,2026-05-01 18:39:18
jiejie,Jiejie,weibogaming,WeiboGaming,JUG,https://static.lolesports.com/players/1772229587324_jiejie.png,merged,2026-05-01 18:39:18
zika,Zika,weibogaming,WeiboGaming,TOP,https://static.lolesports.com/players/1768349506258_zika.png,merged,2026-05-01 18:39:18
xun,Xun,bilibili_gaming,BILIBILI GAMING,JUG,https://static.lolesports.com/players/1768349380095_xun.png,merged,2026-05-01 18:39:18
tian,Tian,top_esports,TOP ESPORTS,JUG,https://static.lolesports.com/players/1775225951328_tian.png,merged,2026-05-01 18:39:18
zuian,ZUIAN,top_esports,TOP ESPORTS,TOP,https://static.lolesports.com/players/1775226028458_zuian.png,merged,2026-05-01 18:39:18
fengyue,fengyue,top_esports,TOP ESPORTS,SUP,https://static.lolesports.com/players/1768348013713_fengyue.png,merged,2026-05-01 18:39:18
saint,Saint,lyon,LYON,MID,https://static.lolesports.com/players/1769150214608_AME_LCS26S1_LYON_SAINT.png,merged,2026-05-01 18:39:18
berserker,Berserker,lyon,LYON,BOT,https://static.lolesports.com/players/1769752644164_berserker.png,merged,2026-05-01 18:39:18
isles,Isles,lyon,LYON,SUP,https://static.lolesports.com/players/1769150180651_AME_LCS26S1_LYON_ISLES.png,merged,2026-05-01 18:39:18
enso,Enso,j_team,J Team,SUP,https://static.lolesports.com/players/1705750582938_JTEnso.png,merged,2026-05-01 18:39:18
minji,minji,j_team,J Team,MID,https://static.lolesports.com/players/1705750544685_JTMinji.png,merged,2026-05-01 18:39:18
socool,SoCool,j_team,J Team,JUG,https://static.lolesports.com/players/1705750602423_JTSoCool.png,merged,2026-05-01 18:39:18
yursan,Yursan,j_team,J Team,SUP,https://static.lolesports.com/players/1645008362538_TSM_YURSAN_JERSEY_512x512.png,merged,2026-05-01 18:39:18
likai,Likai,j_team,J Team,TOP,https://static.lolesports.com/players/1687500449396_BYGLIKAI.png,merged,2026-05-01 18:39:18
lauva,Lauva,j_team,J Team,JUG,https://static.lolesports.com/players/1687503389228_JTLauva.png,merged,2026-05-01 18:39:18
kongyue,Kongyue,j_team,J Team,JUG,https://static.lolesports.com/players/1705750526427_JTKongyue.png,merged,2026-05-01 18:39:18
eradan,Eradan,intz,INTZ,TOP,https://static.lolesports.com/players/1686346730258_Eradan.png,merged,2026-05-01 18:39:18
kiari,Kiari,intz,INTZ,TOP,https://static.lolesports.com/players/1717077886669_Kiari.png,merged,2026-05-01 18:39:18
stiner,StineR,intz,INTZ,JUG,https://static.lolesports.com/players/default-headshot.png,merged,2026-05-01 18:39:18
leleko,Leleko,intz,INTZ,MID,https://static.lolesports.com/players/1717081511581_Leleko.png,merged,2026-05-01 18:39:18
scuro,scuro,intz,INTZ,BOT,https://static.lolesports.com/players/1717433112441_Scuro.png,merged,2026-05-01 18:39:18
konseki,konseki,intz,INTZ,SUP,https://static.lolesports.com/players/1717435288882_Konseki.png,merged,2026-05-01 18:39:18
samkz,Samkz,pain_gaming,paiN Gaming,JUG,https://static.lolesports.com/players/1774567150246_samkz.png,merged,2026-05-01 18:39:18
namiru,Namiru,pain_gaming,paiN Gaming,MID,https://static.lolesports.com/players/1717432498685_Namiru.png,merged,2026-05-01 18:39:18
keine,Keine,pain_gaming,paiN Gaming,MID,https://static.lolesports.com/players/1774567176195_keine.png,merged,2026-05-01 18:39:18
cariok,CarioK,pain_gaming,paiN Gaming,JUG,https://static.lolesports.com/players/1768656321951_cariok.png,merged,2026-05-01 18:39:18
levizin,Levizin,pain_gaming,paiN Gaming,JUG,https://static.lolesports.com/players/1717434156811_Levi.png,merged,2026-05-01 18:39:18
kuri,Kuri,pain_gaming,paiN Gaming,SUP,https://static.lolesports.com/players/1768656440194_kuri.png,merged,2026-05-01 18:39:18
robo,Robo,pain_gaming,paiN Gaming,TOP,https://static.lolesports.com/players/1768656358736_robo.png,merged,2026-05-01 18:39:18
trigger,Trigger,pain_gaming,paiN Gaming,BOT,https://static.lolesports.com/players/1769624889712_trigger.png,merged,2026-05-01 18:39:18
sarolu,sarolu,vivo_keyd_stars,Vivo Keyd Stars,JUG,https://static.lolesports.com/players/1754037575571_sarolu.png,merged,2026-05-01 18:39:18
qats,Qats,vivo_keyd_stars,Vivo Keyd Stars,MID,https://static.lolesports.com/players/1754037546970_qats.png,merged,2026-05-01 18:39:18
scamber,scamber,vivo_keyd_stars,Vivo Keyd Stars,SUP,https://static.lolesports.com/players/1754037601928_scamber.png,merged,2026-05-01 18:39:18
wizer,Wizer,vivo_keyd_stars,Vivo Keyd Stars,TOP,https://static.lolesports.com/players/1774567083276_wizer.png,merged,2026-05-01 18:39:18
ceo,ceo,vivo_keyd_stars,Vivo Keyd Stars,NONE,https://static.lolesports.com/players/1774567127425_ceo.png,merged,2026-05-01 18:39:18
buero,BUERO,vivo_keyd_stars,Vivo Keyd Stars,BOT,https://static.lolesports.com/players/default-headshot.png,merged,2026-05-01 18:39:18
zekas,zekas,vivo_keyd_stars,Vivo Keyd Stars,TOP,https://static.lolesports.com/players/1717437613824_Zekas.png,merged,2026-05-01 18:39:18
rabelo,Rabelo,red_canids_kalunga,RED Canids Kalunga,BOT,https://static.lolesports.com/players/1774567262249_rabelo.png,merged,2026-05-01 18:39:18
zynts,zynts,red_canids_kalunga,RED Canids Kalunga,TOP,https://static.lolesports.com/players/1717437332679_Zynts.png,merged,2026-05-01 18:39:18
stepz,STEPZ,red_canids_kalunga,RED Canids Kalunga,JUG,https://static.lolesports.com/players/1774567213313_stepz.png,merged,2026-05-01 18:39:18
fuuu,Fuuu,red_canids_kalunga,RED Canids Kalunga,MID,https://static.lolesports.com/players/1753346355958_image6514.png,merged,2026-05-01 18:39:18
frosty,frosty,red_canids_kalunga,RED Canids Kalunga,SUP,https://static.lolesports.com/players/1774567284350_frosty.png,merged,2026-05-01 18:39:18
kaze,Kaze,red_canids_kalunga,RED Canids Kalunga,MID,https://static.lolesports.com/players/1774567237555_kaze.png,merged,2026-05-01 18:39:18
guizzy,Guizzy,red_canids_kalunga,RED Canids Kalunga,JUG,https://static.lolesports.com/players/default-headshot.png,merged,2026-05-01 18:39:18
jmz,jmz,red_canids_kalunga,RED Canids Kalunga,TOP,https://static.lolesports.com/players/1717435024791_Jmz.png,merged,2026-05-01 18:39:18
skb,SkB,liberty,Liberty,TOP,https://static.lolesports.com/players/1717434233327_Skb.png,merged,2026-05-01 18:39:18
carlins,carlins,liberty,Liberty,MID,https://static.lolesports.com/players/1705673337506_Silhueta1.png,merged,2026-05-01 18:39:18
kina,Kina,liberty,Liberty,MID,https://static.lolesports.com/players/1717434473789_Kina.png,merged,2026-05-01 18:39:18
leandrinn,Leandrinn,liberty,Liberty,BOT,https://static.lolesports.com/players/1717434278402_Leandrinn.png,merged,2026-05-01 18:39:18
eryon,Eryon,liberty,Liberty,BOT,https://static.lolesports.com/players/download.png,merged,2026-05-01 18:39:18
nia,Nia,infinity,INFINITY,NONE,https://static.lolesports.com/players/1686346327698_Nia.png,merged,2026-05-01 18:39:18
fatorix,Fatorix,infinity,INFINITY,BOT,https://static.lolesports.com/players/1654804023665_EMP.png,merged,2026-05-01 18:39:18
